"plot_number","Plant","start_date","start_time","end_date","end_time","dead","height","gopher"
1,"ENCA",2020-01-17,0,2020-06-05,140,0,46.1,0
2,"CEOL",2020-01-17,0,2020-06-05,140,0,25.6,0
3,"ENCA",2020-01-17,0,2020-06-05,140,0,23,0
4,"ENCA",2020-01-17,0,2020-06-05,140,0,15,0
5,"CEOL",2020-03-27,0,2020-06-05,70,0,5.6,0
6,"HEWH",2020-01-17,0,2020-06-05,140,1,17,0
7,"SAME",2020-02-20,0,2020-06-05,106,0,20.2,0
8,"SANI",2020-02-13,0,2020-06-05,113,1,9.5,0
9,"SANI",2020-02-13,0,2020-06-05,113,1,21.5,0
10,"RHOV",2020-01-17,0,2020-06-05,140,0,9.5,0
11,"SANI",2020-02-13,0,2020-06-05,113,1,14.7,0
12,"CEOL",2020-01-17,0,2020-06-05,140,1,15,0
13,"HEWH",2020-01-17,0,2020-06-05,140,0,23,0
14,"HEWH",2020-01-17,0,2020-06-05,140,0,17,0
15,"CEOL",2020-01-17,0,2020-06-05,140,0,27,0
16,"SANI",2020-02-13,0,2020-06-05,113,1,9.8,0
17,"SAAP",2020-02-13,0,2020-06-05,113,0,12.9,0
18,"SAME",2020-02-20,0,2020-06-05,106,0,10.3,0
19,"ENCA",2020-01-17,0,2020-06-05,140,0,29.5,0
20,"MALA",2020-02-13,0,2020-06-05,113,1,32.8,0
21,"SAAP",2020-02-13,0,2020-06-05,113,0,19.4,0
22,"CEOL",2020-01-17,0,2020-06-05,140,1,25,0
23,"ENCA",2020-01-17,0,2020-06-05,140,0,33,0
24,"HEWH",2020-01-17,0,2020-06-05,140,0,16,0
25,"CEOL",2020-01-17,0,2020-06-05,140,1,29.5,0
26,"ENCA",2020-03-19,0,2020-06-05,78,0,51.1,0
27,"SAME",2020-02-20,0,2020-06-05,106,0,20.25,0
28,"SAME",2020-02-20,0,2020-06-05,106,1,8.5,0
29,"SANI",2020-02-14,0,2020-06-05,112,0,9,0
30,"SAME",2020-02-20,0,2020-06-05,106,1,20.25,0
31,"CEOL",2020-01-25,0,2020-06-05,132,0,37.6,0
32,"SANI",2020-02-13,0,2020-06-05,113,1,31.5,0
33,"MALA",2020-02-13,0,2020-06-05,113,1,45,0
34,"ADFA",2020-01-21,0,2020-06-05,136,0,50.5,0
35,"ADFA",2020-01-21,0,2020-06-05,136,0,30.8,0
37,"MALA",2020-02-13,0,2020-06-05,113,0,42.25,0
38,"HEWH",2020-01-18,0,2020-06-05,139,0,18.4,0
39,"CEOL",2020-03-27,0,2020-06-05,70,1,8.6,0
40,"CEOL",2020-01-25,0,2020-06-05,132,0,25.5,0
41,"CEOL",2020-01-25,0,2020-06-05,132,0,31,0
42,"HEWH",2020-01-18,0,2020-06-05,139,0,30,0
43,"ENCA",2020-01-18,0,2020-06-05,139,0,39,0
44,"ENCA",2020-01-18,0,2020-06-05,139,0,22,0
45,"ENCA",2020-01-18,0,2020-06-05,139,0,33,0
46,"HEWH",2020-01-18,0,2020-06-05,139,1,18,0
47,"SAME",2020-02-20,0,2020-06-05,106,1,14.25,0
48,"RHOV",2020-01-18,0,2020-06-05,139,0,13,0
49,"HEWH",2020-01-18,0,2020-06-05,139,0,15,0
50,"RHOV",2020-01-18,0,2020-06-05,139,1,12,0
51,"SAAP",2020-02-13,0,2020-06-05,113,0,24.75,0
52,"HEWH",2020-01-18,0,2020-06-05,139,0,18.8,0
53,"ADFA",2020-01-21,0,2020-06-05,136,0,52.5,0
54,"CEOL",2020-01-25,0,2020-06-05,132,0,31.4,0
55,"HEWH",2020-01-18,0,2020-06-05,139,1,18.6,0
56,"HEWH",2020-01-18,0,2020-06-05,139,1,27.5,0
57,"ENCA",2020-01-18,0,2020-06-05,139,0,33.4,0
58,"CEOL",2020-01-25,0,2020-06-05,132,0,18.7,0
59,"MALA",2020-02-13,0,2020-06-05,113,0,40,0
60,"SAAP",2020-02-13,0,2020-06-05,113,1,19.75,0
61,"ENCA",2020-01-18,0,2020-06-05,139,0,41,0
62,"HEWH",2020-01-18,0,2020-06-05,139,1,16,0
63,"HEWH",2020-01-18,0,2020-06-05,139,1,28,0
64,"SANI",2020-02-13,0,2020-06-05,113,0,8,0
65,"CEOL",2020-01-25,0,2020-06-05,132,1,31.3,0
66,"ENCA",2020-03-19,0,2020-06-05,78,1,52.4,0
67,"CEOL",2020-01-25,0,2020-06-05,132,0,40.2,0
68,"HEWH",2020-01-18,0,2020-06-05,139,0,19,0
69,"HEWH",2020-01-18,0,2020-06-05,139,0,20,0
70,"HEWH",2020-01-18,0,2020-06-05,139,1,18,0
71,"SAME",2020-02-20,0,2020-06-05,106,0,12.25,1
72,"MALA",2020-02-14,0,2020-06-05,112,0,30,0
73,"CEOL",2020-01-25,0,2020-06-05,132,1,23.2,0
74,"HEWH",2020-01-21,0,2020-06-05,136,1,20.6,0
75,"RHOV",2020-01-21,0,2020-06-05,136,0,13.2,1
76,"HEWH",2020-01-18,0,2020-06-05,139,0,22.4,0
77,"RHOV",2020-01-18,0,2020-06-05,139,0,19,0
78,"ENCA",2020-01-18,0,2020-06-05,139,0,29.8,0
79,"SAAP",2020-02-13,0,2020-06-05,113,0,18.5,0
80,"MALA",2020-02-13,0,2020-06-05,113,0,36.5,0
81,"SAAP",2020-02-13,0,2020-06-05,113,0,19,0
82,"CEOL",2020-02-20,0,2020-06-05,106,0,19,0
83,"SAAP",2020-02-13,0,2020-06-05,113,0,27.5,0
84,"RHOV",2020-01-21,0,2020-06-05,136,0,10.4,0
85,"CEOL",2020-01-25,0,2020-06-05,132,0,19.5,0
86,"CEOL",2020-02-20,0,2020-06-05,106,0,23.75,0
87,"ENCA",2020-01-21,0,2020-06-05,136,0,19.1,0
88,"SAAP",2020-02-14,0,2020-06-05,112,0,25.75,0
89,"ENCA",2020-01-21,0,2020-06-05,136,1,35.4,0
90,"ADFA",2020-01-21,0,2020-06-05,136,0,41.8,0
91,"RHOV",2020-01-21,0,2020-06-05,136,0,11.3,0
92,"ENCA",2020-01-18,0,2020-06-05,139,0,18,0
93,"HEWH",2020-01-18,0,2020-06-05,139,1,17,0
94,"SAME",2020-02-20,0,2020-06-05,106,1,14.5,0
95,"HEWH",2020-01-21,0,2020-06-05,136,1,14.9,0
96,"SANI",2020-02-13,0,2020-06-05,113,1,25.25,0
97,"SAAP",2020-02-13,0,2020-06-05,113,0,19.25,0
98,"SANI",2020-02-13,0,2020-06-05,113,1,11,0
99,"CEOL",2020-01-25,0,2020-06-05,132,0,22.1,0
100,"SAAP",2020-02-14,0,2020-06-05,112,0,25.75,0
101,"ENCA",2020-01-17,0,2020-06-05,140,1,18,0
102,"SAME",2020-02-20,0,2020-06-05,106,1,8.5,0
103,"ENCA",2020-01-17,0,2020-06-05,140,0,23.6,0
104,"ADFA",2020-01-17,0,2020-06-05,140,0,58.7,0
105,"MALA",2020-02-13,0,2020-06-05,113,0,36.4,0
106,"RHOV",2020-01-17,0,2020-06-05,140,0,10.29,0
107,"MALA",2020-02-13,0,2020-06-05,113,0,33.8,0
108,"ENCA",2020-01-17,0,2020-06-05,140,1,17.6,0
109,"RHOV",2020-01-17,0,2020-06-05,140,0,12.88,0
110,"RHOV",2020-01-17,0,2020-06-05,140,0,11.5,0
111,"SAAP",2020-02-13,0,2020-06-05,113,0,19.3,0
112,"HEWH",2020-01-17,0,2020-06-05,140,0,29.5,0
113,"ADFA",2020-01-17,0,2020-06-05,140,0,38.5,0
114,"CEOL",2020-01-17,0,2020-06-05,140,1,16.203,0
115,"CEOL",2020-01-17,0,2020-06-05,140,0,30,0
116,"ENCA",2020-01-17,0,2020-06-05,140,1,29.5,0
117,"SAME",2020-02-20,0,2020-06-05,106,0,15.3,0
118,"SAAP",2020-02-13,0,2020-06-05,113,0,25.2,0
119,"HEWH",2020-01-17,0,2020-06-05,140,1,15.5,0
120,"ENCA",2020-01-17,0,2020-06-05,140,1,22,0
121,"SAME",2020-02-20,0,2020-06-05,106,1,8.3,0
122,"CEOL",2020-02-13,0,2020-06-05,113,0,30.6,0
123,"SAME",2020-02-20,0,2020-06-05,106,1,10.8,0
124,"RHOV",2020-01-17,0,2020-06-05,140,0,9.5,0
125,"CEOL",2020-01-17,0,2020-06-05,140,0,27.5,0
126,"SANI",2020-02-13,0,2020-06-05,113,1,9.1,0
127,"CEOL",2020-01-17,0,2020-06-05,140,0,14.88,0
128,"ENCA",2020-01-17,0,2020-06-05,140,1,27.5,0
129,"ENCA",2020-01-17,0,2020-06-05,140,0,49,0
130,"RHOV",2020-01-18,0,2020-06-05,139,0,14.6,0
131,"MALA",2020-02-13,0,2020-06-05,113,1,34.6,0
132,"RHOV",2020-01-17,0,2020-06-05,140,0,8.5,0
133,"HEWH",2020-01-17,0,2020-06-05,140,0,28.5,0
134,"ENCA",2020-01-17,0,2020-06-05,140,0,31,0
135,"SAAP",2020-02-13,0,2020-06-05,113,0,25.2,0
136,"ENCA",2020-01-18,0,2020-06-05,139,0,43.2,0
137,"SAAP",2020-02-13,0,2020-06-05,113,0,22.2,0
138,"ADFA",2020-01-21,0,2020-06-05,136,0,72,0
139,"ADFA",2020-01-21,0,2020-06-05,136,0,51,0
140,"SANI",2020-02-14,0,2020-06-05,112,0,14.6,0
141,"HEWH",2020-01-21,0,2020-06-05,136,0,23.5,0
142,"RHOV",2020-01-21,0,2020-06-05,136,0,16,0
143,"ENCA",2020-01-18,0,2020-06-05,139,1,25.6,0
144,"HEWH",2020-01-18,0,2020-06-05,139,1,28.9,0
145,"CEOL",2020-02-14,0,2020-06-05,112,1,21.5,0
146,"CEOL",2020-02-27,0,2020-06-05,99,0,15.9,1
147,"RHOV",2020-01-18,0,2020-06-05,139,0,9.7,0
148,"MALA",2020-02-13,0,2020-06-05,113,1,22.4,0
149,"ENCA",2020-01-18,0,2020-06-05,139,1,33.2,0
150,"MALA",2020-02-13,0,2020-06-05,113,1,33.5,0
151,"ENCA",2020-01-18,0,2020-06-05,139,0,32.5,0
152,"CEOL",2020-01-25,0,2020-06-05,132,0,25.8,0
153,"ENCA",2020-01-18,0,2020-06-05,139,1,25,0
154,"SANI",2020-02-14,0,2020-06-05,112,0,11.1,1
155,"SAAP",2020-02-14,0,2020-06-05,112,0,18.2,0
156,"HEAR",2020-02-27,0,2020-06-05,99,0,21.4,0
157,"CEOL",2020-03-27,0,2020-06-05,70,1,7,0
158,"SAAP",2020-02-14,0,2020-06-05,112,1,15.9,0
159,"ENCA",2020-03-19,0,2020-06-05,78,1,25.2,0
160,"HEWH",2020-02-20,0,2020-06-05,106,0,35.9,0
161,"MALA",2020-02-13,0,2020-06-05,113,1,44,0
162,"HEWH",2020-01-18,0,2020-06-24,158,0,11,0
163,"ADFA",2020-01-21,0,2020-06-05,136,0,70,0
164,"HEWH",2020-01-18,0,2020-06-05,139,0,20.1,0
165,"SANI",2020-02-13,0,2020-06-05,113,1,16.2,0
166,"SAME",2020-02-20,0,2020-06-24,125,0,12.8,0
167,"HEWH",2020-01-18,0,2020-06-24,158,0,29,0
168,"RHOV",2020-01-18,0,2020-06-24,158,0,13.5,0
169,"HEWH",2020-01-21,0,2020-06-24,155,0,25.5,0
171,"RHOV",2020-03-27,0,2020-06-24,89,0,11.7,0
172,"HEWH",2020-01-25,0,2020-06-24,151,1,13.8,0
173,"SAME",2020-02-20,0,2020-06-24,125,1,11.1,0
174,"ADFA",2020-02-04,0,2020-06-24,141,0,58.3,0
175,"HEWH",2020-01-25,0,2020-06-24,151,1,15.3,0
176,"HEWH",2020-01-25,0,2020-06-24,151,0,16.5,0
177,"HEWH",2020-01-21,0,2020-06-24,155,0,24,0
178,"CEOL",2020-01-25,0,2020-06-24,151,0,29.7,1
179,"SANI",2020-02-13,0,2020-06-24,132,1,13.1,0
180,"RHOV",2020-01-18,0,2020-06-24,158,0,8.3,1
181,"HEWH",2020-01-25,0,2020-06-24,151,0,14.3,0
182,"HEWH",2020-01-25,0,2020-06-24,151,0,16.7,0
183,"ADFA",2020-02-04,0,2020-06-24,141,1,46.1,0
184,"RHOV",2020-01-18,0,2020-06-24,158,0,14.1,1
185,"ENCA",2020-01-21,0,2020-06-24,155,0,28.5,0
186,"HEWH",2020-01-21,0,2020-06-24,155,1,17,0
187,"HEWH",2020-01-21,0,2020-06-24,155,0,16,0
188,"HEWH",2020-01-30,0,2020-06-24,146,0,28.6,0
189,"CEOL",2020-03-27,0,2020-06-24,89,1,17.2,0
190,"CEOL",2020-02-05,0,2020-06-24,140,0,31.6,0
191,"ADFA",2020-01-30,0,2020-06-24,146,1,56.2,0
192,"SANI",2020-02-13,0,2020-06-24,132,1,7.2,0
193,"ENCA",2020-01-30,0,2020-06-24,146,1,21.8,0
194,"SANI",2020-02-13,0,2020-06-24,132,0,11.6,0
195,"HEWH",2020-01-25,0,2020-06-24,151,1,15.9,0
196,"HEWH",2020-01-25,0,2020-06-24,151,1,14.1,0
197,"HEWH",2020-01-30,0,2020-06-24,146,0,12,1
198,"ENCA",2020-01-30,0,2020-06-24,146,1,24.3,0
199,"HEWH",2020-01-21,0,2020-06-24,155,0,12.5,0
200,"HEWH",2020-01-25,0,2020-06-24,151,0,13.6,0
201,"SAAP",2020-02-14,0,2020-06-24,131,0,23,1
202,"ENCA",2020-01-21,0,2020-06-24,155,1,17.5,0
203,"ADFA",2020-01-21,0,2020-06-24,155,1,51.5,0
204,"HEWH",2020-01-21,0,2020-06-24,155,1,20.4,0
205,"CEOL",2020-01-25,0,2020-06-24,151,0,32.7,0
206,"SAAP",2020-02-20,0,2020-06-24,125,0,11.9,0
207,"ENCA",2020-01-21,0,2020-06-24,155,1,33.8,0
208,"SAAP",2020-02-14,0,2020-06-24,131,0,18.5,1
209,"HEWH",2020-01-21,0,2020-06-24,155,0,20.3,0
210,"ADFA",2020-01-21,0,2020-06-24,155,0,48.2,0
211,"HEWH",2020-01-21,0,2020-06-24,155,0,9.5,0
212,"CEOL",2020-01-25,0,2020-06-24,151,1,33.7,0
213,"SANI",2020-02-14,0,2020-06-24,131,1,10.25,0
214,"RHOV",2020-01-21,0,2020-06-24,155,1,8.5,0
215,"CEOL",2020-01-25,0,2020-06-24,151,0,21.5,0
216,"RHOV",2020-01-21,0,2020-06-24,155,1,11.8,0
217,"CEOL",2020-01-25,0,2020-06-24,151,1,32.2,0
218,"HEWH",2020-01-21,0,2020-06-24,155,0,15.4,0
219,"RHOV",2020-03-27,0,2020-06-24,89,0,13.1,0
220,"ENCA",2020-01-25,0,2020-06-24,151,0,12.9,0
221,"RHOV",2020-01-21,0,2020-06-24,155,0,11.1,1
222,"SAAP",2020-02-20,0,2020-06-24,125,1,14,0
223,"SAME",2020-02-20,0,2020-06-24,125,1,12,0
224,"CEOL",2020-01-25,0,2020-06-24,151,1,28.7,0
225,"HEWH",2020-01-21,0,2020-06-24,155,1,18,0
226,"ENCA",2020-02-20,0,2020-06-24,125,1,6.25,0
227,"SAAP",2020-02-20,0,2020-06-24,125,0,15,1
228,"CEOL",2020-01-25,0,2020-06-24,151,0,18.4,0
229,"SAME",2020-02-20,0,2020-06-24,125,0,7.5,1
230,"ADFA",2020-02-03,0,2020-06-24,142,1,28.6,0
231,"SAME",2020-02-25,0,2020-06-24,120,1,16.25,0
232,"RHOV",2020-03-27,0,2020-06-24,89,1,15.5,0
233,"HEAR",2020-02-27,0,2020-06-24,118,0,21.7,1
234,"MALA",2020-02-03,0,2020-06-24,142,1,43.2,0
235,"SAME",2020-02-20,0,2020-06-24,125,0,7,1
236,"HEWH",2020-01-21,0,2020-06-24,155,1,13.6,0
237,"CEOL",2020-01-25,0,2020-06-24,151,0,30.6,1
238,"MALA",2020-02-03,0,2020-06-24,142,1,34.2,0
239,"HEWH",2020-01-21,0,2020-06-24,155,1,8,0
240,"ENCA",2020-01-21,0,2020-06-24,155,1,29,0
241,"RHOV",2020-01-21,0,2020-06-24,155,0,14,0
242,"RHOV",2020-01-25,0,2020-06-24,151,0,11.07,0
243,"RHOV",2020-01-25,0,2020-06-24,151,0,9.9,1
244,"RHOV",2020-01-25,0,2020-06-24,151,0,12.8,0
245,"CEOL",2020-02-14,0,2020-06-24,131,1,26.25,0
246,"HEWH",2020-01-21,0,2020-06-24,155,0,19.6,0
247,"CEOL",2020-02-06,0,2020-06-24,139,1,17.1,0
248,"SAME",2020-02-20,0,2020-06-24,125,1,12.75,0
249,"MALA",2020-02-21,0,2020-06-24,124,1,37,0
250,"ENCA",2020-01-25,0,2020-06-24,151,0,27.2,0
251,"ENCA",2020-02-06,0,2020-06-24,139,0,27,0
252,"CEOL",2020-02-06,0,2020-06-24,139,0,26.5,0
253,"RHOV",2020-01-30,0,2020-06-24,146,1,8.012,0
254,"SAME",2020-02-20,0,2020-06-24,125,1,7,0
255,"HEWH",2020-02-20,0,2020-06-24,125,0,18,0
256,"SAME",2020-02-20,0,2020-06-24,125,0,11.25,0
257,"ADFA",2020-02-03,0,2020-06-24,142,0,47.8,0
258,"ENCA",2020-02-06,0,2020-06-24,139,1,43,0
259,"HEWH",2020-02-20,0,2020-06-24,125,0,17.25,0
260,"ADFA",2020-02-03,0,2020-06-24,142,1,55.6,0
261,"CEOL",2020-02-06,0,2020-06-24,139,1,15.4,0
262,"HEWH",2020-02-20,0,2020-06-24,125,1,22,0
263,"SAME",2020-02-20,0,2020-06-24,125,0,9.6,0
264,"CEOL",2020-02-06,0,2020-06-24,139,1,15.9,0
265,"ENCA",2020-01-25,0,2020-06-24,151,1,26.1,0
266,"HEWH",2020-01-30,0,2020-06-24,146,1,21.5,0
267,"SAAP",2020-02-20,0,2020-06-24,125,1,9,0
268,"CEOL",2020-02-14,0,2020-06-24,131,1,27,0
269,"HEWH",2020-02-20,0,2020-06-24,125,1,31.75,0
270,"HEWH",2020-02-20,0,2020-06-24,125,1,25,0
271,"CEOL",2020-02-14,0,2020-06-24,131,0,29.5,0
272,"RHOV",2020-01-30,0,2020-06-24,146,1,10.874,0
273,"SAAP",2020-02-13,0,2020-06-24,132,0,25.2,0
274,"SAAP",2020-02-13,0,2020-06-24,132,0,21.4,0
275,"ENCA",2020-01-30,0,2020-06-24,146,0,14,1
276,"CEOL",2020-02-14,0,2020-06-24,131,1,23.4,0
277,"ENCA",2020-01-30,0,2020-06-24,146,0,15.5,0
278,"ENCA",2020-01-30,0,2020-06-24,146,1,16.5,0
279,"SANI",2020-02-14,0,2020-06-24,131,0,13.1,0
280,"RHOV",2020-03-27,0,2020-06-24,89,0,11.9,0
281,"SANI",2020-02-14,0,2020-06-24,131,1,16.9,0
282,"HEWH",2020-01-30,0,2020-06-24,146,0,27,0
283,"SAAP",2020-02-13,0,2020-06-24,132,0,24.5,0
284,"SANI",2020-02-14,0,2020-06-24,131,0,17,0
285,"ENCA",2020-02-27,0,2020-06-24,118,0,49.5,0
286,"HEWH",2020-01-30,0,2020-06-24,146,0,16.5,0
287,"MALA",2020-02-14,0,2020-06-24,131,0,25.6,0
288,"CEOL",2020-02-14,0,2020-06-24,131,0,16,0
289,"RHOV",2020-02-06,0,2020-06-24,139,1,13,0
290,"CEOL",2020-02-14,0,2020-06-24,131,0,19.75,0
291,"SAME",2020-02-27,0,2020-06-24,118,0,16.8,0
292,"RHOV",2020-02-27,0,2020-06-24,118,0,17,0
293,"SAME",2020-02-27,0,2020-06-24,118,0,15.4,0
294,"SAAP",2020-02-13,0,2020-06-24,132,1,18.3,0
295,"ENCA",2020-02-27,0,2020-06-24,118,0,35.7,0
296,"HEWH",2020-01-30,0,2020-06-24,146,1,14.3,0
297,"MALA",2020-02-14,0,2020-06-24,131,0,45.9,0
298,"SAME",2020-02-27,0,2020-06-24,118,0,18.3,0
299,"RHOV",2020-02-14,0,2020-06-24,131,0,13.7,0
300,"SAAP",2020-02-14,0,2020-06-24,131,1,25.1,0
301,"HEWH",2020-01-30,0,2020-06-24,146,0,21.2,1
302,"SANI",2020-02-13,0,2020-06-24,132,1,11.6,0
303,"ENCA",2020-01-30,0,2020-06-24,146,0,33,0
304,"ENCA",2020-01-30,0,2020-06-24,146,1,28.2,0
305,"SAAP",2020-02-13,0,2020-06-24,132,1,25.5,0
306,"HEWH",2020-01-30,0,2020-06-24,146,1,36.8,0
307,"ENCA",2020-03-19,0,2020-06-24,97,0,45.6,0
308,"SAAP",2020-02-13,0,2020-06-24,132,0,23.6,1
309,"CEOL",2020-02-05,0,2020-06-24,140,0,21.4,0
310,"CEOL",2020-02-14,0,2020-06-24,131,0,32.8,1
311,"ENCA",2020-03-27,0,2020-06-24,89,0,19.2,1
312,"CEOL",2020-02-05,0,2020-06-24,140,1,28.4,0
313,"CEOL",2020-02-05,0,2020-06-24,140,0,20,0
314,"SANI",2020-02-13,0,2020-06-24,132,0,15.1,0
315,"RHOV",2020-01-30,0,2020-06-24,146,1,9.084,0
316,"HEWH",2020-01-30,0,2020-06-24,146,0,14.8,0
317,"SANI",2020-02-13,0,2020-06-24,132,0,13.1,1
318,"SAME",2020-02-20,0,2020-06-24,125,0,7.3,1
319,"ENCA",2020-01-25,0,2020-06-24,151,0,41.8,0
320,"ADFA",2020-02-04,0,2020-06-24,141,0,56.1,0
321,"HEWH",2020-01-30,0,2020-06-24,146,0,30.7,1
322,"ADFA",2020-01-30,0,2020-06-24,146,1,42.2,0
323,"HEWH",2020-01-30,0,2020-06-24,146,0,27.1,0
324,"CEOL",2020-02-14,0,2020-06-24,131,1,24.5,0
325,"HEWH",2020-01-25,0,2020-06-24,151,1,18.2,0
326,"ADFA",2020-02-20,0,2020-06-24,125,0,65,0
327,"ENCA",2020-01-30,0,2020-06-24,146,0,32.5,0
328,"RHOV",2020-03-27,0,2020-06-24,89,1,16.6,0
329,"ENCA",2020-01-30,0,2020-06-24,146,1,22.7,0
330,"ENCA",2020-01-30,0,2020-06-24,146,0,17.4,1
331,"CEOL",2020-02-14,0,2020-06-24,131,0,31.2,1
332,"RHOV",2020-01-30,0,2020-06-24,146,0,14.4,1
333,"CEOL",2020-02-13,0,2020-06-24,132,1,24.9,0
334,"CEOL",2020-02-14,0,2020-06-24,131,0,31.1,0
335,"SAAP",2020-02-13,0,2020-06-24,132,1,24.5,0
336,"ENCA",2020-02-27,0,2020-06-24,118,1,43.9,0
337,"ENCA",2020-02-27,0,2020-06-24,118,0,47.2,1
338,"CEOL",2020-02-13,0,2020-06-24,132,0,17.6,1
339,"ENCA",2020-02-01,0,2020-06-24,144,0,36.7,0
340,"ADFA",2020-01-30,0,2020-06-24,146,1,27.6,0
341,"SAAP",2020-02-13,0,2020-06-25,133,1,21.3,0
342,"ENCA",2020-01-30,0,2020-06-25,147,0,28.4,1
343,"SAAP",2020-02-13,0,2020-06-25,133,0,22.8,0
344,"CEOL",2020-02-13,0,2020-06-24,132,0,23.1,1
345,"ADFA",2020-02-01,0,2020-06-25,145,0,67,0
346,"SAAP",2020-02-13,0,2020-06-24,132,1,28.5,0
347,"SANI",2020-02-13,0,2020-06-24,132,0,10,1
348,"ADFA",2020-02-04,0,2020-06-25,142,1,63,0
349,"SANI",2020-02-13,0,2020-06-25,133,1,9.5,0
350,"SAME",2020-02-20,0,2020-06-25,126,0,6.1,1
351,"ADFA",2020-02-04,0,2020-06-25,142,0,60.5,0
352,"ENCA",2020-03-19,0,2020-06-25,98,1,39.25,0
353,"ENCA",2020-02-01,0,2020-06-25,145,0,18.6,0
354,"SAME",2020-02-20,0,2020-06-24,125,0,17.6,0
355,"RHOV",2020-01-30,0,2020-06-25,147,0,17.8,1
356,"CEOL",2020-02-14,0,2020-06-25,132,0,19.3,1
357,"SAAP",2020-02-13,0,2020-06-25,133,0,25.4,1
358,"HEWH",2020-01-30,0,2020-06-25,147,0,31.3,1
359,"HEWH",2020-01-30,0,2020-06-25,147,0,25.3,1
360,"RHOV",2020-01-30,0,2020-06-25,147,0,10.3,1
361,"CEOL",2020-02-14,0,2020-06-25,132,0,27.5,0
362,"MALA",2020-02-13,0,2020-06-24,132,0,29.3,0
363,"RHOV",2020-01-30,0,2020-06-25,147,0,15.4,0
364,"MALA",2020-02-13,0,2020-06-25,133,0,39.8,0
365,"HEWH",2020-01-30,0,2020-06-25,147,0,22.2,1
366,"CEOL",2020-03-27,0,2020-06-25,90,0,20.6,1
367,"RHOV",2020-01-30,0,2020-06-25,147,0,7.5,1
368,"HEWH",2020-01-30,0,2020-06-25,147,0,14,0
369,"RHOV",2020-01-30,0,2020-06-25,147,1,15.2,0
370,"CEOL",2020-02-14,0,2020-06-25,132,1,20.8,0
371,"SANI",2020-02-14,0,2020-06-25,132,0,10.5,1
372,"RHOV",2020-01-30,0,2020-06-25,147,0,12.7,1
373,"HEWH",2020-01-30,0,2020-06-25,147,0,19.9,1
374,"HEWH",2020-01-30,0,2020-06-25,147,0,22,0
375,"RHOV",2020-02-06,0,2020-06-25,140,0,15.5,0
376,"HEWH",2020-01-30,0,2020-06-25,147,1,7,0
377,"HEWH",2020-01-30,0,2020-06-25,147,0,18,0
378,"CEOL",2020-02-14,0,2020-06-25,132,1,26,0
379,"HEWH",2020-02-27,0,2020-06-25,119,0,24.3,0
380,"MALA",2020-02-13,0,2020-06-25,133,1,35.7,0
381,"SANI",2020-02-14,0,2020-06-25,132,0,9.9,0
382,"SAME",2020-02-27,0,2020-06-25,119,1,10,0
383,"ENCA",2020-02-01,0,2020-06-25,145,0,7,0
384,"CEOL",2020-02-14,0,2020-06-25,132,0,28.4,0
385,"HEWH",2020-01-30,0,2020-06-24,146,0,30.1,0
386,"ADFA",2020-02-01,0,2020-06-25,145,0,46.8,0
387,"ENCA",2020-02-01,0,2020-06-25,145,0,36,0
388,"MALA",2020-02-13,0,2020-06-25,133,1,41.1,0
389,"SAAP",2020-02-14,0,2020-06-25,132,1,14.9,0
390,"ADFA",2020-02-27,0,2020-06-25,119,0,59.5,0
391,"SAME",2020-02-20,0,2020-06-25,126,1,10.7,0
392,"CEOL",2020-02-14,0,2020-06-25,132,0,15.8,1
393,"ENCA",2020-02-27,0,2020-06-25,119,0,42.3,0
394,"HEWH",2020-01-30,0,2020-06-25,147,0,30,0
395,"ENCA",2020-03-19,0,2020-06-25,98,0,35.9,0
396,"SANI",2020-02-21,0,2020-06-25,125,0,14,1
397,"MALA",2020-02-14,0,2020-06-25,132,1,34.9,0
398,"ENCA",2020-01-30,0,2020-06-25,147,0,6,0
399,"RHOV",2020-02-01,0,2020-06-25,145,0,15.6,1
400,"RHOV",2020-01-30,0,2020-06-25,147,0,12.5,0
401,"SANI",2020-02-15,0,2020-06-24,130,0,13.6,0
403,"RHOV",2020-01-30,0,2020-06-25,147,1,9.289,0
404,"CEOL",2020-02-27,0,2020-06-25,119,1,20.6,0
405,"ADFA",2020-02-01,0,2020-06-25,145,1,60.4,0
406,"RHOV",2020-02-27,0,2020-06-25,119,0,15.1,0
407,"MALA",2020-02-14,0,2020-06-25,132,1,32.1,0
408,"HEWH",2020-02-01,0,2020-06-25,145,0,17.5,0
409,"CEOL",2020-02-15,0,2020-06-25,131,0,10.7,1
410,"CEOL",2020-02-14,0,2020-06-25,132,1,28.6,0
411,"SAME",2020-02-27,0,2020-06-25,119,0,9.4,1
412,"RHOV",2020-01-30,0,2020-06-25,147,1,11.591,0
413,"RHOV",2020-01-30,0,2020-06-25,147,1,8.433,0
414,"HEAR",2020-02-27,0,2020-06-25,119,1,17.8,0
415,"ENCA",2020-02-27,0,2020-06-24,118,0,47.5,0
416,"MALA",2020-02-14,0,2020-06-25,132,0,35.5,0
417,"RHOV",2020-01-30,0,2020-06-25,147,0,14.764,0
418,"ADFA",2020-02-01,0,2020-06-25,145,0,52.4,0
419,"ENCA",2020-02-01,0,2020-06-25,145,0,39,0
420,"MALA",2020-02-14,0,2020-06-25,132,0,23.1,0
421,"CEOL",2020-02-15,0,2020-06-25,131,0,17.6,0
422,"ENCA",2020-02-01,0,2020-06-25,145,1,25.5,0
423,"SANI",2020-02-14,0,2020-06-25,132,0,18.1,0
424,"CEOL",2020-02-15,0,2020-06-25,131,1,13.1,0
425,"HEWH",2020-02-01,0,2020-06-25,145,0,10,0
426,"HEWH",2020-02-01,0,2020-06-25,145,1,6.8,0
427,"CEOL",2020-02-15,0,2020-06-25,131,0,15.5,0
428,"ENCA",2020-02-01,0,2020-06-24,144,0,10,0
429,"RHOV",2020-01-30,0,2020-06-25,147,0,8.241,0
430,"ADFA",2020-02-27,0,2020-06-25,119,1,53,0
432,"HEWH",2020-02-01,0,2020-06-25,145,0,17.5,1
433,"CEOL",2020-02-20,0,2020-06-25,126,1,10,0
434,"CEOL",2020-02-20,0,2020-06-25,126,1,5.6,0
435,"HEAR",2020-02-28,0,2020-06-25,118,1,14.9,0
436,"MALA",2020-02-14,0,2020-06-25,132,0,32.2,0
437,"MALA",2020-02-14,0,2020-06-25,132,1,27,0
438,"HEWH",2020-02-20,0,2020-06-24,125,1,14.4,0
439,"RHOV",2020-02-07,0,2020-06-24,138,0,11.5,0
440,"HEWH",2020-02-15,0,2020-06-25,131,0,23,1
441,"SAAP",2020-02-14,0,2020-06-25,132,0,16.2,0
442,"HEWH",2020-02-01,0,2020-06-25,145,0,24.9,0
443,"ENCA",2020-02-01,0,2020-06-25,145,0,43.9,0
444,"HEWH",2020-02-01,0,2020-06-25,145,1,12,0
445,"HEWH",2020-02-01,0,2020-06-25,145,1,14.5,0
446,"RHOV",2020-02-01,0,2020-06-25,145,0,15.2,0
447,"ADFA",2020-02-15,0,2020-06-25,131,0,58,0
448,"HEWH",2020-02-01,0,2020-06-25,145,1,8.4,0
449,"MALA",2020-02-14,0,2020-06-25,132,1,38.1,0
450,"SAME",2020-02-21,0,2020-06-25,125,0,10.9,0
451,"ENCA",2020-02-15,0,2020-06-25,131,0,32.8,0
452,"RHOV",2020-02-15,0,2020-06-25,131,0,14.1,1
453,"CEOL",2020-02-15,0,2020-06-25,131,1,13.6,0
454,"ENCA",2020-02-01,0,2020-06-24,144,1,7.8,0
455,"ENCA",2020-03-19,0,2020-06-25,98,1,39.3,0
456,"RHOV",2020-02-01,0,2020-06-25,145,1,10.6,0
457,"SAAP",2020-02-01,0,2020-06-25,145,0,28.4,0
458,"CEOL",2020-02-15,0,2020-06-25,131,0,14.4,0
459,"HEWH",2020-02-15,0,2020-06-25,131,0,14.2,0
460,"RHOV",2020-03-27,0,2020-06-24,89,0,13.4,0
461,"ENCA",2020-02-20,0,2020-06-25,126,0,34.1,0
462,"CEOL",2020-02-20,0,2020-06-24,125,1,7.7,0
463,"CEOL",2020-02-28,0,2020-06-24,117,1,22.1,0
464,"ENCA",2020-03-19,0,2020-06-24,97,0,43.6,0
465,"MALA",2020-02-15,0,2020-06-24,130,1,21,0
466,"SAAP",2020-02-20,0,2020-06-24,125,0,10.9,0
467,"RHOV",2020-02-07,0,2020-06-25,139,1,15.1,0
468,"CEOL",2020-02-15,0,2020-06-24,130,0,12.2,0
469,"ENCA",2020-02-07,0,2020-06-24,138,0,34.4,0
470,"ENCA",2020-02-07,0,2020-06-24,138,1,12.3,0
471,"RHOV",2020-02-07,0,2020-06-24,138,0,13.1,0
472,"ENCA",2020-03-19,0,2020-06-24,97,1,14.6,0
474,"CEOL",2020-02-15,0,2020-06-24,130,1,12.1,0
475,"HEWH",2020-02-15,0,2020-06-25,131,0,18.6,1
476,"ENCA",2020-02-15,0,2020-06-25,131,0,38.3,1
477,"SAME",2020-03-02,0,2020-06-25,115,0,3.6,1
478,"CEOL",2020-02-15,0,2020-06-25,131,1,12.7,0
479,"SAAP",2020-02-14,0,2020-06-25,132,1,11.5,0
480,"RHOV",2020-02-20,0,2020-06-24,125,0,17.9,0
481,"SANI",2020-02-14,0,2020-06-24,131,0,13.2,0
482,"RHOV",2020-02-07,0,2020-06-24,138,1,11.25,0
483,"CEOL",2020-02-15,0,2020-06-24,130,1,16.8,0
484,"SAME",2020-02-20,0,2020-06-24,125,1,5.5,0
485,"HEWH",2020-02-15,0,2020-06-24,130,1,24,0
486,"ENCA",2020-02-15,0,2020-06-24,130,0,8,0
487,"HEWH",2020-02-15,0,2020-06-24,130,0,26,0
488,"ADFA",2020-02-15,0,2020-06-24,130,1,59,0
489,"SAAP",2020-02-20,0,2020-06-24,125,0,9.1,0
490,"SAAP",2020-02-20,0,2020-06-24,125,1,12.8,0
491,"MALA",2020-02-15,0,2020-06-24,130,1,24.1,0
492,"CEOL",2020-02-07,0,2020-06-24,138,1,9.2,0
493,"ENCA",2020-02-07,0,2020-06-24,138,0,35.7,0
494,"HEWH",2020-02-15,0,2020-06-24,130,0,20.5,1
495,"SAAP",2020-02-15,0,2020-06-24,130,1,10.9,0
496,"HEWH",2020-02-15,0,2020-06-24,130,1,23.5,0
497,"CEOL",2020-02-15,0,2020-06-24,130,1,12.2,0
498,"MALA",2020-02-15,0,2020-06-24,130,1,28.1,0
499,"SAME",2020-02-27,0,2020-06-24,118,0,3.8,1
501,"CEOL",2020-02-14,0,2020-06-25,132,1,22.9,0
502,"SANI",2020-02-14,0,2020-06-25,132,0,9.1,1
503,"RHOV",2020-01-30,0,2020-06-25,147,0,10.2,0
504,"SAME",2020-02-20,0,2020-06-25,126,0,12.8,0
505,"SAAP",2020-02-15,0,2020-06-25,131,0,18.3,0
506,"CEOL",2020-02-14,0,2020-06-25,132,1,21,0
507,"RHOV",2020-01-30,0,2020-06-25,147,0,13.8,1
508,"CEOL",2020-02-14,0,2020-06-25,132,0,31.1,0
509,"HEAR",2020-02-27,0,2020-06-25,119,1,15.8,0
510,"ENCA",2020-02-01,0,2020-06-25,145,0,17,0
511,"HEWH",2020-01-30,0,2020-06-25,147,0,17.9,0
513,"SANI",2020-02-14,0,2020-06-25,132,1,8.5,0
514,"SAAP",2020-02-15,0,2020-06-25,131,0,27.4,0
515,"HEWH",2020-02-01,0,2020-06-25,145,0,15,0
516,"SAAP",2020-02-27,0,2020-06-25,119,0,10.6,0
517,"RHOV",2020-02-21,0,2020-06-25,125,0,13.5,0
518,"HEWH",2020-02-01,0,2020-06-25,145,0,18.7,1
519,"CEOL",2020-02-05,0,2020-06-25,141,0,18.9,1
520,"SAME",2020-02-27,0,2020-06-25,119,0,18.2,0
521,"ENCA",2020-02-01,0,2020-06-25,145,0,9.5,0
522,"RHOV",2020-02-01,0,2020-06-25,145,0,9.5,0
523,"ENCA",2020-02-01,0,2020-06-25,145,1,18.9,0
525,"HEWH",2020-02-01,0,2020-06-25,145,0,27.6,1
526,"CEOL",2020-02-05,0,2020-06-25,141,0,20,1
527,"RHOV",2020-02-01,0,2020-06-25,145,0,9.7,0
528,"CEOL",2020-02-01,0,2020-06-25,145,1,31.7,0
529,"CEOL",2020-02-05,0,2020-06-25,141,1,24.5,0
530,"SANI",2020-02-14,0,2020-06-25,132,1,8.6,0
531,"MALA",2020-02-14,0,2020-06-25,132,1,42.3,0
532,"CEOL",2020-02-05,0,2020-06-25,141,0,27.9,0
533,"RHOV",2020-01-30,0,2020-06-25,147,1,13.4,0
534,"RHOV",2020-01-30,0,2020-06-25,147,0,11.2,0
535,"SAME",2020-02-27,0,2020-06-25,119,1,11.1,0
536,"RHOV",2020-01-30,0,2020-06-25,147,0,11.6,1
537,"SAME",2020-02-27,0,2020-06-25,119,1,11.5,0
538,"CEOL",2020-02-14,0,2020-06-25,132,0,18.6,1
539,"RHOV",2020-01-30,0,2020-06-25,147,1,15.4,0
540,"MALA",2020-02-14,0,2020-06-25,132,1,39.2,0
541,"CEOL",2020-02-14,0,2020-06-25,132,1,12,0
542,"CEOL",2020-02-27,0,2020-06-25,119,0,6.5,1
543,"RHOV",2020-01-30,0,2020-06-25,147,1,15.4,0
544,"HEWH",2020-01-30,0,2020-06-25,147,0,18.4,0
545,"SAAP",2020-02-27,0,2020-06-25,119,0,12.2,0
546,"RHOV",2020-01-30,0,2020-06-25,147,0,21.4,0
547,"ENCA",2020-02-27,0,2020-06-25,119,0,21.8,1
548,"ADFA",2020-02-04,0,2020-06-25,142,0,55.5,0
549,"CEOL",2020-02-14,0,2020-06-25,132,0,23.4,1
550,"ENCA",2020-02-01,0,2020-06-25,145,1,7,0
551,"SANI",2020-02-14,0,2020-06-25,132,0,10.2,0
552,"HEWH",2020-02-01,0,2020-06-25,145,1,17.6,0
553,"CEOL",2020-02-14,0,2020-06-25,132,0,23.4,0
554,"HEWH",2020-02-01,0,2020-06-25,145,0,18.4,0
555,"ENCA",2020-02-01,0,2020-06-25,145,0,33.4,0
556,"MALA",2020-02-14,0,2020-06-25,132,0,42.4,0
557,"HEWH",2020-02-01,0,2020-06-24,144,0,23,0
558,"ADFA",2020-02-04,0,2020-06-25,142,0,45,0
559,"MALA",2020-02-14,0,2020-06-25,132,1,30.6,0
560,"CEOL",2020-02-27,0,2020-06-25,119,0,13.2,1
561,"CEOL",2020-02-27,0,2020-06-25,119,0,7.6,1
562,"ENCA",2020-02-05,0,2020-06-25,141,1,35.6,0
563,"HEWH",2020-02-05,0,2020-06-25,141,0,31.4,0
564,"HEWH",2020-02-05,0,2020-06-25,141,1,30.8,0
565,"HEWH",2020-02-05,0,2020-06-25,141,1,15.3,0
566,"CEOL",2020-02-27,0,2020-06-25,119,0,6.4,0
567,"ENCA",2020-02-27,0,2020-06-25,119,1,33.3,0
568,"ADFA",2020-02-27,0,2020-06-25,119,1,48.1,0
569,"HEWH",2020-02-27,0,2020-06-25,119,0,18,1
570,"ENCA",2020-02-27,0,2020-06-25,119,1,38.2,0
571,"ADFA",2020-02-01,0,2020-06-25,145,1,65.8,0
572,"HEWH",2020-02-01,0,2020-06-24,144,1,21,0
573,"ADFA",2020-02-07,0,2020-06-24,138,0,55,0
574,"SAAP",2020-02-15,0,2020-06-24,130,0,15,0
575,"HEWH",2020-02-15,0,2020-06-24,130,1,23,0
576,"SANI",2020-02-05,0,2020-06-24,140,0,23.5,0
577,"HEWH",2020-02-05,0,2020-06-25,141,1,23.5,0
578,"CEOL",2020-02-14,0,2020-06-25,132,1,14.8,0
579,"CEOL",2020-02-14,0,2020-06-24,131,1,18.9,0
580,"ENCA",2020-02-27,0,2020-06-25,119,1,30.1,0
581,"SANI",2020-02-14,0,2020-06-24,131,1,7,0
582,"RHOV",2020-02-05,0,2020-06-24,140,1,13.4,0
583,"RHOV",2020-02-05,0,2020-06-25,141,0,16.8,1
584,"SANI",2020-02-14,0,2020-06-24,131,0,9.8,0
586,"HEWH",2020-02-06,0,2020-06-24,139,1,13.5,0
587,"CEOL",2020-02-21,0,2020-06-24,124,0,9.4,0
588,"SAME",2020-02-21,0,2020-06-24,124,0,7.75,1
589,"SAME",2020-03-02,0,2020-06-24,114,1,4.5,0
590,"ENCA",2020-02-05,0,2020-06-24,140,0,40.1,0
591,"CEOL",2020-02-06,0,2020-06-24,139,0,13.9,1
592,"ADFA",2020-02-06,0,2020-06-24,139,0,57.5,0
593,"CEOL",2020-02-05,0,2020-06-24,140,0,10.7,1
594,"CEOL",2020-02-05,0,2020-06-24,140,1,9.9,0
595,"ENCA",2020-02-15,0,2020-06-25,131,1,25.5,0
596,"ADFA",2020-02-01,0,2020-06-25,145,1,41.5,0
597,"HEWH",2020-02-15,0,2020-06-24,130,0,24,0
599,"SAME",2020-02-20,0,2020-06-25,126,1,17.9,0
600,"CEOL",2020-02-15,0,2020-06-25,131,1,12.5,0
601,"HEWH",2020-02-15,0,2020-06-24,130,0,31.1,0
602,"SAAP",2020-02-14,0,2020-06-25,132,1,23.2,0
604,"SAME",2020-02-20,0,2020-06-24,125,0,3.9,0
605,"RHOV",2020-02-01,0,2020-06-25,145,0,15,1
606,"SAAP",2020-02-14,0,2020-06-24,131,0,16.2,0
607,"RHOV",2020-02-15,0,2020-06-24,130,0,13,0
608,"ADFA",2020-02-15,0,2020-06-24,130,0,54,0
609,"CEOL",2020-02-15,0,2020-06-25,131,1,15,0
610,"MALA",2020-02-14,0,2020-06-25,132,0,29.1,1
611,"CEOL",2020-02-15,0,2020-06-24,130,1,17.5,0
612,"RHOV",2020-02-01,0,2020-06-24,144,1,11.9,0
613,"RHOV",2020-02-01,0,2020-06-25,145,1,11.4,0
614,"CEOL",2020-02-15,0,2020-06-24,130,0,19.5,1
615,"HEWH",2020-02-15,0,2020-06-24,130,0,19.5,1
616,"SANI",2020-02-15,0,2020-06-24,130,1,10.9,0
617,"SAAP",2020-02-15,0,2020-06-24,130,0,22,1
618,"RHOV",2020-02-15,0,2020-06-24,130,0,13,1
619,"ENCA",2020-02-07,0,2020-06-24,138,1,22.5,0
620,"HEWH",2020-02-15,0,2020-06-24,130,1,22.1,0
621,"ENCA",2020-02-28,0,2020-06-24,117,0,34.4,0
622,"SANI",2020-02-15,0,2020-06-24,130,0,17.8,0
623,"RHOV",2020-02-06,0,2020-06-24,139,0,12.6,0
624,"HEWH",2020-02-28,0,2020-06-24,117,0,40,0
625,"CEOL",2020-02-15,0,2020-06-24,130,1,12.4,0
626,"ADFA",2020-02-20,0,2020-06-24,125,1,43.2,0
627,"MALA",2020-02-15,0,2020-06-24,130,1,15.1,0
628,"SANI",2020-02-28,0,2020-06-24,117,0,14.8,1
629,"HEWH",2020-02-20,0,2020-06-24,125,0,26.8,0
630,"SAME",2020-03-02,0,2020-06-24,114,1,7.8,0
631,"RHOV",2020-02-06,0,2020-06-24,139,1,12.4,0
632,"ENCA",2020-02-28,0,2020-06-24,117,0,49.8,1
633,"CEOL",2020-02-28,0,2020-06-24,117,0,11.25,0
634,"CEOL",2020-02-28,0,2020-06-24,117,0,15,1
635,"ENCA",2020-02-07,0,2020-06-24,138,1,27.5,0
636,"ENCA",2020-02-07,0,2020-06-24,138,0,27.75,0
637,"ENCA",2020-02-15,0,2020-06-24,130,1,32,0
638,"CEOL",2020-02-15,0,2020-06-24,130,1,12,0
639,"SAAP",2020-02-15,0,2020-06-24,130,1,12,0
640,"CEOL",2020-02-06,0,2020-06-24,139,1,11.8,0
641,"CEOL",2020-02-06,0,2020-06-24,139,1,11.9,0
642,"ENCA",2020-02-05,0,2020-06-24,140,1,15.4,0
643,"RHOV",2020-02-01,0,2020-06-24,144,1,11.2,0
644,"CEOL",2020-02-06,0,2020-06-24,139,0,19,1
645,"HEWH",2020-02-01,0,2020-06-24,144,1,10,0
646,"RHOV",2020-02-01,0,2020-06-24,144,1,10.7,0
647,"MALA",2020-02-28,0,2020-06-24,117,0,46.5,1
648,"RHOV",2020-02-01,0,2020-06-24,144,1,13,0
649,"CEOL",2020-02-28,0,2020-06-24,117,0,15.9,1
650,"RHOV",2020-02-01,0,2020-06-24,144,1,13.9,0
651,"HEWH",2020-02-05,0,2020-06-24,140,0,18.5,1
652,"HEWH",2020-02-05,0,2020-06-24,140,1,22.7,0
653,"CEOL",2020-02-05,0,2020-06-24,140,1,17,0
654,"SAME",2020-03-02,0,2020-06-24,114,0,5.5,1
655,"HEWH",2020-02-15,0,2020-06-24,130,0,18.8,0
656,"SANI",2020-02-15,0,2020-06-24,130,0,17.8,0
657,"RHOV",2020-02-05,0,2020-06-24,140,1,10.4,0
658,"ENCA",2020-02-05,0,2020-06-24,140,1,23.7,0
659,"ADFA",2020-02-04,0,2020-06-24,141,0,53.5,1
660,"CEOL",2020-02-28,0,2020-06-24,117,1,13.2,0
661,"CEOL",2020-02-28,0,2020-06-24,117,0,14.3,0
662,"ADFA",2020-02-07,0,2020-06-24,138,0,52.5,0
663,"MALA",2020-02-15,0,2020-06-24,130,0,34.6,0
664,"ENCA",2020-02-05,0,2020-06-24,140,0,25.8,1
665,"ENCA",2020-02-05,0,2020-06-24,140,0,15.6,0
666,"SANI",2020-02-15,0,2020-06-24,130,0,13.8,0
667,"CEOL",2020-02-03,0,2020-06-24,142,0,11.1,0
668,"RHOV",2020-02-06,0,2020-06-24,139,0,9.9,0
669,"ADFA",2020-02-20,0,2020-06-24,125,0,60.5,0
670,"SAME",2020-02-20,0,2020-06-24,125,0,18.3,0
671,"CEOL",2020-02-20,0,2020-06-24,125,1,25.2,0
672,"MALA",2020-02-21,0,2020-06-24,124,1,20.3,0
673,"ADFA",2020-02-28,0,2020-06-24,117,0,61.4,0
674,"RHOV",2020-02-18,0,2020-06-24,127,0,17.3,0
675,"SANI",2020-02-15,0,2020-06-25,131,1,14.7,0
676,"RHOV",2020-02-06,0,2020-06-24,139,1,14.6,0
677,"SANI",2020-02-15,0,2020-06-24,130,1,15.6,0
678,"ADFA",2020-02-07,0,2020-06-24,138,0,55.75,0
679,"HEWH",2020-02-21,0,2020-06-24,124,1,24.8,0
680,"CEOL",2020-02-03,0,2020-06-24,142,1,8.1,0
681,"SANI",2020-02-15,0,2020-06-24,130,0,10.6,0
682,"HEWH",2020-02-15,0,2020-06-24,130,0,19.2,1
683,"HEWH",2020-02-21,0,2020-06-24,124,0,17.4,0
684,"HEWH",2020-02-21,0,2020-06-24,124,1,20.7,0
685,"HEWH",2020-02-21,0,2020-06-24,124,0,13,1
686,"ENCA",2020-02-06,0,2020-06-24,139,0,28,0
687,"CEOL",2020-02-21,0,2020-06-24,124,1,12.1,0
688,"ENCA",2020-02-21,0,2020-06-25,125,0,9.1,1
689,"ENCA",2020-02-28,0,2020-06-24,117,0,29.2,1
690,"HEWH",2020-02-21,0,2020-06-24,124,0,20.5,1
691,"SANI",2020-02-21,0,2020-06-24,124,1,9.4,0
692,"CEOL",2020-02-07,0,2020-06-24,138,1,5.8,0
693,"RHOV",2020-02-01,0,2020-06-24,144,0,14.2,1
694,"HEAR",2020-02-28,0,2020-06-24,117,1,15.6,0
695,"CEOL",2020-02-07,0,2020-06-24,138,1,10.4,0
696,"CEOL",2020-02-07,0,2020-06-24,138,1,7.4,0
697,"HEWH",2020-02-28,0,2020-06-24,117,0,14.1,1
698,"CEOL",2020-02-20,0,2020-06-24,125,1,9.2,0
699,"RHOV",2020-02-06,0,2020-06-24,139,0,16.1,1
700,"RHOV",2020-02-06,0,2020-06-24,139,1,12.3,0
701,"CEOL",2020-02-15,0,2020-06-24,130,0,13,1
702,"SANI",2020-02-14,0,2020-06-24,131,0,8.5,0
703,"ENCA",2020-02-15,0,2020-06-24,130,0,11,1
704,"RHOV",2020-02-01,0,2020-06-24,144,0,9.1,1
705,"HEWH",2020-04-15,0,2020-06-24,70,0,22,1
706,"RHOV",2020-02-01,0,2020-06-24,144,1,13,0
707,"SAAP",2020-02-21,0,2020-06-24,124,1,11,0
708,"SAAP",2020-02-21,0,2020-06-24,124,1,12,0
709,"ENCA",2020-02-05,0,2020-06-24,140,1,31.8,0
710,"CEOL",2020-02-06,0,2020-06-24,139,1,14.3,0
711,"MALA",2020-02-14,0,2020-06-24,131,1,34.9,0
712,"HEWH",2020-02-21,0,2020-06-24,124,0,28,1
713,"ENCA",2020-02-06,0,2020-06-24,139,0,24,1
714,"RHOV",2020-02-21,0,2020-06-24,124,0,14.8,1
715,"ENCA",2020-02-06,0,2020-06-24,139,1,35.5,0
716,"SAME",2020-03-02,0,2020-06-24,114,1,3.6,0
717,"CEOL",2020-02-21,0,2020-06-24,124,0,14.25,0
718,"SAAP",2020-02-21,0,2020-06-24,124,0,11.25,0
719,"RHOV",2020-02-06,0,2020-06-24,139,0,12.5,0
720,"CEOL",2020-02-21,0,2020-06-24,124,1,9.8,0
721,"RHOV",2020-02-21,0,2020-06-24,124,0,12.75,1
722,"CEOL",2020-02-06,0,2020-06-24,139,1,11.3,0
723,"RHOV",2020-02-05,0,2020-06-24,140,1,16.6,0
724,"ENCA",2020-02-05,0,2020-06-24,140,0,18.4,1
725,"CEOL",2020-02-06,0,2020-06-24,139,0,10.5,1
726,"CEOL",2020-02-06,0,2020-06-24,139,0,15.6,1
727,"RHOV",2020-02-01,0,2020-06-24,144,1,12.1,0
728,"CEOL",2020-02-06,0,2020-06-24,139,0,21.3,1
729,"HEWH",2020-02-05,0,2020-06-24,140,0,18.3,0
730,"ENCA",2020-02-05,0,2020-06-24,140,0,21.6,1
731,"HEWH",2020-02-05,0,2020-06-24,140,0,23.7,0
732,"CEOL",2020-02-06,0,2020-06-24,139,1,15.7,0
733,"RHOV",2020-02-05,0,2020-06-24,140,0,11.4,1
734,"RHOV",2020-02-05,0,2020-06-24,140,1,15.3,0
735,"SANI",2020-02-21,0,2020-06-24,124,1,4.75,0
736,"ENCA",2020-02-06,0,2020-06-24,139,0,38.8,0
737,"RHOV",2020-02-21,0,2020-06-24,124,1,11.75,0
738,"CEOL",2020-02-21,0,2020-06-24,124,0,25,0
739,"RHOV",2020-02-21,0,2020-06-24,124,0,17.4,0
740,"RHOV",2020-02-06,0,2020-06-24,139,0,18.6,0
741,"ENCA",2020-02-21,0,2020-06-24,124,1,30,0
742,"HEWH",2020-02-21,0,2020-06-24,124,1,21.25,0
743,"RHOV",2020-02-06,0,2020-06-24,139,0,16.2,0
744,"CEOL",2020-02-21,0,2020-06-24,124,0,11.75,0
745,"CEOL",2020-02-21,0,2020-06-24,124,1,7.75,0
746,"MALA",2020-02-14,0,2020-06-24,131,0,45.1,1
747,"CEOL",2020-02-21,0,2020-06-24,124,1,6.1,0
748,"SAAP",2020-02-21,0,2020-06-24,124,1,16,0
749,"RHOV",2020-02-21,0,2020-06-24,124,1,15.25,0
750,"SANI",2020-02-14,0,2020-06-24,131,1,13.5,0
751,"ENCA",2020-02-06,0,2020-06-24,139,0,47.4,1
752,"RHOV",2020-02-06,0,2020-06-24,139,1,10.9,0
753,"CEOL",2020-02-06,0,2020-06-24,139,0,10.5,0
754,"ENCA",2020-02-05,0,2020-06-24,140,1,9.8,0
757,"CEOL",2020-02-06,0,2020-06-24,139,1,10.6,0
758,"HEWH",2020-02-05,0,2020-06-26,142,0,22.7,1
759,"SAAP",2020-02-28,0,2020-06-24,117,1,10.5,0
760,"ENCA",2020-02-06,0,2020-06-24,139,0,40.8,0
761,"HEWH",2020-02-28,0,2020-06-24,117,1,16.5,0
762,"HEWH",2020-02-21,0,2020-06-24,124,0,26.75,1
763,"SANI",2020-02-14,0,2020-06-24,131,0,12.9,0
764,"MALA",2020-02-20,0,2020-06-24,125,1,32.4,0
765,"ADFA",2020-02-04,0,2020-06-24,141,0,57,0
766,"CEOL",2020-02-20,0,2020-06-24,125,1,21,0
767,"HEWH",2020-02-28,0,2020-06-24,117,1,22.5,0
768,"ADFA",2020-02-28,0,2020-06-24,117,0,33.25,0
769,"CEOL",2020-02-28,0,2020-06-24,117,1,6.25,0
770,"CEOL",2020-02-28,0,2020-06-24,117,1,12.5,0
771,"RHOV",2020-02-06,0,2020-06-24,139,0,19.9,0
772,"SAAP",2020-02-21,0,2020-06-24,124,0,5.25,0
773,"RHOV",2020-02-06,0,2020-06-24,139,0,18.2,0
774,"CEOL",2020-02-21,0,2020-06-24,124,1,7.4,0
775,"HEWH",2020-02-28,0,2020-06-24,117,1,22,0
776,"CEOL",2020-02-07,0,2020-06-24,138,1,8.2,0
777,"CEOL",2020-02-07,0,2020-06-24,138,0,8.7,1
778,"CEOL",2020-02-07,0,2020-06-24,138,1,8.2,0
779,"ADFA",2020-02-07,0,2020-06-24,138,0,45,0
780,"ADFA",2020-02-07,0,2020-06-24,138,0,57,1
781,"HEWH",2020-02-20,0,2020-06-24,125,1,18.6,0
782,"CEOL",2020-02-06,0,2020-06-24,139,1,9.6,0
783,"MALA",2020-02-14,0,2020-06-24,131,1,32.1,0
784,"ENCA",2020-02-06,0,2020-06-24,139,0,44.6,0
785,"SAAP",2020-02-28,0,2020-06-24,117,1,11.8,0
786,"ADFA",2020-02-04,0,2020-06-24,141,0,64.9,0
787,"RHOV",2020-02-06,0,2020-06-24,139,0,10.9,1
788,"HEWH",2020-02-28,0,2020-06-24,117,1,18,0
789,"CEOL",2020-02-06,0,2020-06-24,139,1,11.3,0
790,"SAAP",2020-02-28,0,2020-06-24,117,1,14.25,0
791,"CEOL",2020-02-21,0,2020-06-24,124,1,21,0
792,"CEOL",2020-02-21,0,2020-06-24,124,0,9,1
793,"HEWH",2020-02-28,0,2020-06-24,117,0,22.75,0
794,"ADFA",2020-02-04,0,2020-06-24,141,0,57.4,0
795,"ENCA",2020-02-21,0,2020-06-24,124,0,26.25,0
796,"ENCA",2020-02-21,0,2020-06-24,124,1,11,0
797,"CEOL",2020-02-28,0,2020-06-24,117,0,4.4,0
798,"SAME",2020-03-03,0,2020-06-24,113,0,6.8,0
799,"MALA",2020-02-20,0,2020-06-24,125,1,33.1,0
800,"ENCA",2020-02-28,0,2020-06-24,117,0,32.5,0
801,"HEWH",2020-01-30,0,2020-06-25,147,0,30.5,0
802,"HEWH",2020-01-17,0,2020-06-24,159,1,14.224,0
803,"ENCA",2020-02-20,0,2020-06-24,125,1,8.25,0
804,"MALA",2020-02-14,0,2020-06-25,132,0,35.8,0
805,"ADFA",2020-02-28,0,2020-06-24,117,0,44,0
806,"SAAP",2020-02-28,0,2020-06-24,117,1,6.25,0
807,"RHOV",2020-02-28,0,2020-06-24,117,1,16.25,0
808,"HEWH",2020-02-28,0,2020-06-24,117,1,16,0
809,"CEOL",2020-02-28,0,2020-06-24,117,1,13.5,0
810,"ENCA",2020-03-19,0,2020-06-24,97,0,49.4,0
811,"SAME",2020-03-03,0,2020-06-24,113,0,5.9,0
812,"HEWH",2020-02-28,0,2020-06-05,98,0,29.5,0
813,"SAAP",2020-02-28,0,2020-06-24,117,1,11,0
814,"ADFA",2020-02-04,0,2020-06-24,141,0,62.9,0
815,"MALA",2020-02-15,0,2020-06-24,130,1,22.8,0
816,"CEOL",2020-02-20,0,2020-06-24,125,0,9.5,1
817,"HEWH",2020-02-20,0,2020-06-24,125,1,16.7,0
818,"HEWH",2020-02-21,0,2020-06-24,124,0,22,1
819,"ADFA",2020-02-18,0,2020-06-05,108,0,45,0
820,"SANI",2020-02-18,0,2020-06-05,108,0,12.4,0
821,"HEWH",2020-02-28,0,2020-06-05,98,0,15.2,0
822,"RHOV",2020-02-06,0,2020-06-05,120,0,9.1,0
823,"MALA",2020-02-28,0,2020-06-05,98,1,28,0
824,"ENCA",2020-02-06,0,2020-06-05,120,0,34.4,0
825,"ENCA",2020-02-28,0,2020-06-24,117,1,21.5,0
826,"ADFA",2020-02-28,0,2020-06-24,117,0,50.5,0
827,"ENCA",2020-02-28,0,2020-06-24,117,0,35.5,0
828,"SANI",2020-03-03,0,2020-06-24,113,1,10.1,0
829,"HEWH",2020-02-28,0,2020-06-24,117,0,33.25,0
831,"SAAP",2020-02-28,0,2020-06-24,117,1,11.75,0
832,"ENCA",2020-03-19,0,2020-06-05,78,0,33.8,0
833,"MALA",2020-02-28,0,2020-06-05,98,1,33.25,0
834,"HEWH",2020-02-28,0,2020-06-05,98,0,33.5,0
835,"CEOL",2020-03-03,0,2020-06-05,94,1,9.5,0
836,"HEWH",2020-02-28,0,2020-06-05,98,0,12.25,0
837,"HEWH",2020-02-28,0,2020-06-05,98,0,16.25,0
838,"SAAP",2020-02-28,0,2020-06-05,98,1,9.4,0
839,"CEOL",2020-02-28,0,2020-06-05,98,1,10.6,0
840,"RHOV",2020-02-28,0,2020-06-05,98,1,11.8,0
841,"MALA",2020-02-28,0,2020-06-05,98,1,34.1,0
842,"ENCA",2020-02-28,0,2020-06-05,98,0,35.5,0
843,"RHOV",2020-02-28,0,2020-06-05,98,0,11.3,0
844,"RHOV",2020-02-28,0,2020-06-05,98,0,14.7,1
845,"HEWH",2020-02-28,0,2020-06-05,98,1,28.5,0
846,"MALA",2020-02-21,0,2020-06-05,105,0,41.4,0
847,"CEOL",2020-02-21,0,2020-06-05,105,1,6.2,0
848,"CEOL",2020-02-28,0,2020-06-05,98,1,6.6,0
849,"HEWH",2020-02-28,0,2020-06-05,98,0,15.8,0
850,"SANI",2020-02-28,0,2020-06-05,98,0,13.1,0
851,"HEWH",2020-02-28,0,2020-06-05,98,0,23.75,0
852,"RHOV",2020-02-07,0,2020-06-05,119,0,7.7,0
853,"SAAP",2020-03-03,0,2020-06-05,94,0,10.5,0
854,"SAME",2020-03-03,0,2020-06-05,94,1,5.75,0
855,"CEOL",2020-03-03,0,2020-06-05,94,1,7.4,0
856,"ENCA",2020-03-03,0,2020-06-05,94,1,34.7,0
857,"ENCA",2020-02-07,0,2020-06-05,119,0,29.6,0
858,"SAME",2020-03-03,0,2020-06-05,94,0,5.4,0
859,"HEAR",2020-02-28,0,2020-06-05,98,1,16.2,0
860,"ENCA",2020-02-28,0,2020-06-05,98,0,32.5,0
861,"RHOV",2020-02-06,0,2020-06-05,120,0,13.9,0
862,"SAME",2020-02-20,0,2020-06-05,106,0,20.6,0
863,"ENCA",2020-02-28,0,2020-06-05,98,0,42.7,0
864,"HEWH",2020-02-28,0,2020-06-05,98,0,25.6,0
865,"HEWH",2020-03-03,0,2020-06-05,94,0,19.4,0
866,"SANI",2020-01-03,0,2020-06-05,154,1,7.4,0
867,"SAAP",2020-03-03,0,2020-06-05,94,0,7.9,1
868,"CEOL",2020-03-02,0,2020-06-05,95,1,12.6,0
869,"SAME",2020-02-20,0,2020-06-05,106,0,16.2,0
870,"HEWH",2020-02-28,0,2020-06-05,98,0,13.5,0
872,"SAAP",2020-02-20,0,2020-06-05,106,0,22.4,0
873,"ENCA",2020-02-15,0,2020-06-05,111,0,40.8,0
874,"ADFA",2020-02-21,0,2020-06-05,105,0,55.8,0
875,"SAME",2020-02-20,0,2020-06-05,106,0,17.8,0
876,"SAAP",2020-03-03,0,2020-06-05,94,0,13.2,0
877,"RHOV",2020-02-06,0,2020-06-05,120,0,8.7,1
878,"CEOL",2020-02-20,0,2020-06-05,106,1,11.8,0
879,"HEWH",2020-02-20,0,2020-06-05,106,0,36.7,0
880,"RHOV",2020-02-06,0,2020-06-05,120,0,7,1
881,"HEWH",2020-02-15,0,2020-06-05,111,0,30.4,0
882,"ENCA",2020-02-15,0,2020-06-05,111,0,30.6,0
883,"SAAP",2020-02-15,0,2020-06-05,111,0,26.1,0
884,"CEOL",2020-02-06,0,2020-06-05,120,0,5,0
885,"MALA",2020-02-15,0,2020-06-05,111,0,42.8,0
886,"HEWH",2020-02-21,0,2020-06-05,105,0,15.9,0
887,"CEOL",2020-02-06,0,2020-06-05,120,1,7.7,0
888,"CEOL",2020-02-06,0,2020-06-05,120,0,7.6,1
889,"ENCA",2020-02-28,0,2020-06-05,98,0,13.5,1
890,"SANI",2020-02-15,0,2020-06-05,111,0,14.5,0
891,"MALA",2020-02-15,0,2020-06-05,111,0,32.3,1
892,"HEWH",2020-02-20,0,2020-06-05,106,0,34.2,0
893,"CEOL",2020-02-21,0,2020-06-05,105,0,12.5,1
894,"ENCA",2020-02-20,0,2020-06-05,106,0,33.3,1
895,"ENCA",2020-02-20,0,2020-06-05,106,0,30.1,1
896,"SANI",2020-02-15,0,2020-06-05,111,1,10.5,0
897,"SANI",2020-02-20,0,2020-06-05,106,0,8.5,1
898,"HEWH",2020-02-28,0,2020-06-05,98,0,24.1,0
899,"CEOL",2020-02-20,0,2020-06-05,106,0,10.3,0
901,"CEOL",2020-02-06,0,2020-06-05,120,1,5.4,0
902,"ENCA",2020-02-20,0,2020-06-05,106,1,33.9,0
903,"ENCA",2020-02-28,0,2020-06-05,98,1,35.9,0
904,"RHOV",2020-02-06,0,2020-06-05,120,1,9.3,0
905,"ADFA",2020-03-03,0,2020-06-05,94,1,53.75,0
906,"SAME",2020-02-27,0,2020-06-25,119,0,4.4,0
907,"SANI",2020-02-14,0,2020-06-25,132,0,9.4,0
908,"ENCA",2020-02-01,0,2020-06-25,145,1,15,0
909,"HEWH",2020-02-28,0,2020-06-05,98,1,18.3,0
910,"ENCA",2020-02-28,0,2020-06-05,98,1,39.5,0
911,"SANI",2020-02-28,0,2020-06-24,117,0,8.1,0
912,"ENCA",2020-02-07,0,2020-06-05,119,0,47.1,0
913,"ENCA",2020-02-06,0,2020-06-05,120,1,28.3,0
914,"SAME",2020-03-03,0,2020-06-05,94,1,4.8,0
915,"SANI",2020-02-28,0,2020-06-05,98,1,11.1,0
916,"CEOL",2020-02-06,0,2020-06-05,120,1,9.1,0
917,"HEWH",2020-02-28,0,2020-06-05,98,1,16.5,0
918,"HEWH",2020-02-20,0,2020-06-05,106,1,25.5,0
919,"ADFA",2020-03-02,0,2020-06-05,95,1,43.8,0
920,"SANI",2020-03-03,0,2020-06-05,94,1,7.8,0
921,"ENCA",2020-02-28,0,2020-06-05,98,0,26.5,0
922,"SAAP",2020-02-28,0,2020-06-05,98,1,10.2,0
923,"ENCA",2020-03-19,0,2020-06-05,78,1,45.25,0
924,"RHOV",2020-02-07,0,2020-06-05,119,0,12.3,0
925,"CEOL",2020-03-03,0,2020-06-05,94,1,16.25,0
926,"CEOL",2020-02-28,0,2020-06-05,98,1,7.8,0
927,"RHOV",2020-02-07,0,2020-06-05,119,0,13.7,0
928,"MALA",2020-03-03,0,2020-06-05,94,0,25.9,0
929,"SANI",2020-03-03,0,2020-06-05,94,1,7.9,0
930,"RHOV",2020-02-07,0,2020-06-05,119,1,7.2,0
931,"HEWH",2020-03-03,0,2020-06-05,94,1,20.9,0
932,"CEOL",2020-02-06,0,2020-06-05,120,1,10.6,0
933,"CEOL",2020-03-03,0,2020-06-05,94,1,11.5,0
934,"HEWH",2020-03-03,0,2020-06-05,94,1,19.9,0
935,"RHOV",2020-02-06,0,2020-06-05,120,0,14.8,0
936,"ADFA",2020-02-21,0,2020-06-05,105,0,62.4,0
937,"SANI",2020-02-28,0,2020-06-05,98,1,11.8,0
938,"ENCA",2020-02-28,0,2020-06-05,98,0,19.5,0
939,"CEOL",2020-02-28,0,2020-06-05,98,1,10.4,0
940,"SANI",2020-02-15,0,2020-06-05,111,0,12.6,0
941,"SAAP",2020-02-20,0,2020-06-05,106,0,14.4,0
942,"SAAP",2020-02-15,0,2020-06-05,111,1,18.1,0
943,"HEWH",2020-02-15,0,2020-06-05,111,0,31,0
944,"SANI",2020-02-15,0,2020-06-05,111,0,11.1,0
945,"ADFA",2020-02-15,0,2020-06-05,111,1,63,0
946,"RHOV",2020-02-06,0,2020-06-05,120,0,11.8,1
947,"MALA",2020-02-15,0,2020-06-05,111,0,29.1,1
948,"HEWH",2020-02-20,0,2020-06-05,106,0,29.3,1
949,"SANI",2020-02-15,0,2020-06-05,111,0,10.8,1
950,"SANI",2020-02-20,0,2020-06-05,106,0,14.6,0
951,"SANI",2020-02-21,0,2020-06-05,105,0,10,0
952,"SAME",2020-02-20,0,2020-06-05,106,0,16.4,1
953,"ENCA",2020-02-15,0,2020-06-05,111,0,43.1,1
954,"RHOV",2020-02-06,0,2020-06-05,120,0,12.7,0
955,"RHOV",2020-02-07,0,2020-06-05,119,0,13.1,0
956,"SAAP",2020-02-15,0,2020-06-05,111,0,19.6,0
957,"CEOL",2020-02-21,0,2020-06-05,105,0,13.6,1
959,"ENCA",2020-02-21,0,2020-06-05,105,1,30.1,0
960,"ENCA",2020-02-21,0,2020-06-05,105,1,33.4,0
961,"RHOV",2020-02-21,0,2020-06-05,105,0,15.6,0
962,"HEWH",2020-02-21,0,2020-06-05,105,0,18.1,0
963,"CEOL",2020-02-21,0,2020-06-05,105,1,16.6,0
964,"MALA",2020-02-21,0,2020-06-05,105,1,45.1,0
965,"HEWH",2020-02-20,0,2020-06-05,106,0,22.8,0
966,"HEAR",2020-03-03,0,2020-06-05,94,1,10.4,0
967,"ADFA",2020-02-21,0,2020-06-05,105,1,56.3,0
968,"SAAP",2020-02-15,0,2020-06-05,111,0,14,0
969,"HEWH",2020-02-21,0,2020-06-05,105,1,23,0
970,"ENCA",2020-02-21,0,2020-06-05,105,1,37.6,0
971,"CEOL",2020-02-21,0,2020-06-05,105,0,6,0
972,"ADFA",2020-02-21,0,2020-06-05,105,0,57.8,0
973,"MALA",2020-02-21,0,2020-06-05,105,0,42.1,0
974,"SANI",2020-02-20,0,2020-06-05,106,0,14.4,0
975,"CEOL",2020-02-21,0,2020-06-05,105,0,15.6,0
976,"RHOV",2020-02-07,0,2020-06-05,119,1,12.4,0
977,"SAAP",2020-02-20,0,2020-06-05,106,0,16.8,0
978,"RHOV",2020-02-06,0,2020-06-05,120,0,8.4,0
979,"ENCA",2020-03-19,0,2020-06-05,78,0,51.8,0
980,"ENCA",2020-03-19,0,2020-06-05,78,0,33.4,0
981,"HEWH",2020-02-21,0,2020-06-05,105,1,21.6,0
982,"ADFA",2020-02-21,0,2020-06-05,105,1,29.9,0
983,"HEWH",2020-02-15,0,2020-06-05,111,1,21.2,0
984,"HEWH",2020-02-20,0,2020-06-05,106,0,35.8,0
985,"MALA",2020-02-21,0,2020-06-05,105,0,38.5,0
986,"SANI",2020-02-15,0,2020-06-05,111,0,14.4,1
987,"CEOL",2020-02-20,0,2020-06-05,106,0,18.6,0
988,"MALA",2020-02-15,0,2020-06-05,111,0,24.5,0
989,"SANI",2020-02-15,0,2020-06-05,111,1,11.1,0
990,"CEOL",2020-02-20,0,2020-06-05,106,1,14.1,0
991,"CEOL",2020-02-20,0,2020-06-05,106,0,5.7,1
992,"CEOL",2020-02-20,0,2020-06-05,106,0,13.8,0
993,"ADFA",2020-02-21,0,2020-06-05,105,0,47.8,1
994,"ADFA",2020-02-21,0,2020-06-05,105,0,56.7,0
995,"HEWH",2020-02-21,0,2020-06-05,105,1,22.8,0
996,"ENCA",2020-02-21,0,2020-06-05,105,1,38.6,0
997,"ENCA",2020-02-20,0,2020-06-05,106,0,38.8,0
998,"ADFA",2020-02-21,0,2020-06-05,105,0,47.5,0
999,"ENCA",2020-02-21,0,2020-06-05,105,1,39.4,0
1000,"RHOV",2020-02-07,0,2020-06-05,119,0,9.6,0
1001,"CEOL",2020-02-20,0,2020-06-24,125,0,28.4,0
1002,"SAME",2020-02-20,0,2020-06-25,126,0,5.25,0
1003,"MALA",2020-02-03,0,2020-06-25,143,1,22.5,0
1004,"HEWH",2020-02-05,0,2020-06-25,141,1,21.1,0
1005,"CEOL",2020-02-07,0,2020-06-25,139,1,4.75,0
1007,"ADFA",2020-02-03,0,2020-06-25,143,0,58.6,0
1008,"RHOV",2020-02-03,0,2020-06-25,143,1,10.24,0
1009,"HEWH",2020-02-05,0,2020-06-25,141,0,20.2,0
1010,"ADFA",2020-02-03,0,2020-06-25,143,1,41.8,0
1011,"RHOV",2020-02-04,0,2020-06-25,142,0,8.86,0
1012,"MALA",2020-02-03,0,2020-06-25,143,1,25.5,0
1013,"SANI",2020-02-18,0,2020-06-25,128,0,8.5,1
1014,"ENCA",2020-02-05,0,2020-06-26,142,0,30.3,0
1015,"ENCA",2020-02-06,0,2020-06-26,141,1,32,0
1016,"MALA",2020-02-14,0,2020-06-25,132,1,29.75,0
1017,"HEWH",2020-02-20,0,2020-06-25,126,0,22,0
1018,"HEWH",2020-02-20,0,2020-06-25,126,1,24.75,0
1019,"CEOL",2020-02-06,0,2020-06-25,140,0,18.25,0
1020,"SAME",2020-02-25,0,2020-06-25,121,0,6.8,0
1021,"RHOV",2020-02-03,0,2020-06-26,144,0,10.41,0
1022,"CEOL",2020-02-06,0,2020-06-26,141,0,19,0
1023,"CEOL",2020-02-06,0,2020-06-26,141,0,13,0
1024,"CEOL",2020-02-06,0,2020-06-26,141,0,13.5,0
1025,"HEWH",2020-02-18,0,2020-06-26,129,0,25.25,0
1026,"HEWH",2020-02-18,0,2020-06-26,129,0,15,0
1027,"CEOL",2020-02-06,0,2020-06-26,141,0,19.25,0
1028,"HEWH",2020-02-05,0,2020-06-26,142,0,18,0
1030,"HEWH",2020-02-05,0,2020-06-26,142,0,33.3,0
1031,"RHOV",2020-02-03,0,2020-06-26,144,0,13.48,0
1032,"ADFA",2020-02-27,0,2020-06-26,120,0,51.5,0
1033,"CEOL",2020-02-25,0,2020-06-25,121,0,7.75,0
1034,"ADFA",2020-02-03,0,2020-06-25,143,0,59.3,0
1035,"CEOL",2020-02-06,0,2020-06-25,140,1,11.4,0
1036,"RHOV",2020-02-27,0,2020-06-25,119,1,10.5,0
1037,"HEWH",2020-02-20,0,2020-06-25,126,0,30.8,0
1038,"CEOL",2020-02-06,0,2020-06-25,140,1,11.1,0
1039,"SAAP",2020-02-18,0,2020-06-25,128,1,9.5,0
1040,"HEWH",2020-02-20,0,2020-06-25,126,0,13.8,0
1041,"HEWH",2020-02-18,0,2020-06-25,128,0,31.5,0
1042,"CEOL",2020-02-20,0,2020-06-25,126,1,5.8,0
1043,"RHOV",2020-02-03,0,2020-06-25,143,0,8.76,0
1044,"MALA",2020-02-18,0,2020-06-25,128,0,33.75,0
1045,"ENCA",2020-02-06,0,2020-06-25,140,0,19.8,0
1046,"ENCA",2020-02-06,0,2020-06-25,140,0,37.1,0
1047,"HEWH",2020-02-18,0,2020-06-25,128,0,16.25,0
1048,"ADFA",2020-02-03,0,2020-06-25,143,1,46.8,0
1049,"CEOL",2020-02-07,0,2020-06-26,140,0,4,0
1050,"SAAP",2020-02-18,0,2020-06-25,128,0,14.5,0
1051,"HEWH",2020-02-25,0,2020-06-26,122,0,20.25,0
1052,"RHOV",2020-02-04,0,2020-06-26,143,0,9.22,0
1053,"MALA",2020-02-18,0,2020-06-25,128,0,41.75,0
1054,"HEWH",2020-02-18,0,2020-06-25,128,0,21.5,0
1055,"ENCA",2020-02-25,0,2020-06-25,121,0,25.5,0
1056,"HEWH",2020-02-25,0,2020-06-25,121,0,23.5,0
1057,"SAME",2020-02-25,0,2020-06-25,121,0,6.4,0
1058,"ENCA",2020-02-06,0,2020-06-26,141,0,39.1,0
1059,"MALA",2020-02-18,0,2020-06-25,128,0,24.75,0
1060,"ADFA",2020-02-07,0,2020-06-25,139,0,23,0
1061,"CEOL",2020-02-25,0,2020-06-25,121,0,8.75,0
1062,"CEOL",2020-02-25,0,2020-06-25,121,0,13,0
1063,"HEWH",2020-02-25,0,2020-06-25,121,0,21,0
1064,"ADFA",2020-02-07,0,2020-06-25,139,0,56,0
1065,"MALA",2020-02-21,0,2020-06-26,126,0,39.5,0
1066,"SANI",2020-02-18,0,2020-06-26,129,1,9.5,0
1067,"HEWH",2020-02-25,0,2020-06-26,122,0,19,0
1068,"HEWH",2020-02-25,0,2020-06-26,122,0,32,0
1069,"ENCA",2020-02-06,0,2020-06-26,141,0,40.8,0
1070,"SANI",2020-02-18,0,2020-06-26,129,0,14.75,0
1071,"RHOV",2020-02-04,0,2020-06-25,142,1,6.99,0
1072,"RHOV",2020-02-04,0,2020-06-25,142,1,8.83,0
1073,"HEWH",2020-02-21,0,2020-06-25,125,0,20.6,0
1074,"ENCA",2020-02-25,0,2020-06-25,121,0,34.1,0
1075,"SAAP",2020-02-21,0,2020-06-25,125,1,9.9,0
1076,"MALA",2020-02-21,0,2020-06-25,125,0,39.8,0
1078,"HEWH",2020-02-25,0,2020-06-25,121,1,13.5,0
1079,"SAAP",2020-02-27,0,2020-06-25,119,0,13,0
1080,"ENCA",2020-02-25,0,2020-06-25,121,0,37.5,0
1081,"CEOL",2020-02-25,0,2020-06-25,121,0,13.75,0
1082,"ENCA",2020-02-25,0,2020-06-26,122,0,24,0
1083,"HEWH",2020-02-25,0,2020-06-26,122,0,27.25,0
1084,"ENCA",2020-02-25,0,2020-06-26,122,0,25.5,0
1085,"RHOV",2020-02-21,0,2020-06-26,126,0,20.9,0
1086,"RHOV",2020-02-21,0,2020-06-26,126,0,16.7,0
1087,"MALA",2020-02-21,0,2020-06-26,126,1,21,0
1088,"RHOV",2020-02-25,0,2020-06-26,122,1,9,0
1089,"SANI",2020-02-18,0,2020-06-25,128,0,9.75,0
1090,"HEWH",2020-02-25,0,2020-06-25,121,0,14,0
1091,"HEWH",2020-02-25,0,2020-06-25,121,1,16,0
1092,"CEOL",2020-02-25,0,2020-06-25,121,1,10.75,0
1093,"ENCA",2020-02-25,0,2020-06-25,121,0,44.25,0
1094,"CEOL",2020-02-25,0,2020-06-25,121,0,28.25,0
1095,"ENCA",2020-02-27,0,2020-06-25,119,0,42.5,0
1096,"HEWH",2020-02-25,0,2020-06-25,121,0,16.25,0
1097,"CEOL",2020-02-25,0,2020-06-26,122,0,11.5,0
1098,"HEWH",2020-02-25,0,2020-06-26,122,0,18.25,0
1099,"CEOL",2020-02-25,0,2020-06-26,122,0,7.75,0
1100,"SANI",2020-02-25,0,2020-06-26,122,0,11.5,0
1101,"RHOV",2020-02-03,0,2020-06-25,143,0,12.1,0
1102,"RHOV",2020-02-03,0,2020-06-25,143,0,9.36,0
1103,"SAAP",2020-02-13,0,2020-06-25,133,0,24.5,0
1104,"RHOV",2020-02-03,0,2020-06-25,143,0,11.01,0
1105,"HEWH",2020-02-05,0,2020-06-25,141,0,19.1,0
1106,"RHOV",2020-02-03,0,2020-06-25,143,1,9.07,0
1107,"SANI",2020-02-18,0,2020-06-25,128,1,8.25,0
1108,"ADFA",2020-02-03,0,2020-06-25,143,1,47.5,0
1109,"ADFA",2020-02-03,0,2020-06-25,143,1,33.3,0
1110,"HEWH",2020-02-05,0,2020-06-25,141,1,20.2,0
1111,"CEOL",2020-02-05,0,2020-06-25,141,1,32.7,0
1112,"CEOL",2020-02-05,0,2020-06-25,141,1,26.5,0
1113,"SAME",2020-02-27,0,2020-06-25,119,0,7.5,0
1114,"ENCA",2020-02-05,0,2020-06-25,141,0,33.4,0
1115,"RHOV",2020-02-05,0,2020-06-25,141,0,12.45,0
1116,"HEWH",2020-02-27,0,2020-06-25,119,0,21,0
1117,"ENCA",2020-02-05,0,2020-06-25,141,1,28.9,0
1118,"RHOV",2020-02-05,0,2020-06-25,141,0,14.51,0
1119,"CEOL",2020-02-05,0,2020-06-25,141,1,27.1,0
1120,"ADFA",2020-02-07,0,2020-06-25,139,0,49,0
1121,"CEOL",2020-02-05,0,2020-06-25,141,0,26.8,0
1122,"ENCA",2020-02-05,0,2020-06-25,141,0,28.9,0
1124,"RHOV",2020-02-05,0,2020-06-25,141,0,10.45,0
1125,"SAAP",2020-02-27,0,2020-06-25,119,1,11.75,0
1126,"CEOL",2020-02-05,0,2020-06-25,141,0,24.6,1
1127,"ADFA",2020-02-18,0,2020-06-25,128,0,62.5,0
1128,"HEWH",2020-02-05,0,2020-06-25,141,0,30,0
1129,"ENCA",2020-02-05,0,2020-06-25,141,1,19.3,0
1130,"SAME",2020-02-27,0,2020-06-25,119,1,16,0
1131,"CEOL",2020-02-05,0,2020-06-26,142,1,17.2,0
1132,"CEOL",2020-02-05,0,2020-06-26,142,1,18.3,0
1133,"ENCA",2020-02-05,0,2020-06-26,142,1,39.1,0
1134,"SAME",2020-02-27,0,2020-06-26,120,1,10,0
1135,"ENCA",2020-02-05,0,2020-06-25,141,0,33.6,1
1136,"ENCA",2020-02-05,0,2020-06-25,141,0,35.2,0
1137,"MALA",2020-02-03,0,2020-06-26,144,1,42,0
1138,"RHOV",2020-03-27,0,2020-06-26,91,1,14.2,0
1139,"SAME",2020-02-27,0,2020-06-26,120,0,6.75,0
1140,"SAME",2020-02-27,0,2020-06-26,120,0,12.25,0
1141,"HEWH",2020-02-27,0,2020-06-26,120,0,10.5,0
1142,"CEOL",2020-02-27,0,2020-06-26,120,0,9,0
1143,"MALA",2020-02-27,0,2020-06-26,120,1,39.5,0
1144,"HEWH",2020-02-27,0,2020-06-26,120,0,22,0
1145,"SANI",2020-02-27,0,2020-06-26,120,1,8.5,0
1146,"HEWH",2020-02-27,0,2020-06-26,120,1,17.6,0
1147,"HEWH",2020-02-27,0,2020-06-26,120,0,26.75,0
1148,"CEOL",2020-02-27,0,2020-06-26,120,1,9.5,0
1149,"SANI",2020-02-27,0,2020-06-26,120,0,10.75,0
1150,"HEWH",2020-02-18,0,2020-06-26,129,1,13.6,0
1151,"CEOL",2020-02-27,0,2020-06-26,120,1,11.75,0
1152,"HEAR",2020-02-27,0,2020-06-26,120,1,19.4,0
1153,"MALA",2020-02-27,0,2020-06-26,120,0,30,0
1154,"SANI",2020-02-27,0,2020-06-26,120,0,7.5,0
1155,"SAAP",2020-02-27,0,2020-06-26,120,0,13,0
1156,"SAME",2020-02-27,0,2020-06-26,120,0,11.25,0
1157,"HEWH",2020-02-18,0,2020-06-26,129,1,32.1,0
1158,"SAAP",2020-02-27,0,2020-06-26,120,1,11.6,0
1159,"ADFA",2020-02-06,0,2020-06-26,141,0,39,0
1160,"HEWH",2020-02-27,0,2020-06-26,120,1,27.75,0
1161,"ENCA",2020-02-27,0,2020-06-26,120,1,33.5,0
1162,"ENCA",2020-02-27,0,2020-06-26,120,1,26.2,0
1163,"SANI",2020-02-18,0,2020-06-26,129,1,15.2,0
1164,"SAME",2020-02-27,0,2020-06-26,120,1,8.4,0
1165,"SAME",2020-02-01,0,2020-06-26,146,1,11.5,0
1166,"RHOV",2020-02-06,0,2020-06-26,141,1,14.5,0
1167,"HEWH",2020-02-01,0,2020-06-26,146,0,10.25,0
1168,"MALA",2020-02-01,0,2020-06-26,146,1,20.1,0
1169,"SAME",2020-02-01,0,2020-06-26,146,1,14.1,0
1170,"CEOL",2020-02-06,0,2020-06-26,141,0,20.25,0
1171,"SANI",2020-02-01,0,2020-06-26,146,0,8,0
1172,"CEOL",2020-02-01,0,2020-06-26,146,1,9.75,0
1173,"SANI",2020-02-18,0,2020-06-26,129,1,16.3,0
1174,"ENCA",2020-02-01,0,2020-06-26,146,0,34,0
1175,"ADFA",2020-02-07,0,2020-06-26,140,0,54.5,0
1176,"ENCA",2020-02-18,0,2020-06-26,129,1,15.9,0
1177,"RHOV",2020-02-06,0,2020-06-26,141,0,12.7,0
1178,"RHOV",2020-02-06,0,2020-06-26,141,1,13.2,0
1179,"ENCA",2020-02-18,0,2020-06-26,129,0,7.8,0
1180,"MALA",2020-02-20,0,2020-06-26,127,0,16.6,0
1181,"CEOL",2020-02-01,0,2020-06-26,146,1,11.1,0
1182,"HEWH",2020-02-01,0,2020-06-26,146,0,14.1,0
1183,"ADFA",2020-02-07,0,2020-06-26,140,0,46.9,0
1184,"CEOL",2020-02-06,0,2020-06-26,141,0,11.8,1
1185,"CEOL",2020-02-06,0,2020-06-26,141,0,24.1,0
1186,"MALA",2020-02-21,0,2020-06-26,126,0,36.8,1
1187,"RHOV",2020-02-04,0,2020-06-26,143,1,10.16,0
1188,"CEOL",2020-02-01,0,2020-06-26,146,0,7.2,0
1189,"CEOL",2020-02-01,0,2020-06-26,146,1,7.5,0
1190,"CEOL",2020-02-01,0,2020-06-26,146,1,8.6,0
1191,"ADFA",2020-02-07,0,2020-06-26,140,0,61.6,0
1192,"ENCA",2020-02-06,0,2020-06-26,141,0,26.7,0
1193,"SAME",2020-02-01,0,2020-06-26,146,1,12.3,0
1194,"ADFA",2020-02-07,0,2020-06-26,140,0,58.5,0
1195,"MALA",2020-03-03,0,2020-06-26,115,0,31.6,0
1196,"MALA",2020-02-01,0,2020-06-26,146,1,36.25,0
1198,"RHOV",2020-02-06,0,2020-06-26,141,0,12.4,0
1199,"SAME",2020-02-01,0,2020-06-26,146,1,5.4,0
1200,"ENCA",2020-02-01,0,2020-06-26,146,0,28.25,0
1201,"ADFA",2020-02-18,0,2020-06-25,128,1,42.5,0
1202,"SAAP",2020-02-14,0,2020-06-25,132,1,13,0
1203,"HEWH",2020-02-03,0,2020-06-25,143,0,19.2,0
1204,"RHOV",2020-02-03,0,2020-06-25,143,0,9.19,0
1205,"SANI",2020-02-14,0,2020-06-25,132,0,10.5,0
1207,"SANI",2020-02-14,0,2020-06-25,132,1,12.25,0
1208,"HEWH",2020-02-20,0,2020-06-25,126,1,18,0
1209,"ADFA",2020-02-03,0,2020-06-25,143,1,25.3,0
1210,"SAAP",2020-02-20,0,2020-06-25,126,1,11.75,0
1211,"SANI",2020-02-14,0,2020-06-25,132,0,6.75,0
1212,"CEOL",2020-02-14,0,2020-06-25,132,0,24.5,0
1213,"ENCA",2020-02-20,0,2020-06-25,126,0,8.25,0
1214,"SAAP",2020-02-20,0,2020-06-25,126,1,9,0
1215,"RHOV",2020-02-03,0,2020-06-25,143,0,7.2,0
1216,"SAME",2020-02-14,0,2020-06-25,132,1,43.75,0
1217,"RHOV",2020-02-04,0,2020-06-25,142,1,12.7,0
1218,"MALA",2020-03-03,0,2020-06-25,114,0,33.5,0
1219,"CEOL",2020-02-14,0,2020-06-25,132,1,15.25,0
1220,"SAAP",2020-02-14,0,2020-06-25,132,1,25,0
1221,"ENCA",2020-02-27,0,2020-06-25,119,1,40.3,0
1222,"ADFA",2020-02-21,0,2020-06-25,125,0,38.6,0
1223,"HEWH",2020-02-27,0,2020-06-25,119,1,24.9,0
1224,"ADFA",2020-02-21,0,2020-06-25,125,0,41.8,0
1225,"MALA",2020-02-14,0,2020-06-25,132,1,36.75,0
1226,"ENCA",2020-02-01,0,2020-06-26,146,0,40.6,0
1227,"ADFA",2020-02-04,0,2020-06-25,142,0,45.3,0
1228,"CEOL",2020-02-01,0,2020-06-26,146,1,10.1,0
1229,"HEWH",2020-02-01,0,2020-06-26,146,1,15.8,0
1230,"SAAP",2020-02-20,0,2020-06-26,127,1,17.6,0
1231,"HEAR",2020-02-01,0,2020-06-26,146,1,13.5,0
1232,"HEWH",2020-02-01,0,2020-06-26,146,0,21.1,1
1233,"SAME",2020-02-01,0,2020-06-26,146,1,15.9,0
1234,"CEOL",2020-02-01,0,2020-06-26,146,0,8.3,0
1235,"MALA",2020-03-03,0,2020-06-26,115,0,24.4,0
1236,"RHOV",2020-02-01,0,2020-06-25,145,1,15.1,0
1237,"RHOV",2020-02-01,0,2020-06-26,146,1,8.7,0
1238,"ADFA",2020-02-04,0,2020-06-26,143,0,54.3,0
1239,"ADFA",2020-02-21,0,2020-06-26,126,1,61.2,0
1240,"ADFA",2020-02-21,0,2020-06-26,126,1,60.2,0
1241,"HEWH",2020-02-01,0,2020-06-26,146,0,16.6,0
1242,"SANI",2020-02-18,0,2020-06-26,129,0,14.75,0
1243,"ADFA",2020-02-21,0,2020-06-26,126,1,39.1,0
1244,"RHOV",2020-02-04,0,2020-06-25,142,0,12.88,0
1245,"ADFA",2020-02-21,0,2020-06-25,125,0,46.2,0
1246,"SANI",2020-02-18,0,2020-06-25,128,0,7.5,0
1247,"ADFA",2020-02-21,0,2020-06-25,125,0,58.6,0
1248,"SANI",2020-02-18,0,2020-06-25,128,0,11,0
1249,"ADFA",2020-02-21,0,2020-06-25,125,1,49.2,0
1250,"RHOV",2020-02-04,0,2020-06-25,142,1,7.67,0
1251,"ENCA",2020-03-03,0,2020-06-25,114,0,32.1,0
1252,"HEWH",2020-03-03,0,2020-06-25,114,0,16.3,0
1254,"CEOL",2020-02-20,0,2020-06-25,126,1,7,0
1255,"RHOV",2020-02-04,0,2020-06-25,142,0,8.25,0
1256,"HEWH",2020-03-02,0,2020-06-25,115,0,11,0
1257,"RHOV",2020-02-20,0,2020-06-25,126,0,18,0
1258,"RHOV",2020-02-04,0,2020-06-25,142,0,7.46,0
1259,"CEOL",2020-02-20,0,2020-06-25,126,1,7.4,0
1260,"RHOV",2020-02-04,0,2020-06-25,142,1,8.67,0
1261,"RHOV",2020-02-04,0,2020-06-25,142,0,5.36,1
1262,"MALA",2020-02-21,0,2020-06-25,125,0,45.7,0
1263,"SANI",2020-02-18,0,2020-06-25,128,1,12.2,0
1264,"RHOV",2020-02-07,0,2020-06-25,139,0,7.75,0
1265,"HEWH",2020-02-05,0,2020-06-25,141,1,24.2,0
1266,"RHOV",2020-02-03,0,2020-06-25,143,0,5.38,0
1267,"CEOL",2020-02-05,0,2020-06-25,141,1,16.5,0
1268,"HEWH",2020-02-05,0,2020-06-25,141,1,32.9,0
1269,"MALA",2020-02-14,0,2020-06-25,132,1,35.75,0
1270,"ADFA",2020-02-03,0,2020-06-25,143,1,69,0
1271,"SAME",2020-02-03,0,2020-06-25,143,0,21.4,1
1272,"ENCA",2020-02-05,0,2020-06-25,141,0,43.1,1
1273,"ENCA",2020-02-05,0,2020-06-25,141,0,31.2,0
1274,"ADFA",2020-02-03,0,2020-06-25,143,1,39.4,0
1275,"ADFA",2020-02-04,0,2020-06-24,141,1,51,0
1276,"RHOV",2020-03-27,0,2020-06-24,89,1,12.7,0
1277,"MALA",2020-02-21,0,2020-06-25,125,0,38.4,0
1278,"SANI",2020-02-18,0,2020-06-25,128,0,13.75,0
1279,"HEWH",2020-03-03,0,2020-06-25,114,0,22.1,0
1280,"SANI",2020-02-21,0,2020-06-25,125,0,8.4,0
1281,"CEOL",2020-03-02,0,2020-06-25,115,0,12,0
1283,"ENCA",2020-02-21,0,2020-06-25,125,1,7.2,0
1284,"HEWH",2020-03-03,0,2020-06-25,114,0,27.3,0
1285,"CEOL",2020-02-06,0,2020-06-25,140,0,20,0
1286,"HEWH",2020-02-27,0,2020-06-25,119,0,27.2,0
1287,"HEWH",2020-02-27,0,2020-06-25,119,1,31.4,0
1288,"SAAP",2020-02-13,0,2020-06-25,133,1,23.4,0
1289,"ADFA",2020-02-21,0,2020-06-25,125,0,63.5,0
1290,"HEAR",2020-02-27,0,2020-06-25,119,1,20.8,0
1291,"SAME",2020-03-03,0,2020-06-25,114,0,13.25,0
1292,"ENCA",2020-03-03,0,2020-06-25,114,0,32,0
1293,"HEWH",2020-03-02,0,2020-06-25,115,0,12.2,0
1294,"RHOV",2020-02-07,0,2020-06-25,139,0,6,0
1295,"CEOL",2020-02-20,0,2020-06-25,126,1,8.3,0
1296,"MALA",2020-02-21,0,2020-06-25,125,0,38.8,0
1297,"HEWH",2020-03-03,0,2020-06-25,114,0,22.4,0
1298,"ADFA",2020-02-21,0,2020-06-25,125,0,52.4,0
1299,"CEOL",2020-02-21,0,2020-06-25,125,0,14,0
1300,"ENCA",2020-03-02,0,2020-06-26,116,1,6.8,0
1301,"ADFA",2020-02-03,0,2020-06-26,144,0,28,0
1302,"HEWH",2020-02-18,0,2020-06-26,129,0,22,0
1303,"ENCA",2020-02-06,0,2020-06-26,141,0,26.25,0
1304,"ENCA",2020-02-06,0,2020-06-26,141,0,30,0
1305,"ADFA",2020-02-07,0,2020-06-26,140,0,64.5,0
1306,"MALA",2020-02-27,0,2020-06-26,120,0,40,0
1307,"SAAP",2020-02-01,0,2020-06-26,146,0,4.8,0
1308,"ENCA",2020-02-27,0,2020-06-26,120,0,32,0
1310,"RHOV",2020-02-06,0,2020-06-26,141,0,15.4,0
1311,"HEWH",2020-02-01,0,2020-06-26,146,1,14.1,0
1312,"RHOV",2020-02-06,0,2020-06-26,141,0,8,0
1313,"RHOV",2020-02-06,0,2020-06-26,141,0,12.25,0
1314,"SAME",2020-02-01,0,2020-06-26,146,1,8.3,0
1315,"ENCA",2020-02-06,0,2020-06-26,141,0,29,0
1316,"SAME",2020-02-01,0,2020-06-26,146,0,6.4,0
1317,"HEWH",2020-02-01,0,2020-06-26,146,0,24.8,0
1318,"SANI",2020-02-01,0,2020-06-26,146,0,11.6,0
1319,"SAAP",2020-02-01,0,2020-06-26,146,1,13.9,0
1320,"SAME",2020-02-01,0,2020-06-26,146,0,8.8,0
1321,"CEOL",2020-02-06,0,2020-06-26,141,0,25.75,0
1322,"RHOV",2020-02-06,0,2020-06-26,141,0,11.5,0
1323,"HEWH",2020-02-01,0,2020-06-26,146,0,20.9,0
1324,"SAME",2020-02-01,0,2020-06-26,146,0,10.4,0
1325,"SAME",2020-02-01,0,2020-06-26,146,0,14.7,0
1326,"MALA",2020-02-01,0,2020-06-26,146,0,31.4,0
1327,"SANI",2020-02-01,0,2020-06-26,146,1,6,0
1328,"SAME",2020-02-01,0,2020-06-26,146,0,9.8,0
1329,"HEWH",2020-02-01,0,2020-06-26,146,0,35.6,0
1330,"ENCA",2020-02-06,0,2020-06-26,141,0,31.25,0
1331,"SAME",2020-02-01,0,2020-06-26,146,0,10.4,0
1332,"ENCA",2020-02-06,0,2020-06-26,141,0,27.5,0
1333,"HEWH",2020-02-01,0,2020-06-26,146,0,19.8,0
1334,"HEWH",2020-02-01,0,2020-06-26,146,0,30.3,0
1335,"ENCA",2020-02-01,0,2020-06-26,146,1,29.5,0
1338,"CEOL",2020-02-06,0,2020-06-26,141,0,25.75,0
1339,"HEWH",2020-02-18,0,2020-06-26,129,0,33,0
1340,"CEOL",2020-02-06,0,2020-06-26,141,1,10.75,0
1341,"SANI",2020-02-18,0,2020-06-26,129,1,17.3,0
1342,"ENCA",2020-02-01,0,2020-06-26,146,0,34.6,0
1343,"SAAP",2020-02-18,0,2020-06-26,129,0,20.5,0
1344,"CEOL",2020-02-06,0,2020-06-26,141,1,8.75,0
1345,"RHOV",2020-02-06,0,2020-06-26,141,0,12.5,0
1346,"HEWH",2020-02-01,0,2020-06-26,146,0,23,0
1347,"ADFA",2020-02-06,0,2020-06-26,141,0,54,0
1348,"MALA",2020-02-18,0,2020-06-26,129,1,41.2,0
1349,"SAME",2020-03-03,0,2020-06-26,115,0,8.6,0
1350,"RHOV",2020-02-06,0,2020-06-26,141,0,10.5,0
1351,"ADFA",2020-02-06,0,2020-06-26,141,0,56.5,0
1352,"CEOL",2020-02-06,0,2020-06-26,141,1,19.5,0
1353,"RHOV",2020-02-06,0,2020-06-26,141,1,8.75,0
1354,"HEWH",2020-02-18,0,2020-06-26,129,0,20.2,0
1355,"SANI",2020-02-18,0,2020-06-26,129,0,14.5,0
1356,"RHOV",2020-02-06,0,2020-06-26,141,0,10.75,0
1357,"ENCA",2020-02-01,0,2020-06-26,146,1,24.9,0
1358,"CEOL",2020-02-06,0,2020-06-26,141,1,14.5,0
1359,"ADFA",2020-02-01,0,2020-06-26,146,1,25.2,0
1360,"CEOL",2020-02-01,0,2020-06-26,146,1,3.7,0
1361,"ENCA",2020-02-01,0,2020-06-26,146,1,23.75,0
1362,"ADFA",2020-02-01,0,2020-06-26,146,0,44.6,0
1363,"SAME",2020-02-01,0,2020-06-26,146,1,8.6,0
1364,"RHOV",2020-02-06,0,2020-06-26,141,0,5.08,0
1365,"ENCA",2020-02-01,0,2020-06-26,146,1,28.25,0
1366,"SAAP",2020-02-01,0,2020-06-26,146,0,12.1,0
1367,"RHOV",2020-02-06,0,2020-06-26,141,0,6.26,0
1368,"RHOV",2020-02-06,0,2020-06-26,141,0,11.5,0
1369,"ENCA",2020-02-06,0,2020-06-26,141,0,29.4,0
1370,"HEWH",2020-02-18,0,2020-06-26,129,0,12,1
1371,"CEOL",2020-02-06,0,2020-06-26,141,0,21,1
1372,"HEWH",2020-02-18,0,2020-06-26,129,0,24.5,0
1373,"MALA",2020-02-21,0,2020-06-26,126,0,24,0
1374,"SANI",2020-02-21,0,2020-06-26,126,0,13.1,1
1375,"CEOL",2020-02-01,0,2020-06-26,146,1,9.1,0
1376,"HEAR",2020-02-01,0,2020-06-26,146,0,17.9,0
1377,"SANI",2020-02-18,0,2020-06-26,129,0,11,0
1379,"HEWH",2020-02-01,0,2020-06-26,146,0,16.3,1
1380,"RHOV",2020-02-07,0,2020-06-26,140,1,9.25,0
1381,"CEOL",2020-02-01,0,2020-06-26,146,1,7.75,0
1382,"SAME",2020-02-01,0,2020-06-26,146,1,8,0
1383,"RHOV",2020-02-21,0,2020-06-25,125,0,14.7,0
1384,"CEOL",2020-02-20,0,2020-06-25,126,0,6.5,0
1385,"SAAP",2020-02-01,0,2020-06-26,146,1,12.2,0
1387,"CEOL",2020-03-03,0,2020-06-26,115,0,14.3,0
1388,"CEOL",2020-02-01,0,2020-06-26,146,1,9.3,0
1389,"HEWH",2020-02-01,0,2020-06-26,146,0,24.2,1
1390,"RHOV",2020-03-27,0,2020-06-25,90,0,12.4,0
1391,"CEOL",2020-02-01,0,2020-06-26,146,1,9.2,0
1392,"CEOL",2020-03-02,0,2020-06-26,116,0,19.6,0
1393,"SANI",2020-02-20,0,2020-06-25,126,0,10,0
1394,"ADFA",2020-02-21,0,2020-06-26,126,0,57,0
1395,"ADFA",2020-02-21,0,2020-06-26,126,0,63.5,0
1396,"HEWH",2020-02-01,0,2020-06-26,146,0,37.3,1
1399,"RHOV",2020-02-06,0,2020-06-26,141,0,15.4,0
1400,"SAAP",2020-02-28,0,2020-06-26,119,0,13.1,0
1401,"CEOL",2020-02-20,0,2020-06-25,126,0,14.5,0
1402,"RHOV",2020-03-27,0,2020-06-25,90,0,13.2,0
1403,"MALA",2020-02-21,0,2020-06-26,126,0,35.7,0
1404,"HEAR",2020-03-04,0,2020-06-05,93,1,11.5,0
1405,"RHOV",2020-02-06,0,2020-06-26,141,0,7.51,1
1406,"CEOL",2020-02-28,0,2020-06-26,119,0,9.5,0
1407,"HEAR",2020-03-04,0,2020-06-05,93,0,8,0
1409,"HEAR",2020-03-04,0,2020-06-05,93,1,16.9,0
1410,"HEAR",2020-03-04,0,2020-06-05,93,0,12.1,0
1411,"HEAR",2020-03-04,0,2020-06-05,93,0,8.9,0
1412,"RHOV",2020-02-06,0,2020-06-26,141,0,12.9,0
1413,"RHOV",2020-03-27,0,2020-06-26,91,0,9.5,0
1414,"RHOV",2020-02-06,0,2020-06-26,141,0,14,0
1415,"HEAR",2020-03-04,0,2020-06-26,114,1,10.1,0
1417,"HEAR",2020-03-04,0,2020-06-05,93,0,11.6,0
1418,"ADFA",2020-02-21,0,2020-06-26,126,0,60.3,0
1419,"SAAP",2020-02-01,0,2020-06-26,146,1,11.6,0
1420,"HEAR",2020-03-04,0,2020-06-26,114,0,8.3,1
1421,"HEAR",2020-03-04,0,2020-06-05,93,0,12,0
1423,"HEAR",2020-03-04,0,2020-06-05,93,0,9.4,0
1424,"HEAR",2020-03-04,0,2020-06-26,114,1,11.4,0
1425,"HEAR",2020-03-04,0,2020-06-05,93,0,12,0
1426,"HEAR",2020-03-04,0,2020-06-05,93,1,10.2,0
1428,"HEAR",2020-03-04,0,2020-06-24,112,1,7.6,0
1429,"HEAR",2020-03-04,0,2020-06-05,93,1,14.9,0
1430,"HEAR",2020-03-04,0,2020-06-26,114,1,20.2,0
1432,"HEAR",2020-03-04,0,2020-06-24,112,0,11.4,0
1434,"HEAR",2020-03-04,0,2020-06-26,114,1,16.6,0
1435,"HEAR",2020-03-04,0,2020-06-24,112,1,8.9,0
1436,"HEAR",2020-03-04,0,2020-06-24,112,0,13.1,0
1437,"HEAR",2020-03-04,0,2020-06-24,112,0,12.7,0
1438,"HEAR",2020-03-04,0,2020-06-24,112,0,12.5,1
1440,"HEAR",2020-03-05,0,2020-06-25,112,1,9.3,0
1441,"HEAR",2020-03-05,0,2020-06-25,112,0,7.8,0
1442,"HEAR",2020-03-04,0,2020-06-26,114,1,12.5,0
1443,"HEAR",2020-03-05,0,2020-06-26,113,1,8.3,0
1444,"HEAR",2020-03-05,0,2020-06-25,112,1,9.4,0
1446,"HEAR",2020-03-05,0,2020-06-24,111,1,10.6,0
1447,"HEAR",2020-03-04,0,2020-06-24,112,1,13,0
1448,"HEAR",2020-03-05,0,2020-06-24,111,1,8.5,0
1449,"HEAR",2020-03-04,0,2020-06-26,114,0,10.6,1
1450,"HEAR",2020-03-04,0,2020-06-24,112,1,9.6,0
1451,"HEAR",2020-03-05,0,2020-06-26,113,0,7.6,1
1452,"HEAR",2020-03-05,0,2020-06-26,113,0,9.1,1
1453,"HEAR",2020-03-04,0,2020-06-24,112,0,11.4,0
1454,"HEAR",2020-03-05,0,2020-06-25,112,1,8.2,0
1455,"HEAR",2020-03-04,0,2020-06-24,112,1,7.9,0
1456,"HEAR",2020-03-04,0,2020-06-24,112,0,8.4,0
1457,"HEAR",2020-03-04,0,2020-06-24,112,1,7.7,0
1458,"HEAR",2020-03-05,0,2020-06-25,112,0,13.9,0
1459,"HEAR",2020-03-05,0,2020-06-24,111,0,10.8,0
1460,"HEAR",2020-03-05,0,2020-06-24,111,0,8.1,0
1461,"HEAR",2020-03-05,0,2020-06-25,112,0,7.3,0
1462,"ADFA",2020-03-05,0,2020-06-24,111,1,20.2,0
1463,"ADFA",2020-03-05,0,2020-06-24,111,0,56.75,0
1464,"ADFA",2020-03-05,0,2020-06-25,112,0,42.5,0
1465,"ADFA",2020-03-05,0,2020-06-24,111,0,52.75,0
1466,"ADFA",2020-03-05,0,2020-06-24,111,0,51,1
1467,"ADFA",2020-03-05,0,2020-06-24,111,0,48.25,0
1468,"ADFA",2020-03-05,0,2020-06-05,92,0,36,0
1469,"ADFA",2020-03-05,0,2020-06-24,111,0,58,0
1470,"ADFA",2020-03-05,0,2020-06-24,111,0,54.25,0
1471,"ADFA",2020-03-05,0,2020-06-24,111,0,55.25,0
1472,"ADFA",2020-03-05,0,2020-06-05,92,0,50.1,0
1473,"ADFA",2020-03-05,0,2020-06-05,92,0,58.25,0
1474,"ADFA",2020-03-05,0,2020-06-05,92,0,36.75,0
1476,"ADFA",2020-03-05,0,2020-06-05,92,0,53.5,0
1477,"ADFA",2020-03-05,0,2020-06-05,92,0,42.9,0
1479,"SANI",2020-03-06,0,2020-06-05,91,0,10.6,0
1480,"HEAR",2020-03-05,0,2020-06-05,92,0,10.6,1
1481,"HEAR",2020-03-05,0,2020-06-05,92,1,6.9,0
1482,"HEAR",2020-03-05,0,2020-06-05,92,0,10.1,0
1483,"HEAR",2020-03-05,0,2020-06-05,92,1,6.3,0
1484,"HEAR",2020-03-05,0,2020-06-05,92,1,8.6,0
1485,"HEAR",2020-03-05,0,2020-06-24,111,1,8.6,0
1486,"HEAR",2020-03-05,0,2020-06-24,111,0,7.2,0
1487,"HEAR",2020-03-05,0,2020-06-26,113,1,7.9,0
1488,"HEAR",2020-03-05,0,2020-06-26,113,0,10.2,1
1491,"HEAR",2020-03-05,0,2020-06-26,113,1,12.9,0
1492,"HEAR",2020-03-05,0,2020-06-24,111,1,9.8,0
1493,"HEAR",2020-03-05,0,2020-06-24,111,1,9,0
1494,"HEAR",2020-03-05,0,2020-06-24,111,0,7.7,1
1495,"HEAR",2020-03-05,0,2020-06-24,111,1,8.6,0
1497,"HEAR",2020-03-05,0,2020-06-26,113,1,8.5,0
1498,"HEAR",2020-03-05,0,2020-06-26,113,1,10.1,0
1499,"HEAR",2020-03-05,0,2020-06-26,113,1,6.8,0
1500,"HEAR",2020-03-05,0,2020-06-25,112,1,8.7,0
1501,"SAME",2020-03-06,0,2020-06-05,91,0,9.6,0
1503,"SAME",2020-03-06,0,2020-06-26,112,0,9,0
1507,"HEAR",2020-03-05,0,2020-06-25,112,1,11.1,0
1508,"HEAR",2020-03-05,0,2020-06-25,112,1,7.9,0
1509,"HEAR",2020-03-05,0,2020-06-25,112,1,8.3,0
1510,"HEAR",2020-03-09,0,2020-06-24,107,0,18.3,0
1511,"HEAR",2020-03-05,0,2020-06-24,111,0,13.8,0
1512,"HEAR",2020-03-05,0,2020-06-24,111,1,9.1,0
1513,"HEAR",2020-03-05,0,2020-06-24,111,1,8.2,0
1514,"HEAR",2020-03-05,0,2020-06-25,112,1,10.4,0
1515,"HEAR",2020-03-05,0,2020-06-25,112,1,14.1,0
1517,"SAME",2020-03-05,0,2020-06-25,112,0,13.9,0
1518,"HEAR",2020-03-05,0,2020-06-24,111,0,36.1,0
1519,"HEAR",2020-03-05,0,2020-06-24,111,1,6.8,0
1520,"HEAR",2020-03-05,0,2020-06-25,112,1,7.8,0
1521,"HEAR",2020-03-05,0,2020-06-26,113,1,7.3,0
1522,"HEAR",2020-03-05,0,2020-06-26,113,1,7.3,0
1523,"HEAR",2020-03-05,0,2020-06-26,113,0,13.4,0
1524,"HEAR",2020-03-05,0,2020-06-26,113,0,12.3,0
1525,"HEAR",2020-03-05,0,2020-06-25,112,1,8.4,0
1526,"HEAR",2020-03-05,0,2020-06-26,113,0,10.3,0
1527,"HEAR",2020-03-05,0,2020-06-25,112,1,6.6,0
1528,"HEAR",2020-03-05,0,2020-06-26,113,1,6.4,0
1529,"HEAR",2020-03-05,0,2020-06-26,113,1,5.7,0
1531,"SANI",2020-03-06,0,2020-06-25,111,1,10.1,0
1532,"SAME",2020-03-06,0,2020-06-25,111,1,10.5,0
1533,"SANI",2020-03-06,0,2020-06-25,111,1,9.4,0
1534,"SANI",2020-03-06,0,2020-06-24,110,0,6.8,0
1535,"HEAR",2020-03-05,0,2020-06-26,113,1,7.25,0
1536,"HEAR",2020-03-05,0,2020-06-26,113,1,8.6,0
1537,"HEAR",2020-03-05,0,2020-06-26,113,1,3.1,0
1538,"HEAR",2020-03-05,0,2020-06-26,113,0,6.3,0
1539,"HEAR",2020-03-05,0,2020-06-26,113,1,6.4,0
1540,"SANI",2020-03-06,0,2020-06-25,111,0,5.5,0
1541,"SANI",2020-03-06,0,2020-06-24,110,0,12.6,1
1542,"SAME",2020-03-06,0,2020-06-24,110,0,10.7,0
1543,"SAME",2020-03-06,0,2020-06-24,110,0,12.3,0
1544,"SANI",2020-03-06,0,2020-06-24,110,1,7.1,0
1545,"SAME",2020-03-06,0,2020-06-24,110,0,3.4,0
1546,"SAME",2020-03-06,0,2020-06-25,111,0,6.5,0
1547,"SANI",2020-03-06,0,2020-06-24,110,0,2.9,1
1548,"SANI",2020-03-06,0,2020-06-25,111,0,7.6,1
1549,"SAME",2020-03-06,0,2020-06-25,111,0,6.1,0
1550,"SANI",2020-03-06,0,2020-06-24,110,1,13.1,0
1551,"SANI",2020-03-06,0,2020-06-24,110,0,9.1,0
1552,"SANI",2020-03-06,0,2020-06-25,111,0,7.5,0
1553,"SANI",2020-03-06,0,2020-06-25,111,0,9.75,1
1554,"SAME",2020-03-06,0,2020-06-25,111,0,5.25,1
1555,"SAME",2020-03-06,0,2020-06-26,112,0,4.2,0
1556,"SAME",2020-03-06,0,2020-06-26,112,1,5.75,0
1557,"SANI",2020-03-06,0,2020-06-26,112,0,8.4,0
1558,"SAME",2020-03-06,0,2020-06-26,112,0,11.8,0
1559,"SANI",2020-03-06,0,2020-06-26,112,0,7.75,0
1560,"SANI",2020-03-06,0,2020-06-26,112,1,8.25,0
1561,"SANI",2020-03-06,0,2020-06-26,112,1,9.75,0
1562,"SAME",2020-03-06,0,2020-06-26,112,0,4.9,0
1563,"SANI",2020-03-06,0,2020-06-26,112,1,4.4,0
1565,"SAME",2020-03-06,0,2020-06-26,112,1,6.4,0
1566,"SANI",2020-03-06,0,2020-06-26,112,1,7.2,0
1567,"SAME",2020-03-06,0,2020-06-26,112,0,5.1,1
1568,"SANI",2020-03-06,0,2020-06-26,112,1,12.5,0
1569,"SANI",2020-03-06,0,2020-06-26,112,0,7.5,0
1570,"SAME",2020-03-06,0,2020-06-26,112,0,5,1
1571,"SANI",2020-03-06,0,2020-06-26,112,0,8,0
1572,"SAME",2020-03-06,0,2020-06-25,111,1,1.7,0
1573,"SANI",2020-03-06,0,2020-06-25,111,1,7.8,0
1574,"SANI",2020-03-06,0,2020-06-25,111,0,11,0
1575,"SAME",2020-03-06,0,2020-06-05,91,0,4.8,0
1576,"SANI",2020-03-06,0,2020-06-25,111,1,10.6,0
1577,"SANI",2020-03-06,0,2020-06-25,111,1,10,0
1578,"SANI",2020-03-06,0,2020-06-25,111,1,8.5,0
1579,"SANI",2020-03-06,0,2020-06-24,110,0,3,0
1580,"SAME",2020-03-06,0,2020-06-24,110,0,9.6,0
1581,"SANI",2020-03-06,0,2020-06-25,111,0,12,1
1582,"SAME",2020-03-06,0,2020-06-25,111,0,9.6,0
1583,"SAME",2020-03-06,0,2020-06-24,110,1,4.2,0
1584,"SAME",2020-03-06,0,2020-06-24,110,0,6.5,1
1585,"SANI",2020-03-06,0,2020-06-24,110,1,9,0
1587,"SANI",2020-03-06,0,2020-06-24,110,1,14.8,0
1588,"SAME",2020-03-06,0,2020-06-24,110,1,3.3,0
1589,"SANI",2020-03-06,0,2020-06-25,111,0,15,0
1590,"HEAR",2020-03-09,0,2020-06-05,88,0,9.7,0
1591,"HEAR",2020-03-09,0,2020-06-05,88,1,5.7,0
1592,"HEAR",2020-03-09,0,2020-06-05,88,1,6.5,0
1593,"HEAR",2020-03-09,0,2020-06-24,107,1,12.8,0
1594,"SANI",2020-03-09,0,2020-06-24,107,0,3.8,0
1595,"SAME",2020-03-09,0,2020-06-24,107,1,8.4,0
1596,"SAME",2020-03-09,0,2020-06-24,107,0,6.5,0
1597,"SANI",2020-03-09,0,2020-06-24,107,1,6.9,0
1598,"SAME",2020-03-09,0,2020-06-24,107,1,3.4,0
1599,"SANI",2020-03-06,0,2020-06-05,91,0,9.4,0
1600,"SANI",2020-03-06,0,2020-06-24,110,0,12.3,0
1601,"SAME",2020-03-09,0,2020-06-05,88,0,6.2,0
1602,"SANI",2020-03-09,0,2020-06-05,88,0,6.25,1
1603,"SANI",2020-03-09,0,2020-06-24,107,0,5.8,1
1604,"SAME",2020-03-09,0,2020-06-24,107,0,4.5,0
1605,"HEAR",2020-03-09,0,2020-06-05,88,0,15.4,1
1606,"SAME",2020-03-09,0,2020-06-24,107,0,10.2,1
1607,"SANI",2020-03-09,0,2020-06-25,108,1,9.1,0
1608,"SAME",2020-03-09,0,2020-06-24,107,1,8.4,0
1609,"SANI",2020-03-09,0,2020-06-25,108,1,8.2,0
1610,"SAME",2020-03-09,0,2020-06-24,107,0,8,0
1611,"SANI",2020-03-09,0,2020-06-24,107,1,13.6,0
1612,"SAME",2020-03-09,0,2020-06-25,108,0,8.3,1
1613,"SANI",2020-03-09,0,2020-06-24,107,0,6.9,0
1614,"ADFA",2020-03-09,0,2020-06-26,109,1,96.5,0
1615,"SAME",2020-03-09,0,2020-06-25,108,1,13.8,0
1616,"SANI",2020-03-09,0,2020-06-25,108,1,10,0
1617,"ADFA",2020-03-09,0,2020-06-26,109,0,58.6,0
1618,"HEAR",2020-03-09,0,2020-06-05,88,1,13,0
1619,"SANI",2020-03-09,0,2020-06-24,107,1,5.6,0
1620,"ADFA",2020-03-09,0,2020-06-25,108,0,50.8,0
1621,"ADFA",2020-03-09,0,2020-06-26,109,0,57.75,0
1622,"ADFA",2020-03-09,0,2020-06-26,109,0,50,0
1623,"ADFA",2020-03-09,0,2020-06-26,109,0,52.4,0
1624,"ADFA",2020-03-09,0,2020-06-25,108,0,57,0
1625,"ADFA",2020-03-09,0,2020-06-25,108,1,65.1,0
1627,"ADFA",2020-03-18,0,2020-06-25,99,0,54.2,0
1628,"ADFA",2020-03-18,0,2020-06-24,98,1,50.3,0
1629,"HEAR",2020-03-18,0,2020-06-24,98,1,22.9,0
1630,"ADFA",2020-03-18,0,2020-06-24,98,0,63.8,1
1631,"ADFA",2020-03-18,0,2020-06-25,99,0,66.1,0
1632,"ADFA",2020-03-18,0,2020-06-25,99,0,71.1,0
1633,"ADFA",2020-03-18,0,2020-06-25,99,0,80.9,0
1634,"HEAR",2020-03-18,0,2020-06-25,99,0,14.5,0
1635,"ADFA",2020-03-18,0,2020-06-25,99,0,55.5,0
1636,"ADFA",2020-03-18,0,2020-06-24,98,0,55.2,0
1637,"ADFA",2020-03-18,0,2020-06-25,99,1,63.2,0
1638,"HEAR",2020-03-19,0,2020-06-24,97,1,9.9,0
1639,"ADFA",2020-03-19,0,2020-06-05,78,0,53.5,0
1640,"SANI",2020-03-27,0,2020-06-25,90,0,7.3,0
1641,"ADFA",2020-03-19,0,2020-06-05,78,0,60.2,0
1642,"HEAR",2020-03-19,0,2020-06-05,78,1,21.9,0
1643,"HEAR",2020-03-19,0,2020-06-05,78,0,19.5,0
1644,"ADFA",2020-03-19,0,2020-06-24,97,0,59.8,1
1646,"ADFA",2020-03-19,0,2020-06-24,97,0,60.4,0
1647,"SAME",2020-03-27,0,2020-06-25,90,0,8.4,1
1648,"SANI",2020-03-27,0,2020-06-26,91,1,7.6,0
1649,"SAME",2020-03-27,0,2020-06-26,91,0,7.9,0
1650,"SANI",2020-03-27,0,2020-06-26,91,0,8,0
1651,"SAME",2020-03-27,0,2020-06-25,90,0,5,0
1652,"SANI",2020-03-27,0,2020-06-25,90,1,8.1,0
1653,"SAME",2020-03-27,0,2020-06-24,89,0,9.1,0
1654,"SANI",2020-03-27,0,2020-06-24,89,0,6.4,0
1655,"SAME",2020-03-27,0,2020-06-05,70,1,5.1,0
1656,"SAME",2020-03-27,0,2020-06-05,70,0,12.1,0
1657,"SANI",2020-03-27,0,2020-06-25,90,0,5.8,1
1658,"SANI",2020-03-27,0,2020-06-25,90,0,7.7,0
1659,"SAME",2020-03-27,0,2020-06-25,90,0,7.6,1
1662,"SAME",2020-03-27,0,2020-06-25,90,0,9.3,1
1663,"SANI",2020-03-27,0,2020-06-24,89,0,9.5,1
1664,"SANI",2020-03-27,0,2020-06-05,70,0,5.1,0
1665,"SANI",2020-03-27,0,2020-06-24,89,1,9.5,0
1666,"SAME",2020-03-27,0,2020-06-24,89,1,12.5,0
1,"ENCA",2020-06-05,140,2020-10-27,284,0,42.2,0
2,"CEOL",2020-06-05,140,2020-10-27,284,0,30.4,0
3,"ENCA",2020-06-05,140,2020-10-27,284,0,21.5,0
4,"ENCA",2020-06-05,140,2020-10-27,284,0,13.6,0
5,"CEOL",2020-06-05,70,2020-10-27,214,0,10.7,0
7,"SAME",2020-06-05,106,2020-10-27,250,0,33.1,0
10,"RHOV",2020-06-05,140,2020-10-27,284,0,13.8,0
13,"HEWH",2020-06-05,140,2020-10-27,284,0,18.1,0
14,"HEWH",2020-06-05,140,2020-10-27,284,1,15.2,0
15,"CEOL",2020-06-05,140,2020-10-27,284,1,29.5,0
17,"SAAP",2020-06-05,113,2020-10-27,257,1,13,0
18,"SAME",2020-06-05,106,2020-10-27,250,1,16.9,0
19,"ENCA",2020-06-05,140,2020-10-27,284,0,36.8,0
21,"SAAP",2020-06-05,113,2020-10-27,257,0,14.9,0
23,"ENCA",2020-06-05,140,2020-10-27,284,0,43.4,0
24,"HEWH",2020-06-05,140,2020-10-27,284,0,7.9,0
26,"ENCA",2020-06-05,78,2020-10-27,222,0,66.5,0
27,"SAME",2020-06-05,106,2020-10-27,250,0,24.1,0
29,"SANI",2020-06-05,112,2020-10-27,256,1,4.4,0
31,"CEOL",2020-06-05,132,2020-10-27,276,1,26.4,0
34,"ADFA",2020-06-05,136,2020-10-27,280,1,28.2,0
35,"ADFA",2020-06-05,136,2020-10-27,280,0,12.2,0
37,"MALA",2020-06-05,113,2020-10-27,257,1,36.3,0
38,"HEWH",2020-06-05,139,2020-10-27,283,0,26.7,0
40,"CEOL",2020-06-05,132,2020-10-27,276,1,17.8,0
41,"CEOL",2020-06-05,132,2020-10-27,276,0,40.2,0
42,"HEWH",2020-06-05,139,2020-10-27,283,1,24.7,0
43,"ENCA",2020-06-05,139,2020-10-27,283,1,19.9,0
44,"ENCA",2020-06-05,139,2020-10-27,283,1,6.2,0
45,"ENCA",2020-06-05,139,2020-10-27,283,1,40.5,0
48,"RHOV",2020-06-05,139,2020-10-27,283,1,15,0
49,"HEWH",2020-06-05,139,2020-10-27,283,1,22.7,0
51,"SAAP",2020-06-05,113,2020-10-27,257,0,47.1,0
52,"HEWH",2020-06-05,139,2020-10-27,283,1,17.8,0
53,"ADFA",2020-06-05,136,2020-10-27,280,0,37.5,0
54,"CEOL",2020-06-05,132,2020-10-27,276,1,39.6,0
57,"ENCA",2020-06-05,139,2020-10-27,283,1,38,0
58,"CEOL",2020-06-05,132,2020-12-03,313,1,26.6,0
59,"MALA",2020-06-05,113,2020-10-27,257,1,24.5,0
61,"ENCA",2020-06-05,139,2020-10-27,283,1,31,0
67,"CEOL",2020-06-05,132,2020-10-27,276,1,18.6,0
68,"HEWH",2020-06-05,139,2020-10-27,283,1,46.1,0
69,"HEWH",2020-06-05,139,2020-10-27,283,0,25.5,0
72,"MALA",2020-06-05,112,2020-10-27,256,1,26.6,0
76,"HEWH",2020-06-05,139,2020-10-27,283,1,12.8,0
77,"RHOV",2020-06-05,139,2020-10-27,283,1,36.6,0
78,"ENCA",2020-06-05,139,2020-10-27,283,1,19.8,0
79,"SAAP",2020-06-05,113,2020-10-27,257,1,16.2,0
80,"MALA",2020-06-05,113,2020-10-27,257,1,27.5,0
81,"SAAP",2020-06-05,113,2020-10-27,257,1,13.2,0
82,"CEOL",2020-06-05,106,2020-10-27,250,1,31.6,0
83,"SAAP",2020-06-05,113,2020-10-27,257,1,22.8,0
84,"RHOV",2020-06-05,136,2020-10-27,280,1,20.3,0
85,"CEOL",2020-06-05,132,2020-10-27,276,1,26.1,0
86,"CEOL",2020-06-05,106,2020-10-27,250,1,41.3,0
87,"ENCA",2020-06-05,136,2020-10-27,280,1,25,0
88,"SAAP",2020-06-05,112,2020-10-27,256,1,15.1,0
90,"ADFA",2020-06-05,136,2020-10-27,280,1,36.6,0
91,"RHOV",2020-06-05,136,2020-10-27,280,0,18.1,0
92,"ENCA",2020-06-05,139,2020-10-27,283,1,21.5,0
97,"SAAP",2020-06-05,113,2020-10-27,257,1,23.4,0
99,"CEOL",2020-06-05,132,2020-10-27,276,1,28.1,0
100,"SAAP",2020-06-05,112,2020-10-27,256,1,8.4,0
103,"ENCA",2020-06-05,140,2020-10-27,284,0,27.9,0
104,"ADFA",2020-06-05,140,2020-10-27,284,0,29.6,0
105,"MALA",2020-06-05,113,2020-10-27,257,0,42.7,0
106,"RHOV",2020-06-05,140,2020-10-27,284,0,27.4,0
107,"MALA",2020-06-05,113,2020-10-27,257,1,9,0
109,"RHOV",2020-06-05,140,2020-10-27,284,0,14.3,0
110,"RHOV",2020-06-05,140,2020-10-27,284,0,15.3,0
111,"SAAP",2020-06-05,113,2020-10-27,257,1,25,0
112,"HEWH",2020-06-05,140,2020-10-27,284,1,28.5,0
113,"ADFA",2020-06-05,140,2020-10-27,284,0,23.1,0
115,"CEOL",2020-06-05,140,2020-10-27,284,0,29.5,0
117,"SAME",2020-06-05,106,2020-10-27,250,0,23.7,0
118,"SAAP",2020-06-05,113,2020-10-27,257,1,15.6,0
122,"CEOL",2020-06-05,113,2020-10-27,257,1,39.5,0
124,"RHOV",2020-06-05,140,2020-10-27,284,1,17,0
125,"CEOL",2020-06-05,140,2020-10-27,284,1,24.8,0
127,"CEOL",2020-06-05,140,2020-10-27,284,0,13.9,0
129,"ENCA",2020-06-05,140,2020-10-27,284,0,56.1,0
130,"RHOV",2020-06-05,139,2020-10-27,283,0,22.5,0
132,"RHOV",2020-06-05,140,2020-10-27,284,1,3.9,0
133,"HEWH",2020-06-05,140,2020-10-27,284,0,13.1,0
134,"ENCA",2020-06-05,140,2020-10-27,284,0,25.9,0
135,"SAAP",2020-06-05,113,2020-10-27,257,0,41.9,0
136,"ENCA",2020-06-05,139,2020-10-27,283,1,41.1,0
137,"SAAP",2020-06-05,113,2020-10-27,257,1,24.1,0
138,"ADFA",2020-06-05,136,2020-10-27,280,0,51.6,0
139,"ADFA",2020-06-05,136,2020-10-27,280,0,50.1,0
140,"SANI",2020-06-05,112,2020-10-27,256,1,5.9,0
141,"HEWH",2020-06-05,136,2020-10-27,280,0,29.4,0
142,"RHOV",2020-06-05,136,2020-10-27,280,0,23.4,0
147,"RHOV",2020-06-05,139,2020-10-27,283,1,18.1,0
151,"ENCA",2020-06-05,139,2020-10-27,283,1,30.5,0
152,"CEOL",2020-06-05,132,2020-10-27,276,1,16.9,0
155,"SAAP",2020-06-05,112,2020-10-27,256,0,23.4,0
156,"HEAR",2020-06-05,99,2020-10-27,243,0,9.7,0
160,"HEWH",2020-06-05,106,2020-10-27,250,1,24.6,0
162,"HEWH",2020-06-24,158,2020-10-27,283,1,21.5,0
163,"ADFA",2020-06-05,136,2020-11-05,289,1,57.5,0
164,"HEWH",2020-06-05,139,2020-11-05,292,0,24.3,0
166,"SAME",2020-06-24,125,2020-10-27,250,1,35.6,0
167,"HEWH",2020-06-24,158,2020-10-27,283,1,27.7,0
168,"RHOV",2020-06-24,158,2020-10-27,283,0,19.6,0
169,"HEWH",2020-06-24,155,2020-10-27,280,1,29.5,0
170,"CEOL",2020-06-24,155,2020-10-27,280,1,15.4,0
171,"RHOV",2020-06-24,89,2020-10-27,214,0,18.2,0
174,"ADFA",2020-06-24,141,2020-11-05,275,0,53.6,0
176,"HEWH",2020-06-24,151,2020-11-05,285,1,5.8,0
177,"HEWH",2020-06-24,155,2020-10-27,280,0,29.6,0
181,"HEWH",2020-06-24,151,2020-11-05,285,1,9.7,0
182,"HEWH",2020-06-24,151,2020-11-05,285,0,30.3,0
185,"ENCA",2020-06-24,155,2020-10-27,280,1,33.5,0
187,"HEWH",2020-06-24,155,2020-10-27,280,0,21.1,0
188,"HEWH",2020-06-24,146,2020-10-27,271,0,7.3,0
190,"CEOL",2020-06-24,140,2020-11-05,274,1,25.9,0
194,"SANI",2020-06-24,132,2020-11-05,266,1,18.2,0
199,"HEWH",2020-06-24,155,2020-10-27,280,1,9.7,0
200,"HEWH",2020-06-24,151,2020-10-27,276,0,9.9,0
205,"CEOL",2020-06-24,151,2020-10-27,276,1,27.3,0
206,"SAAP",2020-06-24,125,2020-11-05,259,0,14.3,0
208,"SAAP",2020-06-24,131,2020-11-05,265,1,11.3,0
209,"HEWH",2020-06-24,155,2020-11-05,289,1,20.4,0
210,"ADFA",2020-06-24,155,2020-10-27,280,1,41.4,0
211,"HEWH",2020-06-24,155,2020-11-05,289,1,14.4,0
215,"CEOL",2020-06-24,151,2020-10-27,276,0,26,0
218,"HEWH",2020-06-24,155,2020-10-27,280,0,26.1,0
219,"RHOV",2020-06-24,89,2020-10-27,214,1,23.8,0
220,"ENCA",2020-06-24,151,2020-11-05,285,1,13.1,0
227,"SAAP",2020-06-24,125,2020-11-05,259,0,16.2,0
228,"CEOL",2020-06-24,151,2020-11-05,285,1,37.5,0
241,"RHOV",2020-06-24,155,2020-11-05,289,1,35.9,0
242,"RHOV",2020-06-24,151,2020-11-05,285,0,12.2,0
244,"RHOV",2020-06-24,151,2020-11-05,285,0,15.9,0
246,"HEWH",2020-06-24,155,2020-11-05,289,0,28.2,0
250,"ENCA",2020-06-24,151,2020-11-05,285,1,29.4,0
251,"ENCA",2020-06-24,139,2020-11-05,273,0,61.1,0
252,"CEOL",2020-06-24,139,2020-11-05,273,0,39.9,0
255,"HEWH",2020-06-24,125,2020-11-05,259,1,18.6,0
256,"SAME",2020-06-24,125,2020-11-05,259,1,42.5,0
257,"ADFA",2020-06-24,142,2020-11-05,276,1,37,0
259,"HEWH",2020-06-24,125,2020-11-05,259,1,15.9,0
263,"SAME",2020-06-24,125,2020-11-05,259,1,20.5,0
271,"CEOL",2020-06-24,131,2020-11-05,265,1,42.4,0
273,"SAAP",2020-06-24,132,2020-11-05,266,1,29.1,0
274,"SAAP",2020-06-24,132,2020-11-05,266,1,24.2,0
277,"ENCA",2020-06-24,146,2020-11-05,280,1,27.1,0
279,"SANI",2020-06-24,131,2020-11-05,265,1,13,0
280,"RHOV",2020-06-24,89,2020-11-05,223,1,12,0
282,"HEWH",2020-06-24,146,2020-11-05,280,0,30,0
283,"SAAP",2020-06-24,132,2020-11-05,266,1,26.2,0
284,"SANI",2020-06-24,131,2020-11-05,265,0,22.4,0
285,"ENCA",2020-06-24,118,2020-11-05,252,1,52.7,0
286,"HEWH",2020-06-24,146,2020-11-05,280,0,27.5,0
287,"MALA",2020-06-24,131,2020-11-05,265,1,17.3,0
288,"CEOL",2020-06-24,131,2020-11-05,265,1,35.9,0
290,"CEOL",2020-06-24,131,2020-11-05,265,1,23,0
291,"SAME",2020-06-24,118,2020-11-05,252,1,15.9,0
292,"RHOV",2020-06-24,118,2020-11-05,252,1,23.4,0
293,"SAME",2020-06-24,118,2020-11-05,252,1,40.9,0
295,"ENCA",2020-06-24,118,2020-11-05,252,1,28.8,0
297,"MALA",2020-06-24,131,2020-11-05,265,0,17.6,0
298,"SAME",2020-06-24,118,2020-11-05,252,0,26.6,0
299,"RHOV",2020-06-24,131,2020-11-05,265,0,19.8,0
301,"HEWH",2020-06-24,146,2020-10-27,271,1,29.4,0
303,"ENCA",2020-06-24,146,2020-10-27,271,1,33.8,0
307,"ENCA",2020-06-24,97,2020-10-27,222,1,45.7,0
309,"CEOL",2020-06-24,140,2020-10-27,265,1,39.2,0
313,"CEOL",2020-06-24,140,2020-10-27,265,1,25.6,0
314,"SANI",2020-06-24,132,2020-10-27,257,0,15.1,0
316,"HEWH",2020-06-24,146,2020-10-27,271,0,29.7,0
319,"ENCA",2020-06-24,151,2020-10-27,276,1,5.6,0
320,"ADFA",2020-06-24,141,2020-10-27,266,1,60,0
323,"HEWH",2020-06-24,146,2020-10-27,271,1,35,0
326,"ADFA",2020-06-24,125,2020-10-27,250,0,63.6,0
327,"ENCA",2020-06-24,146,2020-10-27,271,1,27.6,0
334,"CEOL",2020-06-24,131,2020-10-27,256,1,64.1,0
339,"ENCA",2020-06-24,144,2020-10-27,269,1,35.8,0
343,"SAAP",2020-06-25,133,2020-10-27,257,1,16.2,0
345,"ADFA",2020-06-25,145,2020-10-27,269,0,51.5,0
351,"ADFA",2020-06-25,142,2020-10-27,266,1,56.1,0
353,"ENCA",2020-06-25,145,2020-10-27,269,1,48.1,0
354,"SAME",2020-06-24,125,2020-10-27,250,1,55.6,0
361,"CEOL",2020-06-25,132,2020-10-27,256,1,43.1,0
362,"MALA",2020-06-24,132,2020-10-27,257,1,17.4,0
363,"RHOV",2020-06-25,147,2020-10-27,271,1,37.8,0
364,"MALA",2020-06-25,133,2020-10-27,257,1,58.5,0
368,"HEWH",2020-06-25,147,2020-10-27,271,0,24.9,0
374,"HEWH",2020-06-25,147,2020-10-27,271,1,25.9,0
375,"RHOV",2020-06-25,140,2020-10-27,264,1,22.2,0
377,"HEWH",2020-06-25,147,2020-10-27,271,0,22.5,0
379,"HEWH",2020-06-25,119,2020-10-27,243,1,26.8,0
381,"SANI",2020-06-25,132,2020-10-27,256,1,41.6,0
383,"ENCA",2020-06-25,145,2020-10-27,269,1,24.9,0
384,"CEOL",2020-06-25,132,2020-10-27,256,1,42.2,0
385,"HEWH",2020-06-24,146,2020-10-27,271,0,27.9,0
386,"ADFA",2020-06-25,145,2020-10-27,269,1,42,0
387,"ENCA",2020-06-25,145,2020-10-27,269,1,29.3,0
390,"ADFA",2020-06-25,119,2020-10-27,243,1,58.7,0
393,"ENCA",2020-06-25,119,2020-10-27,243,0,61.2,0
394,"HEWH",2020-06-25,147,2020-10-27,271,0,37.4,0
395,"ENCA",2020-06-25,98,2020-10-27,222,1,40.9,0
398,"ENCA",2020-06-25,147,2020-10-27,271,0,13.3,0
399,"RHOV",2020-06-25,145,2020-10-27,269,1,29,0
400,"RHOV",2020-06-25,147,2020-10-27,271,0,18.1,0
401,"SANI",2020-06-24,130,2020-10-27,255,0,36.6,0
406,"RHOV",2020-06-25,119,2020-11-05,252,1,20,0
408,"HEWH",2020-06-25,145,2020-11-05,278,0,25.2,0
415,"ENCA",2020-06-24,118,2020-11-05,252,1,60.2,0
416,"MALA",2020-06-25,132,2020-11-05,265,1,31.2,0
417,"RHOV",2020-06-25,147,2020-11-05,280,0,17.7,0
418,"ADFA",2020-06-25,145,2020-11-05,278,1,45.8,0
419,"ENCA",2020-06-25,145,2020-11-05,278,0,72.2,0
420,"MALA",2020-06-25,132,2020-11-05,265,1,30.4,0
421,"CEOL",2020-06-25,131,2020-11-05,264,1,33.6,0
423,"SANI",2020-06-25,132,2020-11-05,265,0,27.9,0
425,"HEWH",2020-06-25,145,2020-11-05,278,0,19.8,0
427,"CEOL",2020-06-25,131,2020-11-05,264,1,24.2,0
428,"ENCA",2020-06-24,144,2020-11-05,278,1,16.5,0
429,"RHOV",2020-06-25,147,2020-11-05,280,1,25.1,0
436,"MALA",2020-06-25,132,2020-11-05,265,1,6,0
439,"RHOV",2020-06-24,138,2020-11-05,272,1,27.7,0
441,"SAAP",2020-06-25,132,2020-11-05,265,1,21.5,0
442,"HEWH",2020-06-25,145,2020-11-05,278,0,26.8,0
443,"ENCA",2020-06-25,145,2020-11-05,278,1,28.6,0
446,"RHOV",2020-06-25,145,2020-11-05,278,1,25.2,0
447,"ADFA",2020-06-25,131,2020-11-05,264,1,61.8,0
450,"SAME",2020-06-25,125,2020-11-05,258,1,20,0
451,"ENCA",2020-06-25,131,2020-11-05,264,1,11.8,0
457,"SAAP",2020-06-25,145,2020-11-05,278,1,42.9,0
458,"CEOL",2020-06-25,131,2020-11-05,264,1,34.3,0
459,"HEWH",2020-06-25,131,2020-11-05,264,1,21.1,0
460,"RHOV",2020-06-24,89,2020-11-05,223,1,12.8,0
461,"ENCA",2020-06-25,126,2020-11-05,259,1,43.4,0
464,"ENCA",2020-06-24,97,2020-11-05,231,0,53.6,0
466,"SAAP",2020-06-24,125,2020-11-05,259,1,17.1,0
468,"CEOL",2020-06-24,130,2020-11-05,264,1,41.5,0
469,"ENCA",2020-06-24,138,2020-11-05,272,1,44.2,0
471,"RHOV",2020-06-24,138,2020-11-05,272,1,14.2,0
480,"RHOV",2020-06-24,125,2020-11-05,259,1,32.4,0
481,"SANI",2020-06-24,131,2020-11-05,265,0,27.1,0
486,"ENCA",2020-06-24,130,2020-11-05,264,1,33.4,0
487,"HEWH",2020-06-24,130,2020-11-05,264,1,22.5,0
489,"SAAP",2020-06-24,125,2020-11-05,259,1,4.9,0
493,"ENCA",2020-06-24,138,2020-11-05,272,1,31.4,0
503,"RHOV",2020-06-25,147,2020-11-05,280,1,25.5,0
504,"SAME",2020-06-25,126,2020-11-05,259,0,12.1,0
505,"SAAP",2020-06-25,131,2020-11-05,264,1,22.7,0
508,"CEOL",2020-06-25,132,2020-11-05,265,1,35.9,0
510,"ENCA",2020-06-25,145,2020-11-05,278,1,35.7,0
511,"HEWH",2020-06-25,147,2020-11-05,280,1,27.8,0
514,"SAAP",2020-06-25,131,2020-11-05,264,1,30.8,0
515,"HEWH",2020-06-25,145,2020-11-05,278,1,29.8,0
516,"SAAP",2020-06-25,119,2020-11-05,252,1,15,0
517,"RHOV",2020-06-25,125,2020-11-05,258,1,30,0
520,"SAME",2020-06-25,119,2020-11-05,252,1,33.2,0
521,"ENCA",2020-06-25,145,2020-11-05,278,1,34.5,0
522,"RHOV",2020-06-25,145,2020-11-05,278,1,26.6,0
527,"RHOV",2020-06-25,145,2020-11-05,278,1,17.8,0
532,"CEOL",2020-06-25,141,2020-11-05,274,1,43,0
534,"RHOV",2020-06-25,147,2020-11-05,280,1,22.6,0
544,"HEWH",2020-06-25,147,2020-11-05,280,0,28.1,0
545,"SAAP",2020-06-25,119,2020-11-05,252,1,26.9,0
546,"RHOV",2020-06-25,147,2020-11-05,280,1,23.9,0
548,"ADFA",2020-06-25,142,2020-11-05,275,1,43.9,0
551,"SANI",2020-06-25,132,2020-11-05,265,1,28,0
554,"HEWH",2020-06-25,145,2020-11-05,278,0,31.2,0
555,"ENCA",2020-06-25,145,2020-11-05,278,0,43.8,0
556,"MALA",2020-06-25,132,2020-11-05,265,1,39.4,0
558,"ADFA",2020-06-25,142,2020-11-05,275,1,41.2,0
563,"HEWH",2020-06-25,141,2020-11-05,274,0,39.2,0
566,"CEOL",2020-06-25,119,2020-11-05,252,1,7.6,0
573,"ADFA",2020-06-24,138,2020-11-05,272,0,62.1,0
574,"SAAP",2020-06-24,130,2020-11-05,264,1,37.5,0
576,"SANI",2020-06-24,140,2020-11-05,274,1,21,0
584,"SANI",2020-06-24,131,2020-11-05,265,0,28.8,0
585,"RHOV",2020-06-24,140,2020-11-05,274,1,18.1,0
587,"CEOL",2020-06-24,124,2020-11-05,258,0,29.4,0
590,"ENCA",2020-06-24,140,2020-11-05,274,1,60.3,0
592,"ADFA",2020-06-24,139,2020-11-05,273,1,52.1,0
597,"HEWH",2020-06-24,130,2020-11-05,264,1,33.1,0
601,"HEWH",2020-06-24,130,2020-11-05,264,1,30.8,0
604,"SAME",2020-06-24,125,2020-11-05,259,1,17.5,0
606,"SAAP",2020-06-24,131,2020-11-05,265,1,35.8,0
607,"RHOV",2020-06-24,130,2020-11-17,276,1,30.1,0
608,"ADFA",2020-06-24,130,2020-11-17,276,1,45.2,0
621,"ENCA",2020-06-24,117,2020-11-17,263,1,52.1,0
622,"SANI",2020-06-24,130,2020-11-17,276,1,26.3,0
623,"RHOV",2020-06-24,139,2020-11-17,285,1,24.1,0
624,"HEWH",2020-06-24,117,2020-11-17,263,0,27.1,0
629,"HEWH",2020-06-24,125,2020-11-17,271,0,31.3,0
633,"CEOL",2020-06-24,117,2020-11-17,263,0,11.9,1
636,"ENCA",2020-06-24,138,2020-11-17,284,1,21,0
655,"HEWH",2020-06-24,130,2020-11-17,276,0,20.8,1
656,"SANI",2020-06-24,130,2020-11-17,276,1,27.5,0
661,"CEOL",2020-06-24,117,2020-11-17,263,1,11.4,0
662,"ADFA",2020-06-24,138,2020-11-17,284,1,50.4,0
663,"MALA",2020-06-24,130,2020-11-17,276,1,7.6,0
665,"ENCA",2020-06-24,140,2020-11-17,286,1,4.2,0
667,"CEOL",2020-06-24,142,2020-11-17,288,1,7.3,0
668,"RHOV",2020-06-24,139,2020-11-17,285,1,10.1,0
669,"ADFA",2020-06-24,125,2020-11-17,271,1,57.1,0
670,"SAME",2020-06-24,125,2020-11-17,271,0,6,0
673,"ADFA",2020-06-24,117,2020-11-17,263,0,52.1,0
674,"RHOV",2020-06-24,127,2020-11-17,273,1,23.2,0
678,"ADFA",2020-06-24,138,2020-11-17,284,1,51.3,0
681,"SANI",2020-06-24,130,2020-11-17,276,0,33.4,1
683,"HEWH",2020-06-24,124,2020-11-17,270,1,24.7,0
686,"ENCA",2020-06-24,139,2020-11-17,285,1,44.8,0
702,"SANI",2020-06-24,131,2020-11-05,265,0,29.9,0
717,"CEOL",2020-06-24,124,2020-11-05,258,1,20.6,0
718,"SAAP",2020-06-24,124,2020-11-05,258,1,23.8,0
719,"RHOV",2020-06-24,139,2020-11-05,273,0,16.5,0
729,"HEWH",2020-06-24,140,2020-11-17,286,0,8.2,0
731,"HEWH",2020-06-24,140,2020-11-17,286,0,28.6,0
736,"ENCA",2020-06-24,139,2020-11-05,273,0,47.6,0
738,"CEOL",2020-06-24,124,2020-11-05,258,1,34.1,0
739,"RHOV",2020-06-24,124,2020-11-17,270,1,13.9,0
740,"RHOV",2020-06-24,139,2020-11-05,273,1,30.2,0
743,"RHOV",2020-06-24,139,2020-11-17,285,0,17.1,0
744,"CEOL",2020-06-24,124,2020-11-17,270,1,20.7,0
753,"CEOL",2020-06-24,139,2020-11-17,285,1,18,0
760,"ENCA",2020-06-24,139,2020-11-17,285,1,59.3,0
763,"SANI",2020-06-24,131,2020-11-17,277,0,24.1,0
765,"ADFA",2020-06-24,141,2020-11-17,287,0,41.1,0
768,"ADFA",2020-06-24,117,2020-11-17,263,1,40.1,0
771,"RHOV",2020-06-24,139,2020-11-17,285,0,27.6,0
772,"SAAP",2020-06-24,124,2020-11-17,270,0,16.2,0
773,"RHOV",2020-06-24,139,2020-11-17,285,0,26.2,0
779,"ADFA",2020-06-24,138,2020-11-17,284,1,36.2,0
784,"ENCA",2020-06-24,139,2020-11-17,285,1,52.4,0
786,"ADFA",2020-06-24,141,2020-11-17,287,1,42,0
793,"HEWH",2020-06-24,117,2020-11-17,263,1,15.4,0
794,"ADFA",2020-06-24,141,2020-11-17,287,1,54.3,0
795,"ENCA",2020-06-24,124,2020-11-17,270,1,28.4,0
797,"CEOL",2020-06-24,117,2020-11-17,263,1,3.3,0
798,"SAME",2020-06-24,113,2020-11-17,259,0,8.3,0
800,"ENCA",2020-06-24,117,2020-11-17,263,1,35.4,0
801,"HEWH",2020-06-25,147,2020-12-10,315,1,37.2,0
804,"MALA",2020-06-25,132,2020-11-05,265,1,3.8,0
805,"ADFA",2020-06-24,117,2020-11-17,263,1,47.3,0
810,"ENCA",2020-06-24,97,2020-11-17,243,1,49.9,0
811,"SAME",2020-06-24,113,2020-11-17,259,1,7.3,0
812,"HEWH",2020-06-05,98,2020-11-17,263,1,31.4,0
814,"ADFA",2020-06-24,141,2020-11-17,287,1,67.1,0
819,"ADFA",2020-06-05,108,2020-11-17,273,1,37.5,0
820,"SANI",2020-06-05,108,2020-11-17,273,1,9.9,0
821,"HEWH",2020-06-05,98,2020-11-17,263,0,19.3,0
822,"RHOV",2020-06-05,120,2020-11-17,285,1,17.75,0
824,"ENCA",2020-06-05,120,2020-11-17,285,1,53,0
826,"ADFA",2020-06-24,117,2020-11-17,263,1,47.4,0
827,"ENCA",2020-06-24,117,2020-11-17,263,1,14.1,0
829,"HEWH",2020-06-24,117,2020-11-17,263,1,34.9,0
832,"ENCA",2020-06-05,78,2020-11-05,231,1,17.75,0
834,"HEWH",2020-06-05,98,2020-11-05,251,1,20,0
836,"HEWH",2020-06-05,98,2020-11-05,251,1,17.6,0
837,"HEWH",2020-06-05,98,2020-11-17,263,1,20,0
842,"ENCA",2020-06-05,98,2020-11-17,263,1,35,0
843,"RHOV",2020-06-05,98,2020-11-17,263,1,10.5,0
844,"RHOV",2020-06-05,98,2020-11-17,263,1,10,0
846,"MALA",2020-06-05,105,2020-11-17,270,1,17.25,0
849,"HEWH",2020-06-05,98,2020-11-05,251,1,19.9,0
850,"SANI",2020-06-05,98,2020-11-05,251,1,9.5,0
851,"HEWH",2020-06-05,98,2020-11-05,251,1,3.9,0
852,"RHOV",2020-06-05,119,2020-11-17,284,1,13,0
853,"SAAP",2020-06-05,94,2020-11-17,259,1,16.8,0
857,"ENCA",2020-06-05,119,2020-11-17,284,1,21.5,0
858,"SAME",2020-06-05,94,2020-11-05,247,1,21.4,0
860,"ENCA",2020-06-05,98,2020-11-17,263,1,26.8,0
861,"RHOV",2020-06-05,120,2020-11-17,285,1,24.9,0
862,"SAME",2020-06-05,106,2020-11-17,271,1,19.2,0
863,"ENCA",2020-06-05,98,2020-11-17,263,0,31.5,0
864,"HEWH",2020-06-05,98,2020-11-17,263,0,29,0
865,"HEWH",2020-06-05,94,2020-11-17,259,1,12,0
869,"SAME",2020-06-05,106,2020-11-17,271,1,15,0
870,"HEWH",2020-06-05,98,2020-11-17,263,0,17.5,0
871,"HEWH",2020-06-05,98,2020-11-17,263,0,18.25,0
872,"SAAP",2020-06-05,106,2020-11-17,271,1,13.9,0
873,"ENCA",2020-06-05,111,2020-11-17,276,0,44.5,0
874,"ADFA",2020-06-05,105,2020-11-17,270,1,52,0
875,"SAME",2020-06-05,106,2020-11-17,271,0,39.5,0
876,"SAAP",2020-06-05,94,2020-11-17,259,1,20.2,0
879,"HEWH",2020-06-05,106,2020-11-17,271,1,21.9,0
881,"HEWH",2020-06-05,111,2020-11-17,276,0,23.5,0
882,"ENCA",2020-06-05,111,2020-11-17,276,1,41.5,0
883,"SAAP",2020-06-05,111,2020-11-17,276,0,26.25,0
884,"CEOL",2020-06-05,120,2020-11-17,285,1,32.4,0
885,"MALA",2020-06-05,111,2020-11-17,276,1,28.75,0
886,"HEWH",2020-06-05,105,2020-11-17,270,0,25.6,0
890,"SANI",2020-06-05,111,2020-11-17,276,1,13,0
892,"HEWH",2020-06-05,106,2020-11-17,271,1,21.25,0
898,"HEWH",2020-06-05,98,2020-11-17,263,1,33.4,0
899,"CEOL",2020-06-05,106,2020-11-17,271,1,28.4,0
906,"SAME",2020-06-25,119,2020-11-05,252,0,11.4,0
907,"SANI",2020-06-25,132,2020-11-05,265,1,40.5,0
911,"SANI",2020-06-24,117,2020-11-17,263,1,17.3,0
935,"RHOV",2020-06-05,120,2020-11-17,285,0,13.9,0
936,"ADFA",2020-06-05,105,2020-11-17,270,1,58,0
938,"ENCA",2020-06-05,98,2020-11-17,263,1,15,0
940,"SANI",2020-06-05,111,2020-11-17,276,1,19.5,0
941,"SAAP",2020-06-05,106,2020-11-17,271,1,12,0
943,"HEWH",2020-06-05,111,2020-11-17,276,1,22,0
944,"SANI",2020-06-05,111,2020-11-17,276,1,11.4,0
950,"SANI",2020-06-05,106,2020-11-17,271,1,22.7,0
951,"SANI",2020-06-05,105,2020-11-17,270,1,12.4,0
954,"RHOV",2020-06-05,120,2020-11-17,285,1,18.25,0
955,"RHOV",2020-06-05,119,2020-11-17,284,1,20.75,0
956,"SAAP",2020-06-05,111,2020-11-17,276,1,18.2,0
961,"RHOV",2020-06-05,105,2020-11-17,270,1,18.2,0
962,"HEWH",2020-06-05,105,2020-11-17,270,1,24.75,0
965,"HEWH",2020-06-05,106,2020-11-17,271,1,25,0
968,"SAAP",2020-06-05,111,2020-11-17,276,1,25,0
971,"CEOL",2020-06-05,105,2020-11-17,270,0,18.5,0
972,"ADFA",2020-06-05,105,2020-11-17,270,1,50.4,0
973,"MALA",2020-06-05,105,2020-11-17,270,1,38.2,0
974,"SANI",2020-06-05,106,2020-11-17,271,1,12.9,0
975,"CEOL",2020-06-05,105,2020-11-17,270,1,35.6,0
977,"SAAP",2020-06-05,106,2020-11-17,271,1,33,0
978,"RHOV",2020-06-05,120,2020-11-17,285,1,10.4,0
979,"ENCA",2020-06-05,78,2020-11-17,243,1,59.5,0
980,"ENCA",2020-06-05,78,2020-11-17,243,1,38.2,0
984,"HEWH",2020-06-05,106,2020-11-17,271,0,36.25,0
985,"MALA",2020-06-05,105,2020-11-17,270,1,38.4,0
987,"CEOL",2020-06-05,106,2020-11-17,271,1,25.6,0
988,"MALA",2020-06-05,111,2020-11-17,276,1,8.5,0
992,"CEOL",2020-06-05,106,2020-11-17,271,1,24,0
994,"ADFA",2020-06-05,105,2020-11-17,270,1,54.6,0
997,"ENCA",2020-06-05,106,2020-11-17,271,0,32.5,0
998,"ADFA",2020-06-05,105,2020-11-17,270,1,42.5,0
1000,"RHOV",2020-06-05,119,2020-11-17,284,1,12.9,0
1001,"CEOL",2020-06-24,125,2020-10-27,250,0,40.6,0
1002,"SAME",2020-06-25,126,2020-11-19,273,1,36.1,0
1006,"HEWH",2020-06-25,141,2020-12-03,302,1,21.3,0
1007,"ADFA",2020-06-25,143,2020-12-03,304,1,52.9,0
1009,"HEWH",2020-06-25,141,2020-11-19,288,0,42.5,0
1011,"RHOV",2020-06-25,142,2020-11-19,289,1,18.6,0
1014,"ENCA",2020-06-26,142,2020-11-19,288,1,54.5,0
1017,"HEWH",2020-06-25,126,2020-11-19,273,1,24.5,0
1019,"CEOL",2020-06-25,140,2020-11-19,287,1,38.5,0
1020,"SAME",2020-06-25,121,2020-11-19,268,1,27.2,0
1021,"RHOV",2020-06-26,144,2020-11-19,290,1,12.1,0
1022,"CEOL",2020-06-26,141,2020-11-19,287,1,43.6,0
1023,"CEOL",2020-06-26,141,2020-11-19,287,1,38.5,0
1024,"CEOL",2020-06-26,141,2020-11-19,287,1,36.4,0
1025,"HEWH",2020-06-26,129,2020-11-19,275,0,21.4,0
1026,"HEWH",2020-06-26,129,2020-11-19,275,1,10.4,0
1027,"CEOL",2020-06-26,141,2020-11-19,287,1,37.1,0
1028,"HEWH",2020-06-26,142,2020-11-19,288,1,26.2,0
1030,"HEWH",2020-06-26,142,2020-11-19,288,1,37.6,0
1031,"RHOV",2020-06-26,144,2020-11-19,290,1,26.1,0
1032,"ADFA",2020-06-26,120,2020-11-19,266,1,45.9,0
1033,"CEOL",2020-06-25,121,2020-11-19,268,1,27.6,0
1034,"ADFA",2020-06-25,143,2020-11-19,290,1,45.3,0
1037,"HEWH",2020-06-25,126,2020-11-19,273,1,37.1,0
1040,"HEWH",2020-06-25,126,2020-11-19,273,0,28.9,0
1041,"HEWH",2020-06-25,128,2020-11-19,275,1,29.4,0
1043,"RHOV",2020-06-25,143,2020-11-19,290,1,24.8,0
1044,"MALA",2020-06-25,128,2020-11-19,275,1,10.5,0
1045,"ENCA",2020-06-25,140,2020-11-19,287,0,58.3,0
1046,"ENCA",2020-06-25,140,2020-11-19,287,1,32,0
1047,"HEWH",2020-06-25,128,2020-11-19,275,1,8.6,0
1049,"CEOL",2020-06-26,140,2020-11-19,286,1,12.6,0
1050,"SAAP",2020-06-25,128,2020-11-19,275,1,41.8,0
1051,"HEWH",2020-06-26,122,2020-11-19,268,1,33.1,0
1052,"RHOV",2020-06-26,143,2020-11-19,289,1,20.2,0
1053,"MALA",2020-06-25,128,2020-11-19,275,1,26.8,0
1054,"HEWH",2020-06-25,128,2020-11-19,275,0,21.3,0
1055,"ENCA",2020-06-25,121,2020-11-19,268,1,32.3,0
1056,"HEWH",2020-06-25,121,2020-11-19,268,1,27.2,0
1057,"SAME",2020-06-25,121,2020-11-19,268,1,11.2,0
1058,"ENCA",2020-06-26,141,2020-11-19,287,1,31.8,0
1059,"MALA",2020-06-25,128,2020-11-19,275,1,18.8,0
1060,"ADFA",2020-06-25,139,2020-11-19,286,1,20.8,0
1061,"CEOL",2020-06-25,121,2020-11-19,268,1,31.9,0
1062,"CEOL",2020-06-25,121,2020-11-19,268,1,30.6,0
1063,"HEWH",2020-06-25,121,2020-11-19,268,1,31.7,0
1064,"ADFA",2020-06-25,139,2020-11-19,286,0,67.3,0
1065,"MALA",2020-06-26,126,2020-11-19,272,1,48.9,0
1067,"HEWH",2020-06-26,122,2020-11-19,268,1,15.3,0
1068,"HEWH",2020-06-26,122,2020-11-19,268,0,29.7,0
1069,"ENCA",2020-06-26,141,2020-11-19,287,1,46.9,0
1070,"SANI",2020-06-26,129,2020-11-19,275,1,26.9,0
1073,"HEWH",2020-06-25,125,2020-11-19,272,1,21.9,0
1074,"ENCA",2020-06-25,121,2020-11-19,268,1,53.1,0
1076,"MALA",2020-06-25,125,2020-11-19,272,1,18,0
1079,"SAAP",2020-06-25,119,2020-11-19,266,0,17.9,0
1080,"ENCA",2020-06-25,121,2020-11-19,268,1,57.2,0
1081,"CEOL",2020-06-25,121,2020-11-19,268,1,14.1,0
1082,"ENCA",2020-06-26,122,2020-11-19,268,1,34.9,0
1083,"HEWH",2020-06-26,122,2020-11-19,268,1,18.1,0
1084,"ENCA",2020-06-26,122,2020-11-19,268,0,64.7,0
1085,"RHOV",2020-06-26,126,2020-11-19,272,1,13.6,0
1086,"RHOV",2020-06-26,126,2020-11-19,272,1,23.8,0
1089,"SANI",2020-06-25,128,2020-11-19,275,1,44,0
1090,"HEWH",2020-06-25,121,2020-11-19,268,1,22.1,0
1093,"ENCA",2020-06-25,121,2020-11-19,268,0,53.8,0
1094,"CEOL",2020-06-25,121,2020-11-19,268,1,32.5,0
1095,"ENCA",2020-06-25,119,2020-11-19,266,1,25.9,0
1096,"HEWH",2020-06-25,121,2020-11-19,268,0,23.2,0
1097,"CEOL",2020-06-26,122,2020-11-19,268,1,31.8,0
1098,"HEWH",2020-06-26,122,2020-11-19,268,1,33.8,0
1099,"CEOL",2020-06-26,122,2020-11-19,268,1,16.9,0
1100,"SANI",2020-06-26,122,2020-11-19,268,1,37.5,0
1101,"RHOV",2020-06-25,143,2020-10-27,267,0,41.4,0
1102,"RHOV",2020-06-25,143,2020-11-19,290,1,8.2,0
1103,"SAAP",2020-06-25,133,2020-11-19,280,1,40.2,0
1104,"RHOV",2020-06-25,143,2020-11-19,290,1,6.5,0
1105,"HEWH",2020-06-25,141,2020-11-19,288,1,15.2,0
1113,"SAME",2020-06-25,119,2020-11-19,266,1,6,0
1114,"ENCA",2020-06-25,141,2020-11-19,288,1,41.1,0
1115,"RHOV",2020-06-25,141,2020-11-19,288,1,16.1,0
1116,"HEWH",2020-06-25,119,2020-11-19,266,0,21.2,0
1118,"RHOV",2020-06-25,141,2020-11-19,288,1,21.2,0
1120,"ADFA",2020-06-25,139,2020-11-19,286,1,30.4,0
1121,"CEOL",2020-06-25,141,2020-11-19,288,1,23.7,0
1122,"ENCA",2020-06-25,141,2020-11-19,288,1,51.4,0
1124,"RHOV",2020-06-25,141,2020-11-19,288,1,18.7,0
1126,"CEOL",2020-06-25,141,2020-11-19,288,1,12.5,0
1127,"ADFA",2020-06-25,128,2020-11-19,275,1,47,0
1128,"HEWH",2020-06-25,141,2020-11-19,288,1,30.8,0
1136,"ENCA",2020-06-25,141,2020-11-19,288,1,67.3,0
1139,"SAME",2020-06-26,120,2020-11-19,266,0,29,0
1140,"SAME",2020-06-26,120,2020-11-19,266,0,38.5,0
1141,"HEWH",2020-06-26,120,2020-11-19,266,0,24.4,0
1142,"CEOL",2020-06-26,120,2020-11-19,266,1,8.6,0
1144,"HEWH",2020-06-26,120,2020-11-19,266,0,28,0
1147,"HEWH",2020-06-26,120,2020-11-19,266,1,29.9,0
1149,"SANI",2020-06-26,120,2020-11-19,266,0,26,0
1153,"MALA",2020-06-26,120,2020-11-19,266,0,39.1,0
1154,"SANI",2020-06-26,120,2020-11-19,266,1,5.3,0
1155,"SAAP",2020-06-26,120,2020-11-19,266,1,32.1,0
1156,"SAME",2020-06-26,120,2020-11-19,266,1,10.6,0
1159,"ADFA",2020-06-26,141,2020-11-19,287,1,28.1,0
1167,"HEWH",2020-06-26,146,2020-11-19,292,0,13.1,0
1170,"CEOL",2020-06-26,141,2020-12-03,301,1,45.3,0
1171,"SANI",2020-06-26,146,2020-12-03,306,1,20.8,0
1174,"ENCA",2020-06-26,146,2020-11-19,292,1,35.5,0
1175,"ADFA",2020-06-26,140,2020-11-19,286,1,66.1,0
1177,"RHOV",2020-06-26,141,2020-11-19,287,1,16.5,0
1179,"ENCA",2020-06-26,129,2020-11-19,275,1,12.4,0
1180,"MALA",2020-06-26,127,2020-11-19,273,0,29.4,0
1182,"HEWH",2020-06-26,146,2020-11-19,292,0,21.2,0
1183,"ADFA",2020-06-26,140,2020-11-19,286,1,42.1,0
1185,"CEOL",2020-06-26,141,2020-11-19,287,1,41,0
1188,"CEOL",2020-06-26,146,2020-12-03,306,1,20,0
1191,"ADFA",2020-06-26,140,2020-11-19,286,1,53.2,0
1198,"RHOV",2020-06-26,141,2020-11-19,287,0,28.6,0
1200,"ENCA",2020-06-26,146,2020-11-19,292,0,47.3,0
1203,"HEWH",2020-06-25,143,2020-12-03,304,1,27.3,0
1204,"RHOV",2020-06-25,143,2020-11-19,290,1,36.9,0
1205,"SANI",2020-06-25,132,2020-11-19,279,1,11.5,0
1211,"SANI",2020-06-25,132,2020-11-19,279,1,30.6,0
1212,"CEOL",2020-06-25,132,2020-12-03,293,1,31.4,0
1213,"ENCA",2020-06-25,126,2020-11-19,273,1,36.7,0
1215,"RHOV",2020-06-25,143,2020-11-19,290,1,20.9,0
1218,"MALA",2020-06-25,114,2020-11-19,261,1,35.2,0
1222,"ADFA",2020-06-25,125,2020-11-19,272,1,46.8,0
1224,"ADFA",2020-06-25,125,2020-11-19,272,1,20.7,0
1226,"ENCA",2020-06-26,146,2020-11-19,292,1,42.9,0
1227,"ADFA",2020-06-25,142,2020-11-19,289,1,36.1,0
1232,"HEWH",2020-06-26,146,2020-11-19,292,0,22,0
1234,"CEOL",2020-06-26,146,2020-11-19,292,1,30,0
1235,"MALA",2020-06-26,115,2020-11-19,261,1,27.4,0
1238,"ADFA",2020-06-26,143,2020-11-19,289,1,55.4,0
1241,"HEWH",2020-06-26,146,2020-11-19,292,0,21.2,0
1242,"SANI",2020-06-26,129,2020-11-19,275,1,59.2,0
1244,"RHOV",2020-06-25,142,2020-11-17,287,1,25.8,0
1246,"SANI",2020-06-25,128,2020-11-17,273,1,15.5,0
1247,"ADFA",2020-06-25,125,2020-11-17,270,1,52,0
1248,"SANI",2020-06-25,128,2020-11-17,273,1,22.1,0
1251,"ENCA",2020-06-25,114,2020-11-17,259,1,20.2,0
1252,"HEWH",2020-06-25,114,2020-11-17,259,0,22.5,0
1253,"RHOV",2020-06-25,142,2020-12-03,303,1,14.4,0
1255,"RHOV",2020-06-25,142,2020-11-17,287,1,22,0
1256,"HEWH",2020-06-25,115,2020-11-17,260,0,20.9,0
1257,"RHOV",2020-06-25,126,2020-11-17,271,0,14,0
1258,"RHOV",2020-06-25,142,2020-11-19,289,1,20.1,0
1262,"MALA",2020-06-25,125,2020-11-17,270,1,32.3,0
1264,"RHOV",2020-06-25,139,2020-11-17,284,1,5,0
1266,"RHOV",2020-06-25,143,2020-11-19,290,1,15.9,0
1273,"ENCA",2020-06-25,141,2020-11-19,288,1,49,0
1277,"MALA",2020-06-25,125,2020-11-17,270,1,39.2,0
1278,"SANI",2020-06-25,128,2020-11-17,273,1,18.9,0
1279,"HEWH",2020-06-25,114,2020-11-17,259,1,19.5,0
1280,"SANI",2020-06-25,125,2020-11-17,270,0,23.8,0
1281,"CEOL",2020-06-25,115,2020-11-19,262,1,20.1,0
1284,"HEWH",2020-06-25,114,2020-11-17,259,1,30,0
1285,"CEOL",2020-06-25,140,2020-11-05,273,1,42.1,0
1286,"HEWH",2020-06-25,119,2020-12-03,280,0,28.8,0
1289,"ADFA",2020-06-25,125,2020-12-03,286,1,63.9,0
1291,"SAME",2020-06-25,114,2020-11-17,259,0,33,0
1293,"HEWH",2020-06-25,115,2020-11-17,260,0,11,0
1294,"RHOV",2020-06-25,139,2020-12-03,300,1,4.4,0
1296,"MALA",2020-06-25,125,2020-11-17,270,1,32.8,0
1297,"HEWH",2020-06-25,114,2020-11-17,259,0,29.5,0
1298,"ADFA",2020-06-25,125,2020-11-17,270,1,41.5,0
1299,"CEOL",2020-06-25,125,2020-11-17,270,1,10.2,0
1301,"ADFA",2020-06-26,144,2020-11-19,290,0,26.1,0
1302,"HEWH",2020-06-26,129,2020-11-19,275,1,25.1,0
1303,"ENCA",2020-06-26,141,2020-11-19,287,1,24.1,0
1304,"ENCA",2020-06-26,141,2020-11-19,287,0,54.6,0
1305,"ADFA",2020-06-26,140,2020-11-19,286,1,60.7,0
1306,"MALA",2020-06-26,120,2020-11-19,266,1,34.1,0
1307,"SAAP",2020-06-26,146,2020-11-19,292,0,27.5,0
1308,"ENCA",2020-06-26,120,2020-11-19,266,0,70.8,0
1310,"RHOV",2020-06-26,141,2020-11-19,287,1,21.9,0
1312,"RHOV",2020-06-26,141,2020-11-19,287,1,18,0
1313,"RHOV",2020-06-26,141,2020-11-19,287,1,25,0
1315,"ENCA",2020-06-26,141,2020-11-19,287,1,59.3,0
1316,"SAME",2020-06-26,146,2020-11-19,292,1,32,0
1317,"HEWH",2020-06-26,146,2020-11-19,292,0,24.1,0
1318,"SANI",2020-06-26,146,2020-11-19,292,1,17.8,0
1320,"SAME",2020-06-26,146,2020-11-19,292,1,47.6,0
1321,"CEOL",2020-06-26,141,2020-11-19,287,1,5.1,0
1322,"RHOV",2020-06-26,141,2020-11-19,287,1,32.5,0
1323,"HEWH",2020-06-26,146,2020-11-19,292,1,9.5,0
1324,"SAME",2020-06-26,146,2020-11-19,292,0,8.1,0
1325,"SAME",2020-06-26,146,2020-11-19,292,1,33.8,0
1326,"MALA",2020-06-26,146,2020-11-19,292,1,13.1,0
1328,"SAME",2020-06-26,146,2020-11-19,292,1,31.3,0
1329,"HEWH",2020-06-26,146,2020-11-19,292,1,23.4,0
1330,"ENCA",2020-06-26,141,2020-11-19,287,0,41,0
1331,"SAME",2020-06-26,146,2020-11-19,292,1,20.6,0
1333,"HEWH",2020-06-26,146,2020-11-19,292,0,28.2,0
1334,"HEWH",2020-06-26,146,2020-11-19,292,0,24.1,0
1338,"CEOL",2020-06-26,141,2020-11-19,287,1,31.3,0
1339,"HEWH",2020-06-26,129,2020-11-19,275,1,29.1,0
1342,"ENCA",2020-06-26,146,2020-11-19,292,1,23.4,0
1343,"SAAP",2020-06-26,129,2020-11-19,275,1,32.6,0
1345,"RHOV",2020-06-26,141,2020-11-19,287,1,26.4,0
1346,"HEWH",2020-06-26,146,2020-11-19,292,0,18.5,0
1347,"ADFA",2020-06-26,141,2020-11-19,287,0,60.1,0
1349,"SAME",2020-06-26,115,2020-11-19,261,1,36.8,0
1350,"RHOV",2020-06-26,141,2020-11-19,287,1,22.9,0
1351,"ADFA",2020-06-26,141,2020-11-19,287,1,62.1,0
1354,"HEWH",2020-06-26,129,2020-11-19,275,0,27,0
1355,"SANI",2020-06-26,129,2020-11-19,275,1,20.6,0
1356,"RHOV",2020-06-26,141,2020-11-19,287,1,26.9,0
1362,"ADFA",2020-06-26,146,2020-11-19,292,1,44,0
1364,"RHOV",2020-06-26,141,2020-11-19,287,1,13.8,0
1366,"SAAP",2020-06-26,146,2020-11-19,292,1,20,0
1367,"RHOV",2020-06-26,141,2020-11-19,287,1,21,0
1368,"RHOV",2020-06-26,141,2020-11-19,287,1,27.9,0
1369,"ENCA",2020-06-26,141,2020-11-19,287,1,31.8,0
1372,"HEWH",2020-06-26,129,2020-11-19,275,1,21.2,0
1373,"MALA",2020-06-26,126,2020-11-19,272,1,19,0
1376,"HEAR",2020-06-26,146,2020-12-03,306,1,24.2,0
1377,"SANI",2020-06-26,129,2020-11-19,275,1,32,0
1383,"RHOV",2020-06-25,125,2020-11-17,270,1,22,0
1384,"CEOL",2020-06-25,126,2020-11-17,271,1,13.4,0
1387,"CEOL",2020-06-26,115,2020-12-03,275,1,37,0
1390,"RHOV",2020-06-25,90,2020-11-19,237,1,13.4,0
1392,"CEOL",2020-06-26,116,2020-11-19,262,1,30.3,0
1393,"SANI",2020-06-25,126,2020-11-19,273,1,24.3,0
1394,"ADFA",2020-06-26,126,2020-11-19,272,0,54.5,0
1395,"ADFA",2020-06-26,126,2020-12-03,286,1,56.2,0
1398,"HEWH",2020-06-26,146,2020-11-19,292,0,24.2,0
1399,"RHOV",2020-06-26,141,2020-11-19,287,1,28.5,0
1400,"SAAP",2020-06-26,119,2020-11-19,265,1,8.7,0
1401,"CEOL",2020-06-25,126,2020-11-17,271,1,28.2,0
1402,"RHOV",2020-06-25,90,2020-11-17,235,1,12.4,0
1403,"MALA",2020-06-26,126,2020-11-19,272,1,37.5,0
1406,"CEOL",2020-06-26,119,2020-11-19,265,1,27.4,0
1407,"HEAR",2020-06-05,93,2020-10-27,237,1,14,0
1410,"HEAR",2020-06-05,93,2020-10-27,237,1,15.7,0
1411,"HEAR",2020-06-05,93,2020-10-27,237,1,13,0
1412,"RHOV",2020-06-26,141,2020-11-19,287,1,37.5,0
1413,"RHOV",2020-06-26,91,2020-11-19,237,1,16.8,0
1414,"RHOV",2020-06-26,141,2020-11-19,287,1,17.8,0
1417,"HEAR",2020-06-05,93,2020-10-27,237,0,13.5,0
1418,"ADFA",2020-06-26,126,2020-11-19,272,1,52.3,0
1421,"HEAR",2020-06-05,93,2020-12-03,274,1,16.4,0
1423,"HEAR",2020-06-05,93,2020-10-27,237,0,13.7,0
1425,"HEAR",2020-06-05,93,2020-10-27,237,1,7.8,0
1432,"HEAR",2020-06-24,112,2020-10-27,237,1,10,0
1436,"HEAR",2020-06-24,112,2020-12-03,274,1,9.5,0
1437,"HEAR",2020-06-24,112,2020-12-03,274,1,9.8,0
1441,"HEAR",2020-06-25,112,2020-12-03,273,1,10.4,0
1453,"HEAR",2020-06-24,112,2020-12-03,274,1,12.1,0
1456,"HEAR",2020-06-24,112,2020-12-03,274,1,13.7,0
1458,"HEAR",2020-06-25,112,2020-10-27,236,1,13.7,0
1459,"HEAR",2020-06-24,111,2020-11-05,245,1,11.7,0
1460,"HEAR",2020-06-24,111,2020-12-03,273,1,8.8,0
1461,"HEAR",2020-06-25,112,2020-10-27,236,1,3.8,0
1463,"ADFA",2020-06-24,111,2020-12-03,273,1,57.8,0
1464,"ADFA",2020-06-25,112,2020-11-19,259,1,37.5,0
1465,"ADFA",2020-06-24,111,2020-12-03,273,1,57.3,0
1466,"ADFA",2020-06-24,111,2020-12-03,273,1,70,0
1467,"ADFA",2020-06-24,111,2020-10-27,236,0,30.3,0
1468,"ADFA",2020-06-05,92,2020-12-03,273,1,34.6,0
1469,"ADFA",2020-06-24,111,2020-12-03,273,1,59.6,0
1470,"ADFA",2020-06-24,111,2020-12-03,273,1,67.7,0
1471,"ADFA",2020-06-24,111,2020-12-03,273,1,42.1,0
1472,"ADFA",2020-06-05,92,2020-10-27,236,0,43.1,0
1473,"ADFA",2020-06-05,92,2020-12-03,273,1,50.9,0
1474,"ADFA",2020-06-05,92,2020-12-03,273,1,34.6,0
1476,"ADFA",2020-06-05,92,2020-10-27,236,0,65.6,0
1477,"ADFA",2020-06-05,92,2020-10-27,236,0,38.6,0
1479,"SANI",2020-06-05,91,2020-10-27,235,1,16.4,0
1482,"HEAR",2020-06-05,92,2020-12-03,273,1,3.75,0
1486,"HEAR",2020-06-24,111,2020-11-05,245,1,6.2,0
1501,"SAME",2020-06-05,91,2020-10-27,235,0,11,0
1503,"SAME",2020-06-26,112,2020-12-03,272,1,17.4,0
1510,"HEAR",2020-06-24,107,2020-11-17,253,1,19.2,0
1511,"HEAR",2020-06-24,111,2020-12-03,273,1,16.1,0
1517,"SAME",2020-06-25,112,2020-11-19,259,0,27.5,0
1518,"HEAR",2020-06-24,111,2020-11-17,257,1,28.2,0
1523,"HEAR",2020-06-26,113,2020-12-03,273,1,23.5,0
1524,"HEAR",2020-06-26,113,2020-12-03,273,1,17.1,0
1526,"HEAR",2020-06-26,113,2020-12-03,273,1,7.1,0
1534,"SANI",2020-06-24,110,2020-11-05,244,1,24,0
1538,"HEAR",2020-06-26,113,2020-12-03,273,1,7.1,0
1540,"SANI",2020-06-25,111,2020-11-05,244,1,9.7,0
1542,"SAME",2020-06-24,110,2020-11-05,244,0,42.2,0
1543,"SAME",2020-06-24,110,2020-11-05,244,1,47.1,0
1545,"SAME",2020-06-24,110,2020-11-05,244,0,3.2,0
1546,"SAME",2020-06-25,111,2020-12-03,272,1,11.7,0
1549,"SAME",2020-06-25,111,2020-12-03,272,1,31.2,0
1551,"SANI",2020-06-24,110,2020-12-03,272,1,17.2,0
1552,"SANI",2020-06-25,111,2020-12-03,272,1,24.6,0
1555,"SAME",2020-06-26,112,2020-12-03,272,1,17.6,0
1557,"SANI",2020-06-26,112,2020-11-19,258,0,23.9,0
1558,"SAME",2020-06-26,112,2020-12-03,272,1,31,0
1559,"SANI",2020-06-26,112,2020-12-03,272,1,17.2,0
1562,"SAME",2020-06-26,112,2020-12-03,272,1,12.8,0
1569,"SANI",2020-06-26,112,2020-11-19,258,1,21.5,0
1571,"SANI",2020-06-26,112,2020-11-19,258,1,38.4,0
1574,"SANI",2020-06-25,111,2020-10-27,235,1,7.6,0
1575,"SAME",2020-06-05,91,2020-10-27,235,0,40.1,0
1579,"SANI",2020-06-24,110,2020-10-27,235,1,15.3,0
1580,"SAME",2020-06-24,110,2020-10-27,235,1,14,0
1581,"SANI",2020-06-25,111,2020-10-27,235,1,6.8,0
1582,"SAME",2020-06-25,111,2020-11-05,244,1,46,0
1589,"SANI",2020-06-25,111,2020-12-03,272,1,19.2,0
1590,"HEAR",2020-06-05,88,2020-11-17,253,1,5.4,0
1594,"SANI",2020-06-24,107,2020-11-17,253,1,13.9,0
1596,"SAME",2020-06-24,107,2020-11-17,253,0,15.2,0
1599,"SANI",2020-06-05,91,2020-10-27,235,1,8.4,0
1600,"SANI",2020-06-24,110,2020-10-27,235,1,12.4,0
1601,"SAME",2020-06-05,88,2020-11-05,241,1,18.7,0
1604,"SAME",2020-06-24,107,2020-11-05,241,1,20.1,0
1610,"SAME",2020-06-24,107,2020-11-17,253,1,13.4,0
1613,"SANI",2020-06-24,107,2020-11-17,253,0,15.8,0
1617,"ADFA",2020-06-26,109,2020-11-19,255,1,64.2,0
1620,"ADFA",2020-06-25,108,2020-12-03,269,1,40.8,0
1621,"ADFA",2020-06-26,109,2020-11-19,255,0,79.5,0
1622,"ADFA",2020-06-26,109,2020-11-19,255,1,47,0
1623,"ADFA",2020-06-26,109,2020-11-19,255,1,43.5,0
1624,"ADFA",2020-06-25,108,2020-11-19,255,1,51.8,0
1627,"ADFA",2020-06-25,99,2020-12-03,260,1,54.9,0
1630,"ADFA",2020-06-24,98,2020-12-03,260,1,59.1,0
1631,"ADFA",2020-06-25,99,2020-11-05,232,1,66.9,0
1632,"ADFA",2020-06-25,99,2020-10-27,223,0,65.8,0
1633,"ADFA",2020-06-25,99,2020-10-27,223,1,57.1,0
1634,"HEAR",2020-06-25,99,2020-11-05,232,1,15.1,0
1635,"ADFA",2020-06-25,99,2020-11-05,232,0,60.6,0
1636,"ADFA",2020-06-24,98,2020-10-27,223,0,54,0
1639,"ADFA",2020-06-05,78,2020-11-17,243,1,54,0
1640,"SANI",2020-06-25,90,2020-11-19,237,0,9.1,0
1641,"ADFA",2020-06-05,78,2020-11-17,243,1,52.6,0
1643,"HEAR",2020-06-05,78,2020-12-03,259,1,18.85,0
1646,"ADFA",2020-06-24,97,2020-12-03,259,1,57.1,0
1649,"SAME",2020-06-26,91,2020-11-19,237,0,24.7,0
1650,"SANI",2020-06-26,91,2020-11-19,237,1,8.3,0
1651,"SAME",2020-06-25,90,2020-11-05,223,1,29.7,0
1653,"SAME",2020-06-24,89,2020-11-17,235,0,13.8,0
1654,"SANI",2020-06-24,89,2020-12-03,251,1,11.1,0
1656,"SAME",2020-06-05,70,2020-10-27,214,0,11.5,0
1658,"SANI",2020-06-25,90,2020-11-17,235,0,16.9,0
1663,"SANI",2020-06-24,89,2020-10-27,214,1,5,0
1664,"SANI",2020-06-05,70,2020-11-17,235,1,11.3,0
