"plot_number","Plant","start_date","start_time","end_date","end_time","dead","gopher"
1,"ENCA",2020-01-17,0,2020-05-06,110,0,0
2,"CEOL",2020-01-17,0,2020-05-06,110,0,0
3,"ENCA",2020-01-17,0,2020-05-06,110,0,0
4,"ENCA",2020-01-17,0,2020-05-06,110,0,0
5,"CEOL",2020-03-27,0,2020-05-06,40,0,0
6,"HEWH",2020-01-17,0,2020-05-06,110,0,0
7,"SAME",2020-02-20,0,2020-05-06,76,0,0
8,"SANI",2020-02-13,0,2020-05-07,84,0,0
9,"SANI",2020-02-13,0,2020-05-07,84,0,0
10,"RHOV",2020-01-17,0,2020-05-06,110,0,0
11,"SANI",2020-02-13,0,2020-05-06,83,0,0
12,"CEOL",2020-01-17,0,2020-05-06,110,0,0
13,"HEWH",2020-01-17,0,2020-05-06,110,0,0
14,"HEWH",2020-01-17,0,2020-05-06,110,0,0
15,"CEOL",2020-01-17,0,2020-05-06,110,0,0
16,"SANI",2020-02-13,0,2020-05-06,83,0,0
17,"SAAP",2020-02-13,0,2020-05-06,83,0,0
18,"SAME",2020-02-20,0,2020-05-06,76,0,0
19,"ENCA",2020-01-17,0,2020-05-06,110,0,0
20,"MALA",2020-02-13,0,2020-05-06,83,0,0
21,"SAAP",2020-02-13,0,2020-05-06,83,0,0
22,"CEOL",2020-01-17,0,2020-05-06,110,0,0
23,"ENCA",2020-01-17,0,2020-05-06,110,0,0
24,"HEWH",2020-01-17,0,2020-05-06,110,0,0
25,"CEOL",2020-01-17,0,2020-05-06,110,1,0
26,"ENCA",2020-03-19,0,2020-05-06,48,0,0
27,"SAME",2020-02-20,0,2020-05-06,76,0,0
28,"SAME",2020-02-20,0,2020-05-07,77,0,0
29,"SANI",2020-02-14,0,2020-05-07,83,0,0
30,"SAME",2020-02-20,0,2020-05-07,77,0,0
31,"CEOL",2020-01-25,0,2020-05-07,103,0,0
32,"SANI",2020-02-13,0,2020-05-07,84,0,0
33,"MALA",2020-02-13,0,2020-05-07,84,1,0
34,"ADFA",2020-01-21,0,2020-05-07,107,0,0
35,"ADFA",2020-01-21,0,2020-05-07,107,0,0
37,"MALA",2020-02-13,0,2020-05-07,84,0,0
38,"HEWH",2020-01-18,0,2020-05-07,110,0,0
39,"CEOL",2020-03-27,0,2020-05-07,41,1,0
40,"CEOL",2020-01-25,0,2020-05-07,103,0,0
41,"CEOL",2020-01-25,0,2020-05-07,103,0,0
42,"HEWH",2020-01-18,0,2020-05-07,110,0,0
43,"ENCA",2020-01-18,0,2020-05-07,110,0,0
44,"ENCA",2020-01-18,0,2020-05-07,110,0,0
45,"ENCA",2020-01-18,0,2020-05-07,110,0,0
46,"HEWH",2020-01-18,0,2020-05-07,110,0,0
47,"SAME",2020-02-20,0,2020-05-07,77,0,0
48,"RHOV",2020-01-18,0,2020-05-07,110,0,0
49,"HEWH",2020-01-18,0,2020-05-07,110,0,0
50,"RHOV",2020-01-18,0,2020-05-07,110,0,0
51,"SAAP",2020-02-13,0,2020-05-07,84,0,0
52,"HEWH",2020-01-18,0,2020-05-07,110,0,0
53,"ADFA",2020-01-21,0,2020-05-07,107,0,0
54,"CEOL",2020-01-25,0,2020-05-07,103,0,0
55,"HEWH",2020-01-18,0,2020-05-07,110,1,0
56,"HEWH",2020-01-18,0,2020-05-06,109,1,0
57,"ENCA",2020-01-18,0,2020-05-07,110,0,0
58,"CEOL",2020-01-25,0,2020-05-07,103,0,0
59,"MALA",2020-02-13,0,2020-05-07,84,0,0
60,"SAAP",2020-02-13,0,2020-05-07,84,1,0
61,"ENCA",2020-01-18,0,2020-05-07,110,0,0
62,"HEWH",2020-01-18,0,2020-05-07,110,0,0
63,"HEWH",2020-01-18,0,2020-05-07,110,1,0
64,"SANI",2020-02-13,0,2020-05-07,84,0,0
65,"CEOL",2020-01-25,0,2020-05-07,103,1,0
66,"ENCA",2020-03-19,0,2020-05-07,49,1,0
68,"HEWH",2020-01-18,0,2020-05-07,110,0,0
69,"HEWH",2020-01-18,0,2020-05-07,110,0,0
70,"HEWH",2020-01-18,0,2020-05-07,110,1,0
71,"SAME",2020-02-20,0,2020-05-07,77,1,0
72,"MALA",2020-02-14,0,2020-05-07,83,0,0
73,"CEOL",2020-01-25,0,2020-05-07,103,1,0
74,"HEWH",2020-01-21,0,2020-05-07,107,0,0
75,"RHOV",2020-01-21,0,2020-05-07,107,0,1
76,"HEWH",2020-01-18,0,2020-05-07,110,0,0
77,"RHOV",2020-01-18,0,2020-05-07,110,0,0
78,"ENCA",2020-01-18,0,2020-05-07,110,0,0
79,"SAAP",2020-02-13,0,2020-05-07,84,0,0
80,"MALA",2020-02-13,0,2020-05-07,84,0,0
81,"SAAP",2020-02-13,0,2020-05-07,84,0,0
82,"CEOL",2020-02-20,0,2020-05-07,77,0,0
83,"SAAP",2020-02-13,0,2020-05-07,84,0,0
84,"RHOV",2020-01-21,0,2020-05-07,107,0,0
85,"CEOL",2020-01-25,0,2020-05-07,103,0,0
86,"CEOL",2020-02-20,0,2020-05-07,77,0,0
87,"ENCA",2020-01-21,0,2020-05-07,107,0,0
88,"SAAP",2020-02-14,0,2020-05-07,83,0,0
89,"ENCA",2020-01-21,0,2020-05-07,107,1,0
90,"ADFA",2020-01-21,0,2020-05-07,107,0,0
91,"RHOV",2020-01-21,0,2020-05-07,107,0,0
92,"ENCA",2020-01-18,0,2020-05-07,110,0,0
93,"HEWH",2020-01-18,0,2020-05-07,110,0,0
94,"SAME",2020-02-20,0,2020-05-07,77,0,0
95,"HEWH",2020-01-21,0,2020-05-07,107,1,0
96,"SANI",2020-02-13,0,2020-05-07,84,0,0
97,"SAAP",2020-02-13,0,2020-05-07,84,0,0
98,"SANI",2020-02-13,0,2020-05-07,84,1,0
99,"CEOL",2020-01-25,0,2020-05-07,103,0,0
100,"SAAP",2020-02-14,0,2020-05-07,83,0,0
101,"ENCA",2020-01-17,0,2020-05-06,110,0,0
102,"SAME",2020-02-20,0,2020-05-06,76,1,0
103,"ENCA",2020-01-17,0,2020-05-06,110,0,0
104,"ADFA",2020-01-17,0,2020-05-06,110,0,0
105,"MALA",2020-02-13,0,2020-05-06,83,0,0
106,"RHOV",2020-01-17,0,2020-05-06,110,0,0
107,"MALA",2020-02-13,0,2020-05-06,83,0,0
108,"ENCA",2020-01-17,0,2020-05-06,110,0,0
109,"RHOV",2020-01-17,0,2020-05-06,110,0,0
110,"RHOV",2020-01-17,0,2020-05-06,110,0,0
111,"SAAP",2020-02-13,0,2020-05-06,83,0,0
112,"HEWH",2020-01-17,0,2020-05-06,110,0,0
113,"ADFA",2020-01-17,0,2020-05-06,110,0,0
114,"CEOL",2020-01-17,0,2020-05-06,110,0,0
115,"CEOL",2020-01-17,0,2020-05-06,110,0,0
116,"ENCA",2020-01-17,0,2020-05-06,110,0,0
117,"SAME",2020-02-20,0,2020-05-06,76,0,0
118,"SAAP",2020-02-13,0,2020-05-06,83,0,0
119,"HEWH",2020-01-17,0,2020-05-06,110,1,0
120,"ENCA",2020-01-17,0,2020-05-06,110,0,0
121,"SAME",2020-02-20,0,2020-05-06,76,0,0
122,"CEOL",2020-02-13,0,2020-05-06,83,0,0
123,"SAME",2020-02-20,0,2020-05-06,76,1,0
124,"RHOV",2020-01-17,0,2020-05-06,110,0,0
125,"CEOL",2020-01-17,0,2020-05-06,110,0,0
126,"SANI",2020-02-13,0,2020-05-06,83,1,0
127,"CEOL",2020-01-17,0,2020-05-06,110,0,0
128,"ENCA",2020-01-17,0,2020-05-06,110,1,0
129,"ENCA",2020-01-17,0,2020-05-06,110,0,0
130,"RHOV",2020-01-18,0,2020-05-06,109,0,0
131,"MALA",2020-02-13,0,2020-05-06,83,0,0
132,"RHOV",2020-01-17,0,2020-05-06,110,0,0
133,"HEWH",2020-01-17,0,2020-05-06,110,0,0
134,"ENCA",2020-01-17,0,2020-05-06,110,0,0
135,"SAAP",2020-02-13,0,2020-05-06,83,0,0
136,"ENCA",2020-01-18,0,2020-05-06,109,0,0
137,"SAAP",2020-02-13,0,2020-05-06,83,0,0
138,"ADFA",2020-01-21,0,2020-05-06,106,0,0
139,"ADFA",2020-01-21,0,2020-05-06,106,0,0
140,"SANI",2020-02-14,0,2020-05-06,82,0,0
141,"HEWH",2020-01-21,0,2020-05-06,106,0,0
142,"RHOV",2020-01-21,0,2020-05-06,106,0,0
143,"ENCA",2020-01-18,0,2020-05-06,109,1,0
144,"HEWH",2020-01-18,0,2020-05-06,109,1,0
145,"CEOL",2020-02-14,0,2020-05-06,82,1,0
146,"CEOL",2020-02-27,0,2020-05-06,69,0,1
147,"RHOV",2020-01-18,0,2020-05-06,109,0,0
148,"MALA",2020-02-13,0,2020-05-06,83,1,0
149,"ENCA",2020-01-18,0,2020-05-06,109,0,0
150,"MALA",2020-02-13,0,2020-05-06,83,1,0
151,"ENCA",2020-01-18,0,2020-05-06,109,0,0
152,"CEOL",2020-01-25,0,2020-05-06,102,0,0
153,"ENCA",2020-01-18,0,2020-05-06,109,0,0
154,"SANI",2020-02-14,0,2020-05-06,82,0,1
155,"SAAP",2020-02-14,0,2020-05-06,82,0,0
156,"HEAR",2020-02-27,0,2020-05-06,69,0,0
157,"CEOL",2020-03-27,0,2020-05-06,40,1,0
158,"SAAP",2020-02-14,0,2020-05-06,82,1,0
159,"ENCA",2020-03-19,0,2020-05-06,48,1,0
160,"HEWH",2020-02-20,0,2020-05-06,76,0,0
161,"MALA",2020-02-13,0,2020-05-06,83,0,0
162,"HEWH",2020-01-18,0,2020-05-06,109,0,0
163,"ADFA",2020-01-21,0,2020-05-06,106,0,0
164,"HEWH",2020-01-18,0,2020-05-06,109,0,0
165,"SANI",2020-02-13,0,2020-05-06,83,0,0
166,"SAME",2020-02-20,0,2020-05-06,76,0,0
167,"HEWH",2020-01-18,0,2020-05-06,109,0,0
168,"RHOV",2020-01-18,0,2020-05-06,109,0,0
169,"HEWH",2020-01-21,0,2020-05-07,107,0,0
170,"CEOL",2020-01-21,0,2020-05-06,106,0,0
171,"RHOV",2020-03-27,0,2020-05-06,40,0,0
172,"HEWH",2020-01-25,0,2020-05-07,103,1,0
173,"SAME",2020-02-20,0,2020-05-07,77,1,0
174,"ADFA",2020-02-04,0,2020-05-06,92,0,0
175,"HEWH",2020-01-25,0,2020-05-07,103,1,0
176,"HEWH",2020-01-25,0,2020-05-07,103,0,0
177,"HEWH",2020-01-21,0,2020-05-06,106,0,0
178,"CEOL",2020-01-25,0,2020-05-07,103,0,0
179,"SANI",2020-02-13,0,2020-05-07,84,1,0
180,"RHOV",2020-01-18,0,2020-05-06,109,0,0
181,"HEWH",2020-01-25,0,2020-05-07,103,0,0
182,"HEWH",2020-01-25,0,2020-05-07,103,0,0
183,"ADFA",2020-02-04,0,2020-05-06,92,0,0
184,"RHOV",2020-01-18,0,2020-05-07,110,0,0
185,"ENCA",2020-01-21,0,2020-05-07,107,0,0
186,"HEWH",2020-01-21,0,2020-05-07,107,1,0
187,"HEWH",2020-01-21,0,2020-05-07,107,0,0
188,"HEWH",2020-01-30,0,2020-05-07,98,0,0
189,"CEOL",2020-03-27,0,2020-05-07,41,1,0
190,"CEOL",2020-02-05,0,2020-05-07,92,0,0
191,"ADFA",2020-01-30,0,2020-05-07,98,1,0
192,"SANI",2020-02-13,0,2020-05-07,84,0,0
193,"ENCA",2020-01-30,0,2020-05-07,98,1,0
194,"SANI",2020-02-13,0,2020-05-07,84,0,0
195,"HEWH",2020-01-25,0,2020-05-07,103,0,0
196,"HEWH",2020-01-25,0,2020-05-07,103,1,0
197,"HEWH",2020-01-30,0,2020-05-07,98,1,0
198,"ENCA",2020-01-30,0,2020-05-07,98,1,0
199,"HEWH",2020-01-21,0,2020-05-07,107,0,0
200,"HEWH",2020-01-25,0,2020-05-07,103,0,0
201,"SAAP",2020-02-14,0,2020-05-07,83,0,0
202,"ENCA",2020-01-21,0,2020-05-08,108,1,0
203,"ADFA",2020-01-21,0,2020-05-08,108,0,0
204,"HEWH",2020-01-21,0,2020-05-07,107,0,0
205,"CEOL",2020-01-25,0,2020-05-07,103,0,0
206,"SAAP",2020-02-20,0,2020-05-07,77,0,0
207,"ENCA",2020-01-21,0,2020-05-07,107,1,0
208,"SAAP",2020-02-14,0,2020-05-07,83,0,0
209,"HEWH",2020-01-21,0,2020-05-08,108,0,0
210,"ADFA",2020-01-21,0,2020-05-07,107,0,0
211,"HEWH",2020-01-21,0,2020-05-08,108,0,0
212,"CEOL",2020-01-25,0,2020-05-08,104,1,0
213,"SANI",2020-02-14,0,2020-05-08,84,1,0
214,"RHOV",2020-01-21,0,2020-05-08,108,1,0
215,"CEOL",2020-01-25,0,2020-05-08,104,0,0
216,"RHOV",2020-01-21,0,2020-05-08,108,0,0
217,"CEOL",2020-01-25,0,2020-05-07,103,1,0
218,"HEWH",2020-01-21,0,2020-05-07,107,0,0
219,"RHOV",2020-03-27,0,2020-05-07,41,0,0
220,"ENCA",2020-01-25,0,2020-05-07,103,0,0
221,"RHOV",2020-01-21,0,2020-05-08,108,0,0
222,"SAAP",2020-02-20,0,2020-05-08,78,1,0
223,"SAME",2020-02-20,0,2020-05-08,78,1,0
224,"CEOL",2020-01-25,0,2020-05-08,104,1,0
225,"HEWH",2020-01-21,0,2020-05-07,107,0,1
226,"ENCA",2020-02-20,0,2020-05-08,78,1,0
227,"SAAP",2020-02-20,0,2020-05-07,77,0,0
228,"CEOL",2020-01-25,0,2020-05-07,103,0,0
229,"SAME",2020-02-20,0,2020-05-08,78,0,0
230,"ADFA",2020-02-03,0,2020-05-07,94,1,0
231,"SAME",2020-02-25,0,2020-05-08,73,1,0
232,"RHOV",2020-03-27,0,2020-05-08,42,1,0
233,"HEAR",2020-02-27,0,2020-05-08,71,0,0
234,"MALA",2020-02-03,0,2020-05-07,94,1,0
235,"SAME",2020-02-20,0,2020-05-07,77,0,0
236,"HEWH",2020-01-21,0,2020-05-07,107,0,0
237,"CEOL",2020-01-25,0,2020-05-07,103,0,0
238,"MALA",2020-02-03,0,2020-05-07,94,1,0
239,"HEWH",2020-01-21,0,2020-05-07,107,1,0
240,"ENCA",2020-01-21,0,2020-05-08,108,0,0
241,"RHOV",2020-01-21,0,2020-05-07,107,0,0
242,"RHOV",2020-01-25,0,2020-05-07,103,0,0
243,"RHOV",2020-01-25,0,2020-05-07,103,0,0
244,"RHOV",2020-01-25,0,2020-05-07,103,0,0
245,"CEOL",2020-02-14,0,2020-05-08,84,0,0
246,"HEWH",2020-01-21,0,2020-05-08,108,0,0
247,"CEOL",2020-02-06,0,2020-05-08,92,1,0
248,"SAME",2020-02-20,0,2020-05-07,77,1,0
249,"MALA",2020-02-21,0,2020-05-07,76,0,0
250,"ENCA",2020-01-25,0,2020-05-07,103,0,0
251,"ENCA",2020-02-06,0,2020-05-07,91,0,0
252,"CEOL",2020-02-06,0,2020-05-07,91,0,0
253,"RHOV",2020-01-30,0,2020-05-07,98,1,0
254,"SAME",2020-02-20,0,2020-05-07,77,0,0
255,"HEWH",2020-02-20,0,2020-05-08,78,0,0
256,"SAME",2020-02-20,0,2020-05-07,77,0,0
257,"ADFA",2020-02-03,0,2020-05-07,94,0,0
258,"ENCA",2020-02-06,0,2020-05-07,91,0,0
259,"HEWH",2020-02-20,0,2020-05-07,77,0,0
260,"ADFA",2020-02-03,0,2020-05-07,94,0,0
261,"CEOL",2020-02-06,0,2020-05-07,91,0,0
262,"HEWH",2020-02-20,0,2020-05-07,77,0,0
263,"SAME",2020-02-20,0,2020-05-07,77,0,0
264,"CEOL",2020-02-06,0,2020-05-07,91,0,0
265,"ENCA",2020-01-25,0,2020-05-07,103,0,0
266,"HEWH",2020-01-30,0,2020-05-08,99,0,0
267,"SAAP",2020-02-20,0,2020-05-07,77,0,0
268,"CEOL",2020-02-14,0,2020-05-07,83,1,0
269,"HEWH",2020-02-20,0,2020-05-07,77,0,0
270,"HEWH",2020-02-20,0,2020-05-07,77,0,0
271,"CEOL",2020-02-14,0,2020-05-07,83,0,0
272,"RHOV",2020-01-30,0,2020-05-07,98,1,0
273,"SAAP",2020-02-13,0,2020-05-07,84,0,0
274,"SAAP",2020-02-13,0,2020-05-07,84,0,0
275,"ENCA",2020-01-30,0,2020-05-07,98,0,0
276,"CEOL",2020-02-14,0,2020-05-07,83,0,0
277,"ENCA",2020-01-30,0,2020-05-07,98,0,0
278,"ENCA",2020-01-30,0,2020-05-07,98,0,0
279,"SANI",2020-02-14,0,2020-05-07,83,0,0
280,"RHOV",2020-03-27,0,2020-05-07,41,0,0
281,"SANI",2020-02-14,0,2020-05-07,83,0,0
282,"HEWH",2020-01-30,0,2020-05-07,98,0,0
283,"SAAP",2020-02-13,0,2020-05-07,84,0,0
284,"SANI",2020-02-14,0,2020-05-07,83,0,0
285,"ENCA",2020-02-27,0,2020-05-07,70,0,0
286,"HEWH",2020-01-30,0,2020-05-07,98,0,0
287,"MALA",2020-02-14,0,2020-05-07,83,0,0
288,"CEOL",2020-02-14,0,2020-05-07,83,0,0
289,"RHOV",2020-02-06,0,2020-05-08,92,0,0
290,"CEOL",2020-02-14,0,2020-05-07,83,0,0
291,"SAME",2020-02-27,0,2020-05-08,71,0,0
292,"RHOV",2020-02-27,0,2020-05-07,70,0,0
293,"SAME",2020-02-27,0,2020-05-07,70,0,0
294,"SAAP",2020-02-13,0,2020-05-07,84,1,0
295,"ENCA",2020-02-27,0,2020-05-07,70,0,0
297,"MALA",2020-02-14,0,2020-05-08,84,0,0
298,"SAME",2020-02-27,0,2020-05-08,71,0,0
299,"RHOV",2020-02-14,0,2020-05-08,84,0,0
300,"SAAP",2020-02-14,0,2020-05-08,84,0,0
301,"HEWH",2020-01-30,0,2020-05-07,98,0,0
302,"SANI",2020-02-13,0,2020-05-07,84,1,0
303,"ENCA",2020-01-30,0,2020-05-08,99,0,0
304,"ENCA",2020-01-30,0,2020-05-07,98,1,0
305,"SAAP",2020-02-13,0,2020-05-07,84,1,0
306,"HEWH",2020-01-30,0,2020-05-08,99,1,0
307,"ENCA",2020-03-19,0,2020-05-07,49,0,0
308,"SAAP",2020-02-13,0,2020-05-07,84,1,0
309,"CEOL",2020-02-05,0,2020-05-07,92,0,0
310,"CEOL",2020-02-14,0,2020-05-07,83,0,0
311,"ENCA",2020-03-27,0,2020-05-07,41,0,1
312,"CEOL",2020-02-05,0,2020-05-07,92,1,0
313,"CEOL",2020-02-05,0,2020-05-07,92,0,0
314,"SANI",2020-02-13,0,2020-05-07,84,0,0
315,"RHOV",2020-01-30,0,2020-05-07,98,0,0
316,"HEWH",2020-01-30,0,2020-05-07,98,0,0
317,"SANI",2020-02-13,0,2020-05-07,84,0,0
318,"SAME",2020-02-20,0,2020-05-07,77,0,0
319,"ENCA",2020-01-25,0,2020-05-07,103,0,0
320,"ADFA",2020-02-04,0,2020-05-07,93,0,0
321,"HEWH",2020-01-30,0,2020-05-07,98,0,0
322,"ADFA",2020-01-30,0,2020-05-07,98,1,0
323,"HEWH",2020-01-30,0,2020-05-07,98,0,0
324,"CEOL",2020-02-14,0,2020-05-07,83,1,0
325,"HEWH",2020-01-25,0,2020-05-07,103,1,0
326,"ADFA",2020-02-20,0,2020-05-07,77,0,0
327,"ENCA",2020-01-30,0,2020-05-07,98,0,0
328,"RHOV",2020-03-27,0,2020-05-07,41,0,0
329,"ENCA",2020-01-30,0,2020-05-07,98,1,0
330,"ENCA",2020-01-30,0,2020-05-07,98,0,0
331,"CEOL",2020-02-14,0,2020-05-07,83,0,1
332,"RHOV",2020-01-30,0,2020-05-07,98,0,0
333,"CEOL",2020-02-13,0,2020-05-07,84,0,0
334,"CEOL",2020-02-14,0,2020-05-08,84,0,0
335,"SAAP",2020-02-13,0,2020-05-07,84,1,0
336,"ENCA",2020-02-27,0,2020-05-07,70,0,0
337,"ENCA",2020-02-27,0,2020-05-07,70,0,0
338,"CEOL",2020-02-13,0,2020-05-07,84,0,0
339,"ENCA",2020-02-01,0,2020-05-07,96,0,0
340,"ADFA",2020-01-30,0,2020-05-07,98,1,0
341,"SAAP",2020-02-13,0,2020-05-07,84,0,0
342,"ENCA",2020-01-30,0,2020-05-07,98,0,0
343,"SAAP",2020-02-13,0,2020-05-07,84,0,0
344,"CEOL",2020-02-13,0,2020-05-08,85,0,0
345,"ADFA",2020-02-01,0,2020-05-08,97,0,0
346,"SAAP",2020-02-13,0,2020-05-08,85,1,0
347,"SANI",2020-02-13,0,2020-05-07,84,0,0
348,"ADFA",2020-02-04,0,2020-05-07,93,1,0
349,"SANI",2020-02-13,0,2020-05-07,84,1,0
350,"SAME",2020-02-20,0,2020-05-07,77,0,0
351,"ADFA",2020-02-04,0,2020-05-07,93,0,0
352,"ENCA",2020-03-19,0,2020-05-07,49,1,0
353,"ENCA",2020-02-01,0,2020-05-07,96,0,0
354,"SAME",2020-02-20,0,2020-05-07,77,0,0
355,"RHOV",2020-01-30,0,2020-05-07,98,0,0
356,"CEOL",2020-02-14,0,2020-05-07,83,0,0
357,"SAAP",2020-02-13,0,2020-05-07,84,0,0
358,"HEWH",2020-01-30,0,2020-05-07,98,0,0
359,"HEWH",2020-01-30,0,2020-05-07,98,0,0
360,"RHOV",2020-01-30,0,2020-05-07,98,0,0
361,"CEOL",2020-02-14,0,2020-05-08,84,0,0
362,"MALA",2020-02-13,0,2020-05-07,84,0,0
363,"RHOV",2020-01-30,0,2020-05-07,98,0,0
364,"MALA",2020-02-13,0,2020-05-07,84,0,0
365,"HEWH",2020-01-30,0,2020-05-07,98,0,0
366,"CEOL",2020-03-27,0,2020-05-07,41,0,0
367,"RHOV",2020-01-30,0,2020-05-07,98,0,1
368,"HEWH",2020-01-30,0,2020-05-08,99,0,0
369,"RHOV",2020-01-30,0,2020-05-07,98,1,0
370,"CEOL",2020-02-14,0,2020-05-07,83,0,0
371,"SANI",2020-02-14,0,2020-05-07,83,0,0
372,"RHOV",2020-01-30,0,2020-05-07,98,0,1
373,"HEWH",2020-01-30,0,2020-05-07,98,0,0
374,"HEWH",2020-01-30,0,2020-05-07,98,0,0
375,"RHOV",2020-02-06,0,2020-05-07,91,0,0
376,"HEWH",2020-01-30,0,2020-05-07,98,0,0
377,"HEWH",2020-01-30,0,2020-05-07,98,0,0
378,"CEOL",2020-02-14,0,2020-05-07,83,0,0
379,"HEWH",2020-02-27,0,2020-05-07,70,0,0
380,"MALA",2020-02-13,0,2020-05-08,85,1,0
381,"SANI",2020-02-14,0,2020-05-08,84,0,0
382,"SAME",2020-02-27,0,2020-05-08,71,0,0
383,"ENCA",2020-02-01,0,2020-05-08,97,0,0
384,"CEOL",2020-02-14,0,2020-05-08,84,0,0
385,"HEWH",2020-01-30,0,2020-05-08,99,0,0
386,"ADFA",2020-02-01,0,2020-05-08,97,0,0
387,"ENCA",2020-02-01,0,2020-05-08,97,0,0
389,"SAAP",2020-02-14,0,2020-05-08,84,0,0
390,"ADFA",2020-02-27,0,2020-05-08,71,0,0
391,"SAME",2020-02-20,0,2020-05-08,78,1,0
392,"CEOL",2020-02-14,0,2020-05-08,84,0,0
393,"ENCA",2020-02-27,0,2020-05-08,71,0,0
394,"HEWH",2020-01-30,0,2020-05-08,99,0,0
395,"ENCA",2020-03-19,0,2020-05-08,50,0,0
396,"SANI",2020-02-21,0,2020-05-08,77,0,0
397,"MALA",2020-02-14,0,2020-05-08,84,1,0
398,"ENCA",2020-01-30,0,2020-05-08,99,0,0
399,"RHOV",2020-02-01,0,2020-05-08,97,0,0
400,"RHOV",2020-01-30,0,2020-05-08,99,0,0
401,"SANI",2020-02-15,0,2020-05-07,82,0,0
403,"RHOV",2020-01-30,0,2020-05-08,99,0,0
404,"CEOL",2020-02-27,0,2020-05-06,69,0,0
406,"RHOV",2020-02-27,0,2020-05-06,69,0,0
407,"MALA",2020-02-14,0,2020-05-06,82,1,0
408,"HEWH",2020-02-01,0,2020-05-06,95,0,0
409,"CEOL",2020-02-15,0,2020-05-06,81,0,0
410,"CEOL",2020-02-14,0,2020-05-06,82,1,0
411,"SAME",2020-02-27,0,2020-05-06,69,0,0
412,"RHOV",2020-01-30,0,2020-05-06,97,0,0
413,"RHOV",2020-01-30,0,2020-05-06,97,1,0
414,"HEAR",2020-02-27,0,2020-05-08,71,0,0
415,"ENCA",2020-02-27,0,2020-05-08,71,0,0
416,"MALA",2020-02-14,0,2020-05-06,82,0,0
417,"RHOV",2020-01-30,0,2020-05-06,97,0,0
418,"ADFA",2020-02-01,0,2020-05-08,97,0,0
419,"ENCA",2020-02-01,0,2020-05-06,95,0,0
420,"MALA",2020-02-14,0,2020-05-06,82,0,0
421,"CEOL",2020-02-15,0,2020-05-06,81,0,0
422,"ENCA",2020-02-01,0,2020-05-06,95,0,0
423,"SANI",2020-02-14,0,2020-05-06,82,0,0
424,"CEOL",2020-02-15,0,2020-05-08,83,0,0
425,"HEWH",2020-02-01,0,2020-05-06,95,0,0
426,"HEWH",2020-02-01,0,2020-05-06,95,0,0
427,"CEOL",2020-02-15,0,2020-05-06,81,0,0
428,"ENCA",2020-02-01,0,2020-05-06,95,0,0
429,"RHOV",2020-01-30,0,2020-05-06,97,0,0
430,"ADFA",2020-02-27,0,2020-05-08,71,0,0
431,"CEOL",2020-02-15,0,2020-05-06,81,0,0
432,"HEWH",2020-02-01,0,2020-05-06,95,0,0
433,"CEOL",2020-02-20,0,2020-05-06,76,1,0
434,"CEOL",2020-02-20,0,2020-05-06,76,1,0
435,"HEAR",2020-02-28,0,2020-05-06,68,0,0
436,"MALA",2020-02-14,0,2020-05-22,98,0,0
437,"MALA",2020-02-14,0,2020-05-07,83,1,0
438,"HEWH",2020-02-20,0,2020-05-07,77,0,0
439,"RHOV",2020-02-07,0,2020-05-06,89,0,0
440,"HEWH",2020-02-15,0,2020-05-07,82,0,1
441,"SAAP",2020-02-14,0,2020-05-07,83,0,0
442,"HEWH",2020-02-01,0,2020-05-06,95,0,0
443,"ENCA",2020-02-01,0,2020-05-07,96,0,0
444,"HEWH",2020-02-01,0,2020-05-06,95,1,0
445,"HEWH",2020-02-01,0,2020-05-06,95,1,0
446,"RHOV",2020-02-01,0,2020-05-22,111,0,0
447,"ADFA",2020-02-15,0,2020-05-06,81,0,0
448,"HEWH",2020-02-01,0,2020-05-06,95,1,0
449,"MALA",2020-02-14,0,2020-05-06,82,1,0
450,"SAME",2020-02-21,0,2020-05-07,76,0,0
451,"ENCA",2020-02-15,0,2020-05-07,82,0,0
452,"RHOV",2020-02-15,0,2020-05-07,82,0,0
453,"CEOL",2020-02-15,0,2020-05-07,82,0,0
454,"ENCA",2020-02-01,0,2020-05-07,96,0,0
455,"ENCA",2020-03-19,0,2020-05-07,49,0,0
456,"RHOV",2020-02-01,0,2020-05-07,96,0,0
457,"SAAP",2020-02-01,0,2020-05-22,111,0,0
458,"CEOL",2020-02-15,0,2020-05-07,82,0,0
459,"HEWH",2020-02-15,0,2020-05-07,82,0,0
460,"RHOV",2020-03-27,0,2020-05-22,56,0,0
461,"ENCA",2020-02-20,0,2020-05-06,76,0,0
462,"CEOL",2020-02-20,0,2020-05-06,76,0,0
463,"CEOL",2020-02-28,0,2020-05-06,68,0,0
464,"ENCA",2020-03-19,0,2020-05-22,64,0,0
465,"MALA",2020-02-15,0,2020-05-06,81,0,0
466,"SAAP",2020-02-20,0,2020-05-22,92,0,0
467,"RHOV",2020-02-07,0,2020-05-22,105,0,0
468,"CEOL",2020-02-15,0,2020-05-22,97,0,0
469,"ENCA",2020-02-07,0,2020-05-22,105,0,0
470,"ENCA",2020-02-07,0,2020-05-06,89,0,0
471,"RHOV",2020-02-07,0,2020-05-06,89,0,0
472,"ENCA",2020-03-19,0,2020-05-07,49,0,0
473,"RHOV",2020-02-07,0,2020-05-07,90,0,0
474,"CEOL",2020-02-15,0,2020-05-07,82,1,0
475,"HEWH",2020-02-15,0,2020-05-07,82,0,0
476,"ENCA",2020-02-15,0,2020-05-07,82,0,0
477,"SAME",2020-03-02,0,2020-05-22,81,0,1
478,"CEOL",2020-02-15,0,2020-05-07,82,1,0
479,"SAAP",2020-02-14,0,2020-05-06,82,1,0
480,"RHOV",2020-02-20,0,2020-05-06,76,0,0
481,"SANI",2020-02-14,0,2020-05-06,82,0,0
482,"RHOV",2020-02-07,0,2020-05-22,105,0,1
483,"CEOL",2020-02-15,0,2020-05-06,81,0,0
484,"SAME",2020-02-20,0,2020-05-22,92,0,0
485,"HEWH",2020-02-15,0,2020-05-22,97,0,0
486,"ENCA",2020-02-15,0,2020-05-22,97,0,0
487,"HEWH",2020-02-15,0,2020-05-06,81,0,0
488,"ADFA",2020-02-15,0,2020-05-06,81,0,0
489,"SAAP",2020-02-20,0,2020-05-06,76,0,0
490,"SAAP",2020-02-20,0,2020-05-06,76,1,0
491,"MALA",2020-02-15,0,2020-05-06,81,1,0
492,"CEOL",2020-02-07,0,2020-05-06,89,1,0
493,"ENCA",2020-02-07,0,2020-05-06,89,0,0
494,"HEWH",2020-02-15,0,2020-05-06,81,0,0
495,"SAAP",2020-02-15,0,2020-05-06,81,0,0
496,"HEWH",2020-02-15,0,2020-05-06,81,0,0
497,"CEOL",2020-02-15,0,2020-05-22,97,0,0
498,"MALA",2020-02-15,0,2020-05-06,81,0,0
499,"SAME",2020-02-27,0,2020-05-06,69,0,0
500,"CEOL",2020-02-15,0,2020-05-07,82,0,0
501,"CEOL",2020-02-14,0,2020-05-08,84,0,0
502,"SANI",2020-02-14,0,2020-05-08,84,0,0
503,"RHOV",2020-01-30,0,2020-05-08,99,0,0
504,"SAME",2020-02-20,0,2020-05-08,78,0,0
505,"SAAP",2020-02-15,0,2020-05-08,83,0,0
506,"CEOL",2020-02-14,0,2020-05-08,84,0,0
507,"RHOV",2020-01-30,0,2020-05-08,99,0,0
508,"CEOL",2020-02-14,0,2020-05-08,84,0,0
509,"HEAR",2020-02-27,0,2020-05-08,71,0,0
510,"ENCA",2020-02-01,0,2020-05-08,97,0,0
511,"HEWH",2020-01-30,0,2020-05-06,97,0,0
512,"ENCA",2020-02-01,0,2020-05-08,97,0,0
513,"SANI",2020-02-14,0,2020-05-08,84,1,0
514,"SAAP",2020-02-15,0,2020-05-06,81,0,0
515,"HEWH",2020-02-01,0,2020-05-08,97,0,0
516,"SAAP",2020-02-27,0,2020-05-08,71,0,0
517,"RHOV",2020-02-21,0,2020-05-08,77,0,0
518,"HEWH",2020-02-01,0,2020-05-06,95,0,0
519,"CEOL",2020-02-05,0,2020-05-06,91,0,0
520,"SAME",2020-02-27,0,2020-05-22,85,0,0
521,"ENCA",2020-02-01,0,2020-05-06,95,0,0
522,"RHOV",2020-02-01,0,2020-05-06,95,0,0
523,"ENCA",2020-02-01,0,2020-05-06,95,0,0
524,"CEOL",2020-02-05,0,2020-05-06,91,0,0
525,"HEWH",2020-02-01,0,2020-05-06,95,0,0
526,"CEOL",2020-02-05,0,2020-05-06,91,0,0
527,"RHOV",2020-02-01,0,2020-05-06,95,0,0
528,"CEOL",2020-02-01,0,2020-05-06,95,1,0
529,"CEOL",2020-02-05,0,2020-05-06,91,0,0
530,"SANI",2020-02-14,0,2020-05-06,82,0,0
531,"MALA",2020-02-14,0,2020-05-06,82,0,0
532,"CEOL",2020-02-05,0,2020-05-06,91,0,0
533,"RHOV",2020-01-30,0,2020-05-06,97,0,0
534,"RHOV",2020-01-30,0,2020-05-06,97,0,0
535,"SAME",2020-02-27,0,2020-05-06,69,0,0
536,"RHOV",2020-01-30,0,2020-05-22,113,0,1
537,"SAME",2020-02-27,0,2020-05-07,70,0,0
538,"CEOL",2020-02-14,0,2020-05-22,98,0,0
539,"RHOV",2020-01-30,0,2020-05-07,98,0,0
540,"MALA",2020-02-14,0,2020-05-07,83,0,0
541,"CEOL",2020-02-14,0,2020-05-07,83,1,0
542,"CEOL",2020-02-27,0,2020-05-07,70,0,1
543,"RHOV",2020-01-30,0,2020-05-07,98,1,0
544,"HEWH",2020-01-30,0,2020-05-07,98,0,0
545,"SAAP",2020-02-27,0,2020-05-07,70,0,0
546,"RHOV",2020-01-30,0,2020-05-07,98,0,0
547,"ENCA",2020-02-27,0,2020-05-22,85,0,0
548,"ADFA",2020-02-04,0,2020-05-07,93,0,0
549,"CEOL",2020-02-14,0,2020-05-07,83,0,0
550,"ENCA",2020-02-01,0,2020-05-07,96,0,0
551,"SANI",2020-02-14,0,2020-05-06,82,0,0
552,"HEWH",2020-02-01,0,2020-05-06,95,0,0
553,"CEOL",2020-02-14,0,2020-05-06,82,0,0
554,"HEWH",2020-02-01,0,2020-05-06,95,0,0
555,"ENCA",2020-02-01,0,2020-05-06,95,0,0
556,"MALA",2020-02-14,0,2020-05-06,82,0,0
557,"HEWH",2020-02-01,0,2020-05-07,96,0,0
558,"ADFA",2020-02-04,0,2020-05-07,93,0,0
559,"MALA",2020-02-14,0,2020-05-22,98,0,0
560,"CEOL",2020-02-27,0,2020-05-07,70,0,0
561,"CEOL",2020-02-27,0,2020-05-07,70,0,0
562,"ENCA",2020-02-05,0,2020-05-07,92,1,0
563,"HEWH",2020-02-05,0,2020-05-07,92,0,0
564,"HEWH",2020-02-05,0,2020-05-07,92,1,0
565,"HEWH",2020-02-05,0,2020-05-07,92,0,0
566,"CEOL",2020-02-27,0,2020-05-07,70,0,0
567,"ENCA",2020-02-27,0,2020-05-08,71,0,0
568,"ADFA",2020-02-27,0,2020-05-08,71,0,0
569,"HEWH",2020-02-27,0,2020-05-08,71,0,0
570,"ENCA",2020-02-27,0,2020-05-07,70,1,0
571,"ADFA",2020-02-01,0,2020-05-07,96,1,0
572,"HEWH",2020-02-01,0,2020-05-07,96,0,0
573,"ADFA",2020-02-07,0,2020-05-22,105,0,0
574,"SAAP",2020-02-15,0,2020-05-07,82,0,0
575,"HEWH",2020-02-15,0,2020-05-07,82,0,0
576,"SANI",2020-02-05,0,2020-05-08,93,0,0
577,"HEWH",2020-02-05,0,2020-05-22,107,1,0
578,"CEOL",2020-02-14,0,2020-05-08,84,1,0
579,"CEOL",2020-02-14,0,2020-05-07,83,0,0
580,"ENCA",2020-02-27,0,2020-05-08,71,1,0
581,"SANI",2020-02-14,0,2020-05-07,83,0,0
582,"RHOV",2020-02-05,0,2020-05-07,92,0,0
583,"RHOV",2020-02-05,0,2020-05-07,92,0,0
584,"SANI",2020-02-14,0,2020-05-07,83,0,0
585,"RHOV",2020-02-05,0,2020-05-07,92,0,0
586,"HEWH",2020-02-06,0,2020-05-07,91,0,0
587,"CEOL",2020-02-21,0,2020-05-07,76,0,0
588,"SAME",2020-02-21,0,2020-05-07,76,0,0
589,"SAME",2020-03-02,0,2020-05-07,66,0,0
590,"ENCA",2020-02-05,0,2020-05-07,92,0,0
591,"CEOL",2020-02-06,0,2020-05-07,91,0,0
592,"ADFA",2020-02-06,0,2020-05-22,106,0,0
593,"CEOL",2020-02-05,0,2020-05-08,93,0,0
594,"CEOL",2020-02-05,0,2020-05-07,92,0,0
595,"ENCA",2020-02-15,0,2020-05-07,82,1,0
596,"ADFA",2020-02-01,0,2020-05-07,96,0,0
597,"HEWH",2020-02-15,0,2020-05-22,97,0,0
598,"RHOV",2020-02-05,0,2020-05-06,91,0,0
599,"SAME",2020-02-20,0,2020-05-06,76,1,0
600,"CEOL",2020-02-15,0,2020-05-22,97,1,0
601,"HEWH",2020-02-15,0,2020-05-07,82,0,0
602,"SAAP",2020-02-14,0,2020-05-07,83,1,0
603,"CEOL",2020-02-15,0,2020-05-06,81,0,0
604,"SAME",2020-02-20,0,2020-05-07,77,0,0
605,"RHOV",2020-02-01,0,2020-05-22,111,0,1
606,"SAAP",2020-02-14,0,2020-05-07,83,0,0
607,"RHOV",2020-02-15,0,2020-05-07,82,0,0
608,"ADFA",2020-02-15,0,2020-05-07,82,0,0
609,"CEOL",2020-02-15,0,2020-05-07,82,1,0
610,"MALA",2020-02-14,0,2020-05-22,98,0,1
611,"CEOL",2020-02-15,0,2020-05-07,82,0,0
612,"RHOV",2020-02-01,0,2020-05-07,96,0,0
613,"RHOV",2020-02-01,0,2020-05-06,95,1,0
614,"CEOL",2020-02-15,0,2020-05-06,81,0,0
615,"HEWH",2020-02-15,0,2020-05-06,81,0,0
616,"SANI",2020-02-15,0,2020-05-22,97,1,0
617,"SAAP",2020-02-15,0,2020-05-06,81,0,0
618,"RHOV",2020-02-15,0,2020-05-06,81,0,0
619,"ENCA",2020-02-07,0,2020-05-06,89,0,0
620,"HEWH",2020-02-15,0,2020-05-06,81,0,0
621,"ENCA",2020-02-28,0,2020-05-15,77,0,0
622,"SANI",2020-02-15,0,2020-05-15,90,0,0
623,"RHOV",2020-02-06,0,2020-05-08,92,0,0
624,"HEWH",2020-02-28,0,2020-05-08,70,0,0
625,"CEOL",2020-02-15,0,2020-05-08,83,0,0
626,"ADFA",2020-02-20,0,2020-05-08,78,0,0
627,"MALA",2020-02-15,0,2020-05-15,90,1,0
628,"SANI",2020-02-28,0,2020-05-15,77,0,1
629,"HEWH",2020-02-20,0,2020-05-08,78,0,0
630,"SAME",2020-03-02,0,2020-05-08,67,0,0
631,"RHOV",2020-02-06,0,2020-05-08,92,1,0
632,"ENCA",2020-02-28,0,2020-05-08,70,0,1
633,"CEOL",2020-02-28,0,2020-05-06,68,0,0
634,"CEOL",2020-02-28,0,2020-05-06,68,0,0
635,"ENCA",2020-02-07,0,2020-05-06,89,0,0
636,"ENCA",2020-02-07,0,2020-05-06,89,0,1
637,"ENCA",2020-02-15,0,2020-05-06,81,0,0
638,"CEOL",2020-02-15,0,2020-05-06,81,1,0
639,"SAAP",2020-02-15,0,2020-05-06,81,0,0
640,"CEOL",2020-02-06,0,2020-05-06,90,0,0
641,"CEOL",2020-02-06,0,2020-05-06,90,1,0
642,"ENCA",2020-02-05,0,2020-05-06,91,1,0
643,"RHOV",2020-02-01,0,2020-05-06,95,1,0
644,"CEOL",2020-02-06,0,2020-05-06,90,0,0
645,"HEWH",2020-02-01,0,2020-05-06,95,1,0
646,"RHOV",2020-02-01,0,2020-05-06,95,1,0
647,"MALA",2020-02-28,0,2020-05-06,68,0,0
648,"RHOV",2020-02-01,0,2020-05-22,111,0,0
649,"CEOL",2020-02-28,0,2020-05-06,68,0,0
650,"RHOV",2020-02-01,0,2020-05-06,95,0,0
651,"HEWH",2020-02-05,0,2020-05-06,91,0,0
652,"HEWH",2020-02-05,0,2020-05-06,91,0,0
653,"CEOL",2020-02-05,0,2020-05-06,91,1,0
654,"SAME",2020-03-02,0,2020-05-06,65,0,0
655,"HEWH",2020-02-15,0,2020-05-06,81,0,0
656,"SANI",2020-02-15,0,2020-05-06,81,0,0
657,"RHOV",2020-02-05,0,2020-05-06,91,0,0
658,"ENCA",2020-02-05,0,2020-05-22,107,0,0
659,"ADFA",2020-02-04,0,2020-05-06,92,0,1
660,"CEOL",2020-02-28,0,2020-05-06,68,0,0
661,"CEOL",2020-02-28,0,2020-05-06,68,0,0
662,"ADFA",2020-02-07,0,2020-05-06,89,0,0
663,"MALA",2020-02-15,0,2020-05-22,97,0,0
664,"ENCA",2020-02-05,0,2020-05-06,91,0,0
665,"ENCA",2020-02-05,0,2020-05-22,107,0,0
666,"SANI",2020-02-15,0,2020-05-08,83,0,0
667,"CEOL",2020-02-03,0,2020-05-08,95,0,0
668,"RHOV",2020-02-06,0,2020-05-08,92,0,0
669,"ADFA",2020-02-20,0,2020-05-15,85,0,0
670,"SAME",2020-02-20,0,2020-05-15,85,0,0
671,"CEOL",2020-02-20,0,2020-05-15,85,0,0
672,"MALA",2020-02-21,0,2020-05-08,77,1,0
673,"ADFA",2020-02-28,0,2020-05-08,70,0,0
674,"RHOV",2020-02-18,0,2020-05-08,80,0,0
675,"SANI",2020-02-15,0,2020-05-08,83,0,0
676,"RHOV",2020-02-06,0,2020-05-15,99,0,0
677,"SANI",2020-02-15,0,2020-05-08,83,0,0
678,"ADFA",2020-02-07,0,2020-05-08,91,0,0
679,"HEWH",2020-02-21,0,2020-05-08,77,1,0
680,"CEOL",2020-02-03,0,2020-05-08,95,0,0
681,"SANI",2020-02-15,0,2020-05-06,81,0,0
682,"HEWH",2020-02-15,0,2020-05-06,81,0,0
683,"HEWH",2020-02-21,0,2020-05-06,75,0,0
684,"HEWH",2020-02-21,0,2020-05-08,77,0,0
685,"HEWH",2020-02-21,0,2020-05-08,77,1,0
686,"ENCA",2020-02-06,0,2020-05-15,99,0,0
687,"CEOL",2020-02-21,0,2020-05-08,77,0,0
688,"ENCA",2020-02-21,0,2020-05-15,84,0,0
689,"ENCA",2020-02-28,0,2020-05-15,77,0,0
690,"HEWH",2020-02-21,0,2020-05-08,77,0,0
691,"SANI",2020-02-21,0,2020-05-08,77,0,0
692,"CEOL",2020-02-07,0,2020-05-08,91,1,0
693,"RHOV",2020-02-01,0,2020-05-08,97,0,0
694,"HEAR",2020-02-28,0,2020-05-08,70,1,0
695,"CEOL",2020-02-07,0,2020-05-08,91,1,0
696,"CEOL",2020-02-07,0,2020-05-08,91,1,0
697,"HEWH",2020-02-28,0,2020-05-22,84,0,1
698,"CEOL",2020-02-20,0,2020-05-08,78,1,0
699,"RHOV",2020-02-06,0,2020-05-08,92,0,1
700,"RHOV",2020-02-06,0,2020-05-08,92,1,0
701,"CEOL",2020-02-15,0,2020-05-15,90,0,1
702,"SANI",2020-02-14,0,2020-05-07,83,0,0
703,"ENCA",2020-02-15,0,2020-05-07,82,0,0
704,"RHOV",2020-02-01,0,2020-05-06,95,0,0
705,"HEWH",2020-04-15,0,2020-05-06,21,0,0
706,"RHOV",2020-02-01,0,2020-05-07,96,0,0
707,"SAAP",2020-02-21,0,2020-05-06,75,1,0
708,"SAAP",2020-02-21,0,2020-05-06,75,0,0
709,"ENCA",2020-02-05,0,2020-05-06,91,0,0
710,"CEOL",2020-02-06,0,2020-05-07,91,1,0
711,"MALA",2020-02-14,0,2020-05-07,83,0,0
712,"HEWH",2020-02-21,0,2020-05-07,76,0,1
713,"ENCA",2020-02-06,0,2020-05-07,91,0,0
714,"RHOV",2020-02-21,0,2020-05-07,76,0,1
715,"ENCA",2020-02-06,0,2020-05-07,91,1,0
716,"SAME",2020-03-02,0,2020-05-07,66,0,0
717,"CEOL",2020-02-21,0,2020-05-07,76,0,0
718,"SAAP",2020-02-21,0,2020-05-07,76,0,0
719,"RHOV",2020-02-06,0,2020-05-07,91,0,0
720,"CEOL",2020-02-21,0,2020-05-07,76,0,0
721,"RHOV",2020-02-21,0,2020-05-07,76,0,0
722,"CEOL",2020-02-06,0,2020-05-07,91,1,0
723,"RHOV",2020-02-05,0,2020-05-06,91,0,1
724,"ENCA",2020-02-05,0,2020-05-06,91,0,0
725,"CEOL",2020-02-06,0,2020-05-06,90,0,1
726,"CEOL",2020-02-06,0,2020-05-06,90,0,0
727,"RHOV",2020-02-01,0,2020-05-06,95,0,0
728,"CEOL",2020-02-06,0,2020-05-06,90,0,0
729,"HEWH",2020-02-05,0,2020-05-22,107,0,0
730,"ENCA",2020-02-05,0,2020-05-06,91,0,0
731,"HEWH",2020-02-05,0,2020-05-06,91,0,0
732,"CEOL",2020-02-06,0,2020-05-06,90,0,0
733,"RHOV",2020-02-05,0,2020-05-06,91,0,0
734,"RHOV",2020-02-05,0,2020-05-06,91,0,0
735,"SANI",2020-02-21,0,2020-05-22,91,1,0
736,"ENCA",2020-02-06,0,2020-05-08,92,0,0
737,"RHOV",2020-02-21,0,2020-05-22,91,1,0
738,"CEOL",2020-02-21,0,2020-05-07,76,0,0
739,"RHOV",2020-02-21,0,2020-05-07,76,0,0
740,"RHOV",2020-02-06,0,2020-05-07,91,0,0
741,"ENCA",2020-02-21,0,2020-05-15,84,1,0
742,"HEWH",2020-02-21,0,2020-05-15,84,0,0
743,"RHOV",2020-02-06,0,2020-05-15,99,0,0
744,"CEOL",2020-02-21,0,2020-05-15,84,0,0
745,"CEOL",2020-02-21,0,2020-05-08,77,0,0
746,"MALA",2020-02-14,0,2020-05-08,84,0,1
747,"CEOL",2020-02-21,0,2020-05-08,77,1,0
748,"SAAP",2020-02-21,0,2020-05-15,84,1,0
749,"RHOV",2020-02-21,0,2020-05-08,77,0,0
750,"SANI",2020-02-14,0,2020-05-08,84,0,0
751,"ENCA",2020-02-06,0,2020-05-08,92,0,0
752,"RHOV",2020-02-06,0,2020-05-08,92,0,0
753,"CEOL",2020-02-06,0,2020-05-06,90,0,0
754,"ENCA",2020-02-05,0,2020-05-06,91,0,0
755,"SAAP",2020-02-21,0,2020-05-06,75,1,0
756,"SAAP",2020-02-21,0,2020-05-06,75,0,0
757,"CEOL",2020-02-06,0,2020-05-15,99,1,0
758,"HEWH",2020-02-05,0,2020-05-06,91,0,1
759,"SAAP",2020-02-28,0,2020-05-06,68,0,0
760,"ENCA",2020-02-06,0,2020-05-06,90,0,0
761,"HEWH",2020-02-28,0,2020-05-06,68,1,0
762,"HEWH",2020-02-21,0,2020-05-08,77,0,1
763,"SANI",2020-02-14,0,2020-05-08,84,0,0
764,"MALA",2020-02-20,0,2020-05-15,85,0,0
765,"ADFA",2020-02-04,0,2020-05-08,94,0,0
766,"CEOL",2020-02-20,0,2020-05-08,78,1,0
767,"HEWH",2020-02-28,0,2020-05-08,70,1,0
768,"ADFA",2020-02-28,0,2020-05-08,70,0,0
769,"CEOL",2020-02-28,0,2020-05-08,70,1,0
770,"CEOL",2020-02-28,0,2020-05-08,70,0,0
771,"RHOV",2020-02-06,0,2020-05-08,92,0,0
772,"SAAP",2020-02-21,0,2020-05-08,77,0,0
773,"RHOV",2020-02-06,0,2020-05-08,92,0,0
774,"CEOL",2020-02-21,0,2020-05-08,77,0,0
775,"HEWH",2020-02-28,0,2020-05-08,70,1,0
776,"CEOL",2020-02-07,0,2020-05-15,98,1,0
777,"CEOL",2020-02-07,0,2020-05-15,98,0,1
778,"CEOL",2020-02-07,0,2020-05-06,89,1,0
779,"ADFA",2020-02-07,0,2020-05-06,89,0,0
780,"ADFA",2020-02-07,0,2020-05-06,89,0,0
781,"HEWH",2020-02-20,0,2020-05-06,76,0,0
782,"CEOL",2020-02-06,0,2020-05-06,90,0,0
783,"MALA",2020-02-14,0,2020-05-06,82,1,0
784,"ENCA",2020-02-06,0,2020-05-06,90,0,0
785,"SAAP",2020-02-28,0,2020-05-06,68,1,0
786,"ADFA",2020-02-04,0,2020-05-15,101,0,0
787,"RHOV",2020-02-06,0,2020-05-15,99,0,0
788,"HEWH",2020-02-28,0,2020-05-15,77,0,0
789,"CEOL",2020-02-06,0,2020-05-15,99,0,0
790,"SAAP",2020-02-28,0,2020-05-15,77,1,0
791,"CEOL",2020-02-21,0,2020-05-08,77,0,0
792,"CEOL",2020-02-21,0,2020-05-08,77,0,1
793,"HEWH",2020-02-28,0,2020-05-08,70,0,0
794,"ADFA",2020-02-04,0,2020-05-08,94,0,0
795,"ENCA",2020-02-21,0,2020-05-08,77,0,0
796,"ENCA",2020-02-21,0,2020-05-08,77,0,0
797,"CEOL",2020-02-28,0,2020-05-08,70,0,0
798,"SAME",2020-03-03,0,2020-05-08,66,0,0
799,"MALA",2020-02-20,0,2020-05-08,78,1,0
800,"ENCA",2020-02-28,0,2020-05-08,70,0,0
801,"HEWH",2020-01-30,0,2020-05-08,99,0,0
802,"HEWH",2020-01-17,0,2020-05-22,126,1,0
803,"ENCA",2020-02-20,0,2020-05-15,85,1,0
805,"ADFA",2020-02-28,0,2020-05-08,70,0,0
806,"SAAP",2020-02-28,0,2020-05-08,70,0,0
807,"RHOV",2020-02-28,0,2020-05-15,77,1,0
808,"HEWH",2020-02-28,0,2020-05-15,77,0,0
809,"CEOL",2020-02-28,0,2020-05-15,77,0,0
810,"ENCA",2020-03-19,0,2020-05-15,57,0,0
811,"SAME",2020-03-03,0,2020-05-15,73,0,0
812,"HEWH",2020-02-28,0,2020-05-15,77,0,0
813,"SAAP",2020-02-28,0,2020-05-15,77,0,0
814,"ADFA",2020-02-04,0,2020-05-08,94,0,0
815,"MALA",2020-02-15,0,2020-05-08,83,1,0
816,"CEOL",2020-02-20,0,2020-05-08,78,0,0
817,"HEWH",2020-02-20,0,2020-05-08,78,0,0
818,"HEWH",2020-02-21,0,2020-05-08,77,0,1
819,"ADFA",2020-02-18,0,2020-05-08,80,0,0
820,"SANI",2020-02-18,0,2020-05-15,87,0,0
821,"HEWH",2020-02-28,0,2020-05-15,77,0,0
822,"RHOV",2020-02-06,0,2020-05-15,99,0,0
823,"MALA",2020-02-28,0,2020-05-15,77,1,0
824,"ENCA",2020-02-06,0,2020-05-15,99,0,0
825,"ENCA",2020-02-28,0,2020-05-15,77,0,0
826,"ADFA",2020-02-28,0,2020-05-15,77,0,0
827,"ENCA",2020-02-28,0,2020-05-15,77,0,0
828,"SANI",2020-03-03,0,2020-05-15,73,1,0
829,"HEWH",2020-02-28,0,2020-05-08,70,0,0
831,"SAAP",2020-02-28,0,2020-05-08,70,1,0
832,"ENCA",2020-03-19,0,2020-05-15,57,0,0
833,"MALA",2020-02-28,0,2020-05-15,77,1,0
834,"HEWH",2020-02-28,0,2020-05-15,77,0,0
835,"CEOL",2020-03-03,0,2020-05-15,73,0,0
836,"HEWH",2020-02-28,0,2020-05-15,77,0,0
837,"HEWH",2020-02-28,0,2020-05-15,77,0,0
838,"SAAP",2020-02-28,0,2020-05-15,77,1,0
839,"CEOL",2020-02-28,0,2020-05-15,77,0,0
840,"RHOV",2020-02-28,0,2020-05-15,77,1,0
841,"MALA",2020-02-28,0,2020-05-22,84,0,0
842,"ENCA",2020-02-28,0,2020-05-15,77,0,0
843,"RHOV",2020-02-28,0,2020-05-15,77,0,0
844,"RHOV",2020-02-28,0,2020-05-22,84,0,0
845,"HEWH",2020-02-28,0,2020-05-15,77,0,0
846,"MALA",2020-02-21,0,2020-05-08,77,0,0
847,"CEOL",2020-02-21,0,2020-05-15,84,1,0
848,"CEOL",2020-02-28,0,2020-05-15,77,0,0
849,"HEWH",2020-02-28,0,2020-05-15,77,0,0
850,"SANI",2020-02-28,0,2020-05-15,77,0,0
851,"HEWH",2020-02-28,0,2020-05-15,77,0,0
852,"RHOV",2020-02-07,0,2020-05-15,98,0,0
853,"SAAP",2020-03-03,0,2020-05-15,73,0,0
854,"SAME",2020-03-03,0,2020-05-15,73,0,0
855,"CEOL",2020-03-03,0,2020-05-15,73,1,0
856,"ENCA",2020-03-03,0,2020-05-15,73,1,0
857,"ENCA",2020-02-07,0,2020-05-15,98,0,0
858,"SAME",2020-03-03,0,2020-05-15,73,0,0
859,"HEAR",2020-02-28,0,2020-05-15,77,1,0
860,"ENCA",2020-02-28,0,2020-05-15,77,0,0
861,"RHOV",2020-02-06,0,2020-05-08,92,0,0
862,"SAME",2020-02-20,0,2020-05-22,92,0,0
863,"ENCA",2020-02-28,0,2020-05-15,77,0,0
864,"HEWH",2020-02-28,0,2020-05-15,77,0,0
865,"HEWH",2020-03-03,0,2020-05-15,73,0,0
866,"SANI",2020-01-03,0,2020-05-15,133,1,0
867,"SAAP",2020-03-03,0,2020-05-15,73,0,1
868,"CEOL",2020-03-02,0,2020-05-15,74,1,0
869,"SAME",2020-02-20,0,2020-05-22,92,0,0
870,"HEWH",2020-02-28,0,2020-05-15,77,0,0
871,"HEWH",2020-02-28,0,2020-05-15,77,0,0
872,"SAAP",2020-02-20,0,2020-05-15,85,0,0
873,"ENCA",2020-02-15,0,2020-05-15,90,0,0
874,"ADFA",2020-02-21,0,2020-05-15,84,0,0
875,"SAME",2020-02-20,0,2020-05-15,85,0,0
876,"SAAP",2020-03-03,0,2020-05-15,73,0,0
877,"RHOV",2020-02-06,0,2020-05-15,99,0,1
878,"CEOL",2020-02-20,0,2020-05-15,85,0,0
879,"HEWH",2020-02-20,0,2020-05-15,85,0,0
880,"RHOV",2020-02-06,0,2020-05-15,99,0,1
881,"HEWH",2020-02-15,0,2020-05-15,90,0,0
882,"ENCA",2020-02-15,0,2020-05-15,90,0,0
883,"SAAP",2020-02-15,0,2020-05-15,90,0,0
884,"CEOL",2020-02-06,0,2020-05-15,99,0,0
885,"MALA",2020-02-15,0,2020-05-15,90,0,0
886,"HEWH",2020-02-21,0,2020-05-22,91,0,0
887,"CEOL",2020-02-06,0,2020-05-22,106,1,0
888,"CEOL",2020-02-06,0,2020-05-22,106,0,1
889,"ENCA",2020-02-28,0,2020-05-22,84,1,0
890,"SANI",2020-02-15,0,2020-05-15,90,0,0
891,"MALA",2020-02-15,0,2020-05-15,90,0,0
892,"HEWH",2020-02-20,0,2020-05-15,85,0,0
893,"CEOL",2020-02-21,0,2020-05-15,84,0,1
894,"ENCA",2020-02-20,0,2020-05-15,85,0,1
895,"ENCA",2020-02-20,0,2020-05-15,85,0,0
896,"SANI",2020-02-15,0,2020-05-15,90,0,0
897,"SANI",2020-02-20,0,2020-05-22,92,0,0
898,"HEWH",2020-02-28,0,2020-05-15,77,0,0
899,"CEOL",2020-02-20,0,2020-05-22,92,0,0
901,"CEOL",2020-02-06,0,2020-05-15,99,0,0
902,"ENCA",2020-02-20,0,2020-05-15,85,0,0
905,"ADFA",2020-03-03,0,2020-05-15,73,0,0
906,"SAME",2020-02-27,0,2020-05-08,71,0,0
907,"SANI",2020-02-14,0,2020-05-08,84,0,0
908,"ENCA",2020-02-01,0,2020-05-08,97,0,0
909,"HEWH",2020-02-28,0,2020-05-15,77,0,0
910,"ENCA",2020-02-28,0,2020-05-15,77,0,0
911,"SANI",2020-02-28,0,2020-05-15,77,0,0
912,"ENCA",2020-02-07,0,2020-05-22,105,0,0
913,"ENCA",2020-02-06,0,2020-05-15,99,0,0
914,"SAME",2020-03-03,0,2020-05-15,73,1,0
915,"SANI",2020-02-28,0,2020-05-22,84,1,0
916,"CEOL",2020-02-06,0,2020-05-22,106,0,1
917,"HEWH",2020-02-28,0,2020-05-15,77,1,0
918,"HEWH",2020-02-20,0,2020-05-15,85,0,0
919,"ADFA",2020-03-02,0,2020-05-15,74,0,0
920,"SANI",2020-03-03,0,2020-05-15,73,1,0
921,"ENCA",2020-02-28,0,2020-05-22,84,0,0
922,"SAAP",2020-02-28,0,2020-05-15,77,1,0
923,"ENCA",2020-03-19,0,2020-05-15,57,1,0
924,"RHOV",2020-02-07,0,2020-05-15,98,0,0
925,"CEOL",2020-03-03,0,2020-05-15,73,1,0
926,"CEOL",2020-02-28,0,2020-05-15,77,0,0
927,"RHOV",2020-02-07,0,2020-05-15,98,0,0
928,"MALA",2020-03-03,0,2020-05-15,73,0,0
929,"SANI",2020-03-03,0,2020-05-22,80,1,0
930,"RHOV",2020-02-07,0,2020-05-15,98,1,0
931,"HEWH",2020-03-03,0,2020-05-15,73,0,0
932,"CEOL",2020-02-06,0,2020-05-15,99,1,0
933,"CEOL",2020-03-03,0,2020-05-15,73,0,0
934,"HEWH",2020-03-03,0,2020-05-22,80,1,0
935,"RHOV",2020-02-06,0,2020-05-15,99,0,0
936,"ADFA",2020-02-21,0,2020-05-15,84,0,0
937,"SANI",2020-02-28,0,2020-05-15,77,1,0
938,"ENCA",2020-02-28,0,2020-05-15,77,0,0
939,"CEOL",2020-02-28,0,2020-05-15,77,0,0
940,"SANI",2020-02-15,0,2020-05-15,90,0,0
941,"SAAP",2020-02-20,0,2020-05-15,85,0,0
942,"SAAP",2020-02-15,0,2020-05-15,90,1,0
943,"HEWH",2020-02-15,0,2020-05-15,90,0,0
944,"SANI",2020-02-15,0,2020-05-15,90,0,0
945,"ADFA",2020-02-15,0,2020-05-15,90,0,1
946,"RHOV",2020-02-06,0,2020-05-15,99,1,0
947,"MALA",2020-02-15,0,2020-05-15,90,0,1
948,"HEWH",2020-02-20,0,2020-05-15,85,0,1
949,"SANI",2020-02-15,0,2020-05-15,90,0,1
950,"SANI",2020-02-20,0,2020-05-15,85,0,0
951,"SANI",2020-02-21,0,2020-05-15,84,0,0
952,"SAME",2020-02-20,0,2020-05-15,85,0,1
953,"ENCA",2020-02-15,0,2020-05-15,90,0,1
954,"RHOV",2020-02-06,0,2020-05-15,99,0,0
955,"RHOV",2020-02-07,0,2020-05-15,98,0,0
956,"SAAP",2020-02-15,0,2020-05-15,90,0,0
957,"CEOL",2020-02-21,0,2020-05-15,84,0,1
959,"ENCA",2020-02-21,0,2020-05-15,84,1,0
960,"ENCA",2020-02-21,0,2020-05-15,84,0,0
961,"RHOV",2020-02-21,0,2020-05-15,84,0,0
962,"HEWH",2020-02-21,0,2020-05-15,84,0,0
963,"CEOL",2020-02-21,0,2020-05-15,84,0,0
964,"MALA",2020-02-21,0,2020-05-15,84,1,0
965,"HEWH",2020-02-20,0,2020-05-15,85,0,0
966,"HEAR",2020-03-03,0,2020-05-15,73,1,0
967,"ADFA",2020-02-21,0,2020-05-15,84,0,1
968,"SAAP",2020-02-15,0,2020-05-15,90,0,0
969,"HEWH",2020-02-21,0,2020-05-15,84,0,0
970,"ENCA",2020-02-21,0,2020-05-15,84,1,0
971,"CEOL",2020-02-21,0,2020-05-15,84,0,0
972,"ADFA",2020-02-21,0,2020-05-15,84,0,0
973,"MALA",2020-02-21,0,2020-05-15,84,0,0
974,"SANI",2020-02-20,0,2020-05-15,85,0,0
976,"RHOV",2020-02-07,0,2020-05-15,98,1,0
977,"SAAP",2020-02-20,0,2020-05-15,85,0,0
978,"RHOV",2020-02-06,0,2020-05-15,99,0,0
979,"ENCA",2020-03-19,0,2020-05-08,50,0,0
980,"ENCA",2020-03-19,0,2020-05-08,50,0,0
981,"HEWH",2020-02-21,0,2020-05-15,84,0,0
982,"ADFA",2020-02-21,0,2020-05-15,84,1,0
983,"HEWH",2020-02-15,0,2020-05-15,90,1,0
984,"HEWH",2020-02-20,0,2020-05-15,85,0,0
985,"MALA",2020-02-21,0,2020-05-08,77,0,0
986,"SANI",2020-02-15,0,2020-05-15,90,1,0
987,"CEOL",2020-02-20,0,2020-05-15,85,0,0
988,"MALA",2020-02-15,0,2020-05-08,83,0,0
989,"SANI",2020-02-15,0,2020-05-08,83,0,0
990,"CEOL",2020-02-20,0,2020-05-08,78,0,0
991,"CEOL",2020-02-20,0,2020-05-15,85,0,1
992,"CEOL",2020-02-20,0,2020-05-08,78,0,0
993,"ADFA",2020-02-21,0,2020-05-08,77,0,0
994,"ADFA",2020-02-21,0,2020-05-15,84,0,0
995,"HEWH",2020-02-21,0,2020-05-08,77,1,0
996,"ENCA",2020-02-21,0,2020-05-08,77,1,0
997,"ENCA",2020-02-20,0,2020-05-08,78,0,0
998,"ADFA",2020-02-21,0,2020-05-08,77,0,0
999,"ENCA",2020-02-21,0,2020-05-08,77,1,0
1000,"RHOV",2020-02-07,0,2020-05-08,91,0,0
1001,"CEOL",2020-02-20,0,2020-05-07,77,0,0
1002,"SAME",2020-02-20,0,2020-05-14,84,0,0
1003,"MALA",2020-02-03,0,2020-05-14,101,0,0
1004,"HEWH",2020-02-05,0,2020-05-13,98,0,0
1005,"CEOL",2020-02-07,0,2020-05-14,97,0,0
1006,"HEWH",2020-02-05,0,2020-05-14,99,0,0
1007,"ADFA",2020-02-03,0,2020-05-08,95,0,0
1008,"RHOV",2020-02-03,0,2020-05-13,100,0,0
1009,"HEWH",2020-02-05,0,2020-05-13,98,0,0
1010,"ADFA",2020-02-03,0,2020-05-13,100,1,0
1011,"RHOV",2020-02-04,0,2020-05-13,99,0,0
1012,"MALA",2020-02-03,0,2020-05-08,95,0,0
1013,"SANI",2020-02-18,0,2020-05-08,80,0,1
1014,"ENCA",2020-02-05,0,2020-05-08,93,0,0
1015,"ENCA",2020-02-06,0,2020-05-13,97,0,0
1016,"MALA",2020-02-14,0,2020-05-14,90,1,0
1017,"HEWH",2020-02-20,0,2020-05-14,84,0,0
1018,"HEWH",2020-02-20,0,2020-05-14,84,0,0
1019,"CEOL",2020-02-06,0,2020-05-13,97,0,0
1020,"SAME",2020-02-25,0,2020-05-13,78,0,0
1021,"RHOV",2020-02-03,0,2020-05-13,100,0,0
1022,"CEOL",2020-02-06,0,2020-05-13,97,0,0
1023,"CEOL",2020-02-06,0,2020-05-13,97,0,0
1024,"CEOL",2020-02-06,0,2020-05-14,98,0,0
1025,"HEWH",2020-02-18,0,2020-05-14,86,0,0
1026,"HEWH",2020-02-18,0,2020-05-13,85,0,0
1027,"CEOL",2020-02-06,0,2020-05-13,97,0,0
1028,"HEWH",2020-02-05,0,2020-05-13,98,0,0
1029,"ADFA",2020-02-03,0,2020-05-13,100,0,0
1030,"HEWH",2020-02-05,0,2020-05-13,98,0,0
1031,"RHOV",2020-02-03,0,2020-05-13,100,0,0
1032,"ADFA",2020-02-27,0,2020-05-13,76,0,0
1033,"CEOL",2020-02-25,0,2020-05-13,78,0,0
1034,"ADFA",2020-02-03,0,2020-05-14,101,0,0
1035,"CEOL",2020-02-06,0,2020-05-14,98,0,0
1036,"RHOV",2020-02-27,0,2020-05-13,76,0,0
1037,"HEWH",2020-02-20,0,2020-05-13,83,0,0
1038,"CEOL",2020-02-06,0,2020-05-13,97,0,0
1039,"SAAP",2020-02-18,0,2020-05-13,85,1,0
1040,"HEWH",2020-02-20,0,2020-05-13,83,0,0
1041,"HEWH",2020-02-18,0,2020-05-13,85,0,0
1042,"CEOL",2020-02-20,0,2020-05-13,83,0,0
1043,"RHOV",2020-02-03,0,2020-05-13,100,0,0
1044,"MALA",2020-02-18,0,2020-05-13,85,0,0
1045,"ENCA",2020-02-06,0,2020-05-13,97,0,0
1046,"ENCA",2020-02-06,0,2020-05-13,97,0,0
1047,"HEWH",2020-02-18,0,2020-05-13,85,0,0
1048,"ADFA",2020-02-03,0,2020-05-13,100,1,0
1049,"CEOL",2020-02-07,0,2020-05-14,97,0,0
1050,"SAAP",2020-02-18,0,2020-05-13,85,0,0
1051,"HEWH",2020-02-25,0,2020-05-14,79,0,0
1052,"RHOV",2020-02-04,0,2020-05-13,99,0,0
1053,"MALA",2020-02-18,0,2020-05-13,85,0,0
1054,"HEWH",2020-02-18,0,2020-05-13,85,0,0
1055,"ENCA",2020-02-25,0,2020-05-13,78,0,0
1056,"HEWH",2020-02-25,0,2020-05-13,78,0,0
1057,"SAME",2020-02-25,0,2020-05-13,78,0,0
1058,"ENCA",2020-02-06,0,2020-05-14,98,0,0
1059,"MALA",2020-02-18,0,2020-05-13,85,0,0
1060,"ADFA",2020-02-07,0,2020-05-13,96,0,0
1061,"CEOL",2020-02-25,0,2020-05-14,79,0,0
1062,"CEOL",2020-02-25,0,2020-05-13,78,0,0
1063,"HEWH",2020-02-25,0,2020-05-13,78,0,0
1064,"ADFA",2020-02-07,0,2020-05-13,96,0,0
1065,"MALA",2020-02-21,0,2020-05-13,82,0,0
1066,"SANI",2020-02-18,0,2020-05-13,85,0,0
1067,"HEWH",2020-02-25,0,2020-05-14,79,0,0
1068,"HEWH",2020-02-25,0,2020-05-14,79,0,0
1069,"ENCA",2020-02-06,0,2020-05-14,98,0,0
1070,"SANI",2020-02-18,0,2020-05-14,86,0,0
1071,"RHOV",2020-02-04,0,2020-05-13,99,1,0
1072,"RHOV",2020-02-04,0,2020-05-13,99,0,0
1073,"HEWH",2020-02-21,0,2020-05-13,82,0,0
1074,"ENCA",2020-02-25,0,2020-05-13,78,0,0
1075,"SAAP",2020-02-21,0,2020-05-13,82,1,0
1076,"MALA",2020-02-21,0,2020-05-13,82,0,0
1077,"RHOV",2020-02-21,0,2020-05-13,82,0,0
1078,"HEWH",2020-02-25,0,2020-05-14,79,0,0
1079,"SAAP",2020-02-27,0,2020-05-13,76,0,0
1080,"ENCA",2020-02-25,0,2020-05-14,79,0,0
1081,"CEOL",2020-02-25,0,2020-05-14,79,0,0
1082,"ENCA",2020-02-25,0,2020-05-14,79,0,0
1083,"HEWH",2020-02-25,0,2020-05-14,79,0,0
1084,"ENCA",2020-02-25,0,2020-05-14,79,0,0
1085,"RHOV",2020-02-21,0,2020-05-14,83,0,0
1086,"RHOV",2020-02-21,0,2020-05-13,82,0,0
1087,"MALA",2020-02-21,0,2020-05-13,82,0,0
1088,"RHOV",2020-02-25,0,2020-05-13,78,0,0
1089,"SANI",2020-02-18,0,2020-05-13,85,0,0
1090,"HEWH",2020-02-25,0,2020-05-13,78,0,0
1091,"HEWH",2020-02-25,0,2020-05-13,78,0,0
1092,"CEOL",2020-02-25,0,2020-05-13,78,0,0
1093,"ENCA",2020-02-25,0,2020-05-13,78,0,0
1094,"CEOL",2020-02-25,0,2020-05-13,78,0,0
1095,"ENCA",2020-02-27,0,2020-05-13,76,0,0
1096,"HEWH",2020-02-25,0,2020-05-13,78,0,0
1097,"CEOL",2020-02-25,0,2020-05-13,78,0,0
1098,"HEWH",2020-02-25,0,2020-05-14,79,0,0
1099,"CEOL",2020-02-25,0,2020-05-13,78,0,0
1100,"SANI",2020-02-25,0,2020-05-13,78,0,0
1101,"RHOV",2020-02-03,0,2020-05-07,94,0,0
1102,"RHOV",2020-02-03,0,2020-05-07,94,0,0
1103,"SAAP",2020-02-13,0,2020-05-07,84,0,0
1104,"RHOV",2020-02-03,0,2020-05-08,95,0,0
1105,"HEWH",2020-02-05,0,2020-05-08,93,0,0
1106,"RHOV",2020-02-03,0,2020-05-08,95,0,0
1107,"SANI",2020-02-18,0,2020-05-08,80,0,0
1108,"ADFA",2020-02-03,0,2020-05-08,95,0,0
1109,"ADFA",2020-02-03,0,2020-05-08,95,1,0
1110,"HEWH",2020-02-05,0,2020-05-08,93,0,0
1111,"CEOL",2020-02-05,0,2020-05-08,93,0,0
1112,"CEOL",2020-02-05,0,2020-05-08,93,0,0
1113,"SAME",2020-02-27,0,2020-05-08,71,0,0
1114,"ENCA",2020-02-05,0,2020-05-08,93,0,0
1115,"RHOV",2020-02-05,0,2020-05-08,93,0,0
1116,"HEWH",2020-02-27,0,2020-05-08,71,0,0
1117,"ENCA",2020-02-05,0,2020-05-14,99,0,0
1118,"RHOV",2020-02-05,0,2020-05-08,93,0,0
1119,"CEOL",2020-02-05,0,2020-05-08,93,0,0
1120,"ADFA",2020-02-07,0,2020-05-08,91,0,0
1121,"CEOL",2020-02-05,0,2020-05-08,93,0,0
1122,"ENCA",2020-02-05,0,2020-05-08,93,0,0
1123,"HEWH",2020-02-05,0,2020-05-08,93,0,0
1124,"RHOV",2020-02-05,0,2020-05-08,93,0,0
1125,"SAAP",2020-02-27,0,2020-05-08,71,0,0
1126,"CEOL",2020-02-05,0,2020-05-08,93,0,0
1127,"ADFA",2020-02-18,0,2020-05-08,80,0,0
1128,"HEWH",2020-02-05,0,2020-05-08,93,0,0
1129,"ENCA",2020-02-05,0,2020-05-08,93,0,0
1130,"SAME",2020-02-27,0,2020-05-08,71,0,0
1131,"CEOL",2020-02-05,0,2020-05-08,93,0,0
1132,"CEOL",2020-02-05,0,2020-05-08,93,0,0
1133,"ENCA",2020-02-05,0,2020-05-08,93,0,0
1134,"SAME",2020-02-27,0,2020-05-08,71,0,0
1135,"ENCA",2020-02-05,0,2020-05-08,93,0,0
1136,"ENCA",2020-02-05,0,2020-05-08,93,0,0
1137,"MALA",2020-02-03,0,2020-05-08,95,1,0
1138,"RHOV",2020-03-27,0,2020-05-13,47,1,0
1139,"SAME",2020-02-27,0,2020-05-13,76,0,0
1140,"SAME",2020-02-27,0,2020-05-13,76,0,0
1141,"HEWH",2020-02-27,0,2020-05-14,77,0,0
1142,"CEOL",2020-02-27,0,2020-05-14,77,0,0
1143,"MALA",2020-02-27,0,2020-05-14,77,1,0
1144,"HEWH",2020-02-27,0,2020-05-14,77,0,0
1145,"SANI",2020-02-27,0,2020-05-14,77,0,0
1146,"HEWH",2020-02-27,0,2020-05-14,77,1,0
1147,"HEWH",2020-02-27,0,2020-05-14,77,0,0
1148,"CEOL",2020-02-27,0,2020-05-14,77,0,0
1149,"SANI",2020-02-27,0,2020-05-14,77,0,0
1150,"HEWH",2020-02-18,0,2020-05-14,86,1,0
1151,"CEOL",2020-02-27,0,2020-05-14,77,0,0
1152,"HEAR",2020-02-27,0,2020-05-14,77,0,0
1153,"MALA",2020-02-27,0,2020-05-14,77,0,0
1154,"SANI",2020-02-27,0,2020-05-14,77,0,0
1155,"SAAP",2020-02-27,0,2020-05-14,77,0,0
1156,"SAME",2020-02-27,0,2020-05-14,77,0,0
1157,"HEWH",2020-02-18,0,2020-05-14,86,1,0
1158,"SAAP",2020-02-27,0,2020-05-14,77,1,0
1159,"ADFA",2020-02-06,0,2020-05-14,98,0,0
1160,"HEWH",2020-02-27,0,2020-05-14,77,0,0
1161,"ENCA",2020-02-27,0,2020-05-14,77,1,0
1162,"ENCA",2020-02-27,0,2020-05-14,77,1,0
1163,"SANI",2020-02-18,0,2020-05-14,86,1,0
1164,"SAME",2020-02-27,0,2020-05-14,77,1,0
1165,"SAME",2020-02-01,0,2020-05-14,103,1,0
1166,"RHOV",2020-02-06,0,2020-05-14,98,1,0
1167,"HEWH",2020-02-01,0,2020-05-14,103,0,0
1168,"MALA",2020-02-01,0,2020-05-14,103,0,0
1169,"SAME",2020-02-01,0,2020-05-14,103,1,0
1170,"CEOL",2020-02-06,0,2020-05-14,98,0,0
1171,"SANI",2020-02-01,0,2020-05-14,103,0,0
1172,"CEOL",2020-02-01,0,2020-05-14,103,0,0
1173,"SANI",2020-02-18,0,2020-05-14,86,0,0
1174,"ENCA",2020-02-01,0,2020-05-14,103,0,0
1175,"ADFA",2020-02-07,0,2020-05-14,97,0,0
1176,"ENCA",2020-02-18,0,2020-05-14,86,0,0
1177,"RHOV",2020-02-06,0,2020-05-14,98,0,0
1178,"RHOV",2020-02-06,0,2020-05-14,98,1,0
1179,"ENCA",2020-02-18,0,2020-05-14,86,0,0
1180,"MALA",2020-02-20,0,2020-05-14,84,0,0
1181,"CEOL",2020-02-01,0,2020-05-14,103,0,0
1182,"HEWH",2020-02-01,0,2020-05-14,103,0,0
1183,"ADFA",2020-02-07,0,2020-05-14,97,0,0
1184,"CEOL",2020-02-06,0,2020-05-14,98,0,0
1185,"CEOL",2020-02-06,0,2020-05-14,98,0,0
1186,"MALA",2020-02-21,0,2020-05-14,83,0,1
1187,"RHOV",2020-02-04,0,2020-05-14,100,0,0
1188,"CEOL",2020-02-01,0,2020-05-14,103,0,0
1189,"CEOL",2020-02-01,0,2020-05-14,103,0,0
1190,"CEOL",2020-02-01,0,2020-05-14,103,0,0
1191,"ADFA",2020-02-07,0,2020-05-14,97,0,0
1192,"ENCA",2020-02-06,0,2020-05-14,98,0,0
1193,"SAME",2020-02-01,0,2020-05-14,103,0,0
1195,"MALA",2020-03-03,0,2020-05-14,72,0,0
1196,"MALA",2020-02-01,0,2020-05-14,103,0,0
1198,"RHOV",2020-02-06,0,2020-05-14,98,0,0
1199,"SAME",2020-02-01,0,2020-05-14,103,0,0
1200,"ENCA",2020-02-01,0,2020-05-14,103,0,0
1201,"ADFA",2020-02-18,0,2020-05-14,86,0,0
1202,"SAAP",2020-02-14,0,2020-05-14,90,1,0
1203,"HEWH",2020-02-03,0,2020-05-14,101,0,0
1204,"RHOV",2020-02-03,0,2020-05-14,101,0,0
1205,"SANI",2020-02-14,0,2020-05-14,90,0,0
1206,"CEOL",2020-02-06,0,2020-05-07,91,0,0
1207,"SANI",2020-02-14,0,2020-05-14,90,0,0
1208,"HEWH",2020-02-20,0,2020-05-14,84,1,0
1209,"ADFA",2020-02-03,0,2020-05-22,109,0,0
1210,"SAAP",2020-02-20,0,2020-05-14,84,1,0
1211,"SANI",2020-02-14,0,2020-05-07,83,0,0
1212,"CEOL",2020-02-14,0,2020-05-07,83,0,0
1213,"ENCA",2020-02-20,0,2020-05-14,84,0,0
1214,"SAAP",2020-02-20,0,2020-05-14,84,1,0
1215,"RHOV",2020-02-03,0,2020-05-13,100,0,0
1216,"SAME",2020-02-14,0,2020-05-13,89,1,0
1217,"RHOV",2020-02-04,0,2020-05-14,100,1,0
1218,"MALA",2020-03-03,0,2020-05-13,71,0,0
1219,"CEOL",2020-02-14,0,2020-05-14,90,0,0
1220,"SAAP",2020-02-14,0,2020-05-07,83,0,0
1221,"ENCA",2020-02-27,0,2020-05-14,77,0,0
1222,"ADFA",2020-02-21,0,2020-05-14,83,0,0
1223,"HEWH",2020-02-27,0,2020-05-14,77,0,0
1224,"ADFA",2020-02-21,0,2020-05-22,91,0,0
1225,"MALA",2020-02-14,0,2020-05-14,90,0,0
1226,"ENCA",2020-02-01,0,2020-05-14,103,0,0
1227,"ADFA",2020-02-04,0,2020-05-13,99,0,0
1228,"CEOL",2020-02-01,0,2020-05-13,102,0,0
1229,"HEWH",2020-02-01,0,2020-05-13,102,1,0
1230,"SAAP",2020-02-20,0,2020-05-14,84,1,0
1231,"HEAR",2020-02-01,0,2020-05-14,103,0,0
1232,"HEWH",2020-02-01,0,2020-05-14,103,0,0
1233,"SAME",2020-02-01,0,2020-05-14,103,1,0
1234,"CEOL",2020-02-01,0,2020-05-13,102,0,0
1235,"MALA",2020-03-03,0,2020-05-22,80,0,0
1236,"RHOV",2020-02-01,0,2020-05-13,102,0,0
1237,"RHOV",2020-02-01,0,2020-05-13,102,0,0
1238,"ADFA",2020-02-04,0,2020-05-14,100,0,0
1239,"ADFA",2020-02-21,0,2020-05-13,82,0,0
1240,"ADFA",2020-02-21,0,2020-05-14,83,0,0
1241,"HEWH",2020-02-01,0,2020-05-14,103,0,0
1242,"SANI",2020-02-18,0,2020-05-14,86,0,0
1243,"ADFA",2020-02-21,0,2020-05-14,83,1,0
1244,"RHOV",2020-02-04,0,2020-05-22,108,0,0
1245,"ADFA",2020-02-21,0,2020-05-08,77,0,0
1246,"SANI",2020-02-18,0,2020-05-14,86,0,0
1247,"ADFA",2020-02-21,0,2020-05-22,91,0,1
1248,"SANI",2020-02-18,0,2020-05-14,86,0,0
1249,"ADFA",2020-02-21,0,2020-05-22,91,0,0
1250,"RHOV",2020-02-04,0,2020-05-22,108,0,0
1251,"ENCA",2020-03-03,0,2020-05-14,72,0,0
1252,"HEWH",2020-03-03,0,2020-05-14,72,0,0
1253,"RHOV",2020-02-04,0,2020-05-22,108,0,0
1254,"CEOL",2020-02-20,0,2020-05-22,92,1,0
1255,"RHOV",2020-02-04,0,2020-05-14,100,0,0
1256,"HEWH",2020-03-02,0,2020-05-14,73,0,0
1257,"RHOV",2020-02-20,0,2020-05-13,83,0,0
1258,"RHOV",2020-02-04,0,2020-05-14,100,0,0
1259,"CEOL",2020-02-20,0,2020-05-14,84,0,0
1260,"RHOV",2020-02-04,0,2020-05-14,100,0,0
1261,"RHOV",2020-02-04,0,2020-05-14,100,0,1
1262,"MALA",2020-02-21,0,2020-05-14,83,0,0
1263,"SANI",2020-02-18,0,2020-05-14,86,0,0
1264,"RHOV",2020-02-07,0,2020-05-14,97,0,0
1265,"HEWH",2020-02-05,0,2020-05-07,92,0,0
1266,"RHOV",2020-02-03,0,2020-05-07,94,0,0
1267,"CEOL",2020-02-05,0,2020-05-07,92,0,0
1268,"HEWH",2020-02-05,0,2020-05-08,93,0,0
1269,"MALA",2020-02-14,0,2020-05-07,83,1,0
1270,"ADFA",2020-02-03,0,2020-05-07,94,1,0
1274,"ADFA",2020-02-03,0,2020-05-14,101,0,0
1275,"ADFA",2020-02-04,0,2020-05-07,93,0,0
1276,"RHOV",2020-03-27,0,2020-05-07,41,0,0
1277,"MALA",2020-02-21,0,2020-05-22,91,0,0
1278,"SANI",2020-02-18,0,2020-05-14,86,0,0
1279,"HEWH",2020-03-03,0,2020-05-14,72,0,0
1280,"SANI",2020-02-21,0,2020-05-14,83,0,0
1281,"CEOL",2020-03-02,0,2020-05-14,73,0,0
1284,"HEWH",2020-03-03,0,2020-05-22,80,0,0
1285,"CEOL",2020-02-06,0,2020-05-14,98,0,0
1286,"HEWH",2020-02-27,0,2020-05-08,71,0,0
1287,"HEWH",2020-02-27,0,2020-05-14,77,0,0
1288,"SAAP",2020-02-13,0,2020-05-08,85,0,0
1289,"ADFA",2020-02-21,0,2020-05-08,77,0,0
1290,"HEAR",2020-02-27,0,2020-05-14,77,1,0
1291,"SAME",2020-03-03,0,2020-05-14,72,0,0
1292,"ENCA",2020-03-03,0,2020-05-14,72,0,0
1293,"HEWH",2020-03-02,0,2020-05-14,73,0,0
1294,"RHOV",2020-02-07,0,2020-05-14,97,0,0
1295,"CEOL",2020-02-20,0,2020-05-22,92,1,0
1296,"MALA",2020-02-21,0,2020-05-14,83,0,0
1297,"HEWH",2020-03-03,0,2020-05-14,72,0,0
1298,"ADFA",2020-02-21,0,2020-05-22,91,0,0
1299,"CEOL",2020-02-21,0,2020-05-22,91,0,0
1300,"ENCA",2020-03-02,0,2020-05-06,65,1,0
1301,"ADFA",2020-02-03,0,2020-05-13,100,0,0
1302,"HEWH",2020-02-18,0,2020-05-13,85,0,0
1303,"ENCA",2020-02-06,0,2020-05-13,97,0,0
1304,"ENCA",2020-02-06,0,2020-05-13,97,0,0
1305,"ADFA",2020-02-07,0,2020-05-13,96,0,0
1306,"MALA",2020-02-27,0,2020-05-13,76,0,0
1307,"SAAP",2020-02-01,0,2020-05-22,111,0,0
1308,"ENCA",2020-02-27,0,2020-05-13,76,0,0
1310,"RHOV",2020-02-06,0,2020-05-13,97,0,0
1311,"HEWH",2020-02-01,0,2020-05-13,102,0,0
1312,"RHOV",2020-02-06,0,2020-05-13,97,0,0
1313,"RHOV",2020-02-06,0,2020-05-13,97,0,0
1314,"SAME",2020-02-01,0,2020-05-13,102,0,0
1315,"ENCA",2020-02-06,0,2020-05-13,97,0,0
1316,"SAME",2020-02-01,0,2020-05-08,97,0,0
1317,"HEWH",2020-02-01,0,2020-05-08,97,0,0
1318,"SANI",2020-02-01,0,2020-05-13,102,0,0
1319,"SAAP",2020-02-01,0,2020-05-13,102,0,0
1320,"SAME",2020-02-01,0,2020-05-13,102,0,0
1321,"CEOL",2020-02-06,0,2020-05-13,97,0,0
1322,"RHOV",2020-02-06,0,2020-05-13,97,0,0
1323,"HEWH",2020-02-01,0,2020-05-13,102,0,0
1324,"SAME",2020-02-01,0,2020-05-13,102,0,0
1325,"SAME",2020-02-01,0,2020-05-13,102,0,0
1326,"MALA",2020-02-01,0,2020-05-13,102,0,0
1327,"SANI",2020-02-01,0,2020-05-13,102,0,0
1328,"SAME",2020-02-01,0,2020-05-13,102,0,0
1329,"HEWH",2020-02-01,0,2020-05-13,102,0,0
1330,"ENCA",2020-02-06,0,2020-05-13,97,0,0
1331,"SAME",2020-02-01,0,2020-05-13,102,0,0
1332,"ENCA",2020-02-06,0,2020-05-13,97,0,0
1333,"HEWH",2020-02-01,0,2020-05-13,102,0,0
1334,"HEWH",2020-02-01,0,2020-05-13,102,0,0
1335,"ENCA",2020-02-01,0,2020-05-13,102,0,0
1336,"RHOV",2020-02-06,0,2020-05-13,97,0,0
1337,"MALA",2020-02-01,0,2020-05-13,102,0,0
1338,"CEOL",2020-02-06,0,2020-05-13,97,0,0
1339,"HEWH",2020-02-18,0,2020-05-13,85,0,0
1340,"CEOL",2020-02-06,0,2020-05-13,97,0,0
1341,"SANI",2020-02-18,0,2020-05-13,85,0,0
1342,"ENCA",2020-02-01,0,2020-05-13,102,0,0
1343,"SAAP",2020-02-18,0,2020-05-13,85,0,0
1344,"CEOL",2020-02-06,0,2020-05-13,97,0,0
1345,"RHOV",2020-02-06,0,2020-05-13,97,0,0
1346,"HEWH",2020-02-01,0,2020-05-13,102,0,0
1347,"ADFA",2020-02-06,0,2020-05-13,97,0,0
1348,"MALA",2020-02-18,0,2020-05-13,85,1,0
1349,"SAME",2020-03-03,0,2020-05-13,71,0,0
1350,"RHOV",2020-02-06,0,2020-05-13,97,0,0
1351,"ADFA",2020-02-06,0,2020-05-13,97,0,0
1352,"CEOL",2020-02-06,0,2020-05-13,97,0,0
1353,"RHOV",2020-02-06,0,2020-05-13,97,0,0
1354,"HEWH",2020-02-18,0,2020-05-13,85,0,0
1355,"SANI",2020-02-18,0,2020-05-13,85,0,0
1356,"RHOV",2020-02-06,0,2020-05-13,97,0,0
1357,"ENCA",2020-02-01,0,2020-05-13,102,0,0
1358,"CEOL",2020-02-06,0,2020-05-13,97,0,0
1359,"ADFA",2020-02-01,0,2020-05-13,102,1,0
1360,"CEOL",2020-02-01,0,2020-05-14,103,0,0
1361,"ENCA",2020-02-01,0,2020-05-14,103,0,0
1362,"ADFA",2020-02-01,0,2020-05-14,103,0,0
1363,"SAME",2020-02-01,0,2020-05-14,103,1,0
1364,"RHOV",2020-02-06,0,2020-05-14,98,0,1
1365,"ENCA",2020-02-01,0,2020-05-14,103,0,0
1366,"SAAP",2020-02-01,0,2020-05-14,103,0,0
1367,"RHOV",2020-02-06,0,2020-05-14,98,0,0
1368,"RHOV",2020-02-06,0,2020-05-14,98,0,1
1369,"ENCA",2020-02-06,0,2020-05-14,98,0,0
1370,"HEWH",2020-02-18,0,2020-05-14,86,0,0
1371,"CEOL",2020-02-06,0,2020-05-14,98,0,0
1372,"HEWH",2020-02-18,0,2020-05-14,86,0,0
1373,"MALA",2020-02-21,0,2020-05-14,83,0,0
1374,"SANI",2020-02-21,0,2020-05-14,83,0,1
1375,"CEOL",2020-02-01,0,2020-05-14,103,0,0
1376,"HEAR",2020-02-01,0,2020-05-14,103,0,0
1377,"SANI",2020-02-18,0,2020-05-14,86,0,0
1378,"SAME",2020-02-01,0,2020-05-14,103,0,0
1379,"HEWH",2020-02-01,0,2020-05-14,103,0,0
1380,"RHOV",2020-02-07,0,2020-05-14,97,0,0
1381,"CEOL",2020-02-01,0,2020-05-14,103,0,0
1382,"SAME",2020-02-01,0,2020-05-14,103,0,0
1383,"RHOV",2020-02-21,0,2020-05-22,91,0,0
1384,"CEOL",2020-02-20,0,2020-05-22,92,0,0
1385,"SAAP",2020-02-01,0,2020-05-14,103,1,0
1386,"RHOV",2020-02-07,0,2020-05-14,97,0,0
1387,"CEOL",2020-03-03,0,2020-05-14,72,0,0
1388,"CEOL",2020-02-01,0,2020-05-14,103,0,0
1389,"HEWH",2020-02-01,0,2020-05-14,103,0,0
1390,"RHOV",2020-03-27,0,2020-05-07,41,0,0
1391,"CEOL",2020-02-01,0,2020-05-22,111,0,0
1392,"CEOL",2020-03-02,0,2020-05-22,81,0,0
1393,"SANI",2020-02-20,0,2020-05-13,83,0,0
1394,"ADFA",2020-02-21,0,2020-05-14,83,0,0
1395,"ADFA",2020-02-21,0,2020-05-14,83,0,0
1396,"HEWH",2020-02-01,0,2020-05-14,103,0,0
1397,"MALA",2020-02-21,0,2020-05-14,83,0,0
1398,"HEWH",2020-02-01,0,2020-05-14,103,0,0
1399,"RHOV",2020-02-06,0,2020-05-14,98,0,0
1400,"SAAP",2020-02-28,0,2020-05-14,76,0,0
1401,"CEOL",2020-02-20,0,2020-05-22,92,0,0
1402,"RHOV",2020-03-27,0,2020-05-22,56,0,0
1403,"MALA",2020-02-21,0,2020-05-14,83,0,0
1404,"HEAR",2020-03-04,0,2020-05-06,63,0,0
1405,"RHOV",2020-02-06,0,2020-05-14,98,0,0
1406,"CEOL",2020-02-28,0,2020-05-14,76,0,0
1407,"HEAR",2020-03-04,0,2020-05-06,63,0,0
1409,"HEAR",2020-03-04,0,2020-05-06,63,0,0
1410,"HEAR",2020-03-04,0,2020-05-06,63,0,0
1411,"HEAR",2020-03-04,0,2020-05-06,63,0,0
1412,"RHOV",2020-02-06,0,2020-05-14,98,0,0
1413,"RHOV",2020-03-27,0,2020-05-14,48,0,0
1414,"RHOV",2020-02-06,0,2020-05-14,98,0,0
1415,"HEAR",2020-03-04,0,2020-05-06,63,1,0
1416,"HEAR",2020-03-04,0,2020-05-06,63,0,0
1417,"HEAR",2020-03-04,0,2020-05-06,63,0,0
1418,"ADFA",2020-02-21,0,2020-05-14,83,0,0
1419,"SAAP",2020-02-01,0,2020-05-14,103,0,0
1420,"HEAR",2020-03-04,0,2020-05-06,63,0,1
1421,"HEAR",2020-03-04,0,2020-05-06,63,0,0
1422,"HEAR",2020-03-04,0,2020-05-07,64,0,0
1423,"HEAR",2020-03-04,0,2020-05-07,64,0,0
1424,"HEAR",2020-03-04,0,2020-05-06,63,1,0
1425,"HEAR",2020-03-04,0,2020-05-06,63,0,0
1426,"HEAR",2020-03-04,0,2020-05-07,64,1,0
1427,"HEAR",2020-03-04,0,2020-05-07,64,0,0
1428,"HEAR",2020-03-04,0,2020-05-07,64,0,0
1429,"HEAR",2020-03-04,0,2020-05-07,64,0,0
1430,"HEAR",2020-03-04,0,2020-05-07,64,1,0
1431,"HEAR",2020-03-04,0,2020-05-07,64,0,0
1432,"HEAR",2020-03-04,0,2020-05-08,65,0,0
1434,"HEAR",2020-03-04,0,2020-05-07,64,1,0
1435,"HEAR",2020-03-04,0,2020-05-08,65,0,0
1437,"HEAR",2020-03-04,0,2020-05-07,64,0,0
1438,"HEAR",2020-03-04,0,2020-05-14,71,1,0
1439,"HEAR",2020-03-05,0,2020-05-14,70,0,0
1440,"HEAR",2020-03-05,0,2020-05-06,62,0,0
1442,"HEAR",2020-03-04,0,2020-05-07,64,1,0
1443,"HEAR",2020-03-05,0,2020-05-08,64,1,0
1444,"HEAR",2020-03-05,0,2020-05-08,64,0,0
1445,"HEAR",2020-03-05,0,2020-05-06,62,0,0
1446,"HEAR",2020-03-05,0,2020-05-07,63,0,0
1447,"HEAR",2020-03-04,0,2020-05-07,64,0,0
1448,"HEAR",2020-03-05,0,2020-05-07,63,0,0
1449,"HEAR",2020-03-04,0,2020-05-07,64,1,0
1450,"HEAR",2020-03-04,0,2020-05-07,64,0,0
1451,"HEAR",2020-03-05,0,2020-05-07,63,0,1
1452,"HEAR",2020-03-05,0,2020-05-14,70,0,1
1453,"HEAR",2020-03-04,0,2020-05-07,64,0,0
1454,"HEAR",2020-03-05,0,2020-05-06,62,0,0
1455,"HEAR",2020-03-04,0,2020-05-06,63,0,0
1456,"HEAR",2020-03-04,0,2020-05-06,63,0,0
1457,"HEAR",2020-03-04,0,2020-05-07,64,0,0
1458,"HEAR",2020-03-05,0,2020-05-08,64,0,0
1459,"HEAR",2020-03-05,0,2020-05-07,63,0,0
1460,"HEAR",2020-03-05,0,2020-05-07,63,0,0
1461,"HEAR",2020-03-05,0,2020-05-07,63,0,0
1462,"ADFA",2020-03-05,0,2020-05-07,63,0,0
1463,"ADFA",2020-03-05,0,2020-05-07,63,0,0
1464,"ADFA",2020-03-05,0,2020-05-14,70,0,0
1465,"ADFA",2020-03-05,0,2020-05-07,63,0,0
1466,"ADFA",2020-03-05,0,2020-05-07,63,0,0
1467,"ADFA",2020-03-05,0,2020-05-07,63,0,0
1468,"ADFA",2020-03-05,0,2020-05-06,62,0,0
1469,"ADFA",2020-03-05,0,2020-05-07,63,0,0
1470,"ADFA",2020-03-05,0,2020-05-07,63,0,0
1471,"ADFA",2020-03-05,0,2020-05-06,62,0,0
1472,"ADFA",2020-03-05,0,2020-05-06,62,0,0
1473,"ADFA",2020-03-05,0,2020-05-06,62,0,0
1474,"ADFA",2020-03-05,0,2020-05-06,62,0,0
1475,"ADFA",2020-03-05,0,2020-05-06,62,0,0
1476,"ADFA",2020-03-05,0,2020-05-06,62,0,0
1477,"ADFA",2020-03-05,0,2020-05-07,63,0,0
1478,"HEAR",2020-03-05,0,2020-05-13,69,0,0
1479,"SANI",2020-03-06,0,2020-05-06,61,0,0
1480,"HEAR",2020-03-05,0,2020-05-08,64,0,0
1481,"HEAR",2020-03-05,0,2020-05-22,78,1,0
1482,"HEAR",2020-03-05,0,2020-05-15,71,0,0
1483,"HEAR",2020-03-05,0,2020-05-15,71,0,0
1484,"HEAR",2020-03-05,0,2020-05-15,71,0,0
1485,"HEAR",2020-03-05,0,2020-05-08,64,0,0
1486,"HEAR",2020-03-05,0,2020-05-07,63,0,0
1487,"HEAR",2020-03-05,0,2020-05-06,62,1,0
1488,"HEAR",2020-03-05,0,2020-05-07,63,1,0
1491,"HEAR",2020-03-05,0,2020-05-07,63,1,0
1492,"HEAR",2020-03-05,0,2020-05-07,63,0,0
1493,"HEAR",2020-03-05,0,2020-05-06,62,0,1
1494,"HEAR",2020-03-05,0,2020-05-06,62,0,0
1495,"HEAR",2020-03-05,0,2020-05-07,63,0,0
1496,"HEAR",2020-03-05,0,2020-05-06,62,0,0
1497,"HEAR",2020-03-05,0,2020-05-07,63,1,0
1498,"HEAR",2020-03-05,0,2020-05-06,62,1,0
1499,"HEAR",2020-03-05,0,2020-05-07,63,1,0
1500,"HEAR",2020-03-05,0,2020-05-07,63,0,0
1502,"SANI",2020-03-06,0,2020-05-06,61,0,0
1503,"SAME",2020-03-06,0,2020-05-06,61,0,0
1504,"SAME",2020-03-06,0,2020-05-06,61,0,0
1505,"SANI",2020-03-06,0,2020-05-06,61,0,0
1506,"SANI",2020-03-06,0,2020-05-06,61,0,0
1507,"HEAR",2020-03-05,0,2020-05-06,62,0,0
1508,"HEAR",2020-03-05,0,2020-05-07,63,0,0
1509,"HEAR",2020-03-05,0,2020-05-06,62,1,0
1510,"HEAR",2020-03-09,0,2020-05-22,74,0,0
1511,"HEAR",2020-03-05,0,2020-05-07,63,0,0
1512,"HEAR",2020-03-05,0,2020-05-08,64,1,0
1513,"HEAR",2020-03-05,0,2020-05-07,63,0,0
1514,"HEAR",2020-03-05,0,2020-05-13,69,0,0
1515,"HEAR",2020-03-05,0,2020-05-07,63,0,0
1517,"SAME",2020-03-05,0,2020-05-13,69,0,0
1518,"HEAR",2020-03-05,0,2020-05-08,64,0,0
1519,"HEAR",2020-03-05,0,2020-05-06,62,0,0
1520,"HEAR",2020-03-05,0,2020-05-06,62,0,0
1522,"HEAR",2020-03-05,0,2020-05-08,64,1,0
1523,"HEAR",2020-03-05,0,2020-05-13,69,0,0
1524,"HEAR",2020-03-05,0,2020-05-13,69,0,0
1525,"HEAR",2020-03-05,0,2020-05-08,64,0,0
1527,"HEAR",2020-03-05,0,2020-05-08,64,0,0
1528,"HEAR",2020-03-05,0,2020-05-13,69,0,0
1529,"HEAR",2020-03-05,0,2020-05-13,69,1,0
1530,"HEAR",2020-03-05,0,2020-05-14,70,0,0
1531,"SANI",2020-03-06,0,2020-05-07,62,0,0
1532,"SAME",2020-03-06,0,2020-05-07,62,0,0
1533,"SANI",2020-03-06,0,2020-05-06,61,0,0
1534,"SANI",2020-03-06,0,2020-05-07,62,0,0
1535,"HEAR",2020-03-05,0,2020-05-14,70,1,0
1536,"HEAR",2020-03-05,0,2020-05-14,70,1,0
1537,"HEAR",2020-03-05,0,2020-05-14,70,0,0
1538,"HEAR",2020-03-05,0,2020-05-13,69,0,1
1539,"HEAR",2020-03-05,0,2020-05-14,70,0,0
1540,"SANI",2020-03-06,0,2020-05-07,62,0,0
1541,"SANI",2020-03-06,0,2020-05-08,63,0,0
1542,"SAME",2020-03-06,0,2020-05-07,62,0,0
1543,"SAME",2020-03-06,0,2020-05-06,61,0,0
1544,"SANI",2020-03-06,0,2020-05-07,62,0,0
1545,"SAME",2020-03-06,0,2020-05-06,61,0,0
1546,"SAME",2020-03-06,0,2020-05-06,61,0,0
1547,"SANI",2020-03-06,0,2020-05-07,62,0,0
1548,"SANI",2020-03-06,0,2020-05-06,61,0,0
1549,"SAME",2020-03-06,0,2020-05-06,61,0,0
1550,"SANI",2020-03-06,0,2020-05-22,77,0,0
1551,"SANI",2020-03-06,0,2020-05-06,61,0,0
1552,"SANI",2020-03-06,0,2020-05-08,63,0,0
1553,"SANI",2020-03-06,0,2020-05-08,63,0,0
1554,"SAME",2020-03-06,0,2020-05-08,63,0,0
1555,"SAME",2020-03-06,0,2020-05-08,63,0,0
1556,"SAME",2020-03-06,0,2020-05-13,68,1,0
1557,"SANI",2020-03-06,0,2020-05-13,68,0,0
1558,"SAME",2020-03-06,0,2020-05-13,68,0,0
1559,"SANI",2020-03-06,0,2020-05-13,68,0,0
1560,"SANI",2020-03-06,0,2020-05-13,68,0,0
1561,"SANI",2020-03-06,0,2020-05-13,68,0,0
1562,"SAME",2020-03-06,0,2020-05-13,68,0,0
1563,"SANI",2020-03-06,0,2020-05-13,68,1,0
1564,"SANI",2020-03-06,0,2020-05-14,69,1,0
1565,"SAME",2020-03-06,0,2020-05-14,69,1,0
1566,"SANI",2020-03-06,0,2020-05-14,69,1,0
1567,"SAME",2020-03-06,0,2020-05-14,69,0,0
1568,"SANI",2020-03-06,0,2020-05-14,69,0,0
1569,"SANI",2020-03-06,0,2020-05-14,69,0,0
1570,"SAME",2020-03-06,0,2020-05-07,62,0,0
1571,"SANI",2020-03-06,0,2020-05-14,69,0,0
1572,"SAME",2020-03-06,0,2020-05-13,68,1,0
1573,"SANI",2020-03-06,0,2020-05-13,68,1,0
1574,"SANI",2020-03-06,0,2020-05-06,61,0,0
1575,"SAME",2020-03-06,0,2020-05-07,62,0,0
1576,"SANI",2020-03-06,0,2020-05-22,77,0,0
1577,"SANI",2020-03-06,0,2020-05-07,62,0,0
1578,"SANI",2020-03-06,0,2020-05-07,62,1,0
1579,"SANI",2020-03-06,0,2020-05-07,62,0,0
1580,"SAME",2020-03-06,0,2020-05-07,62,0,0
1581,"SANI",2020-03-06,0,2020-05-07,62,0,0
1582,"SAME",2020-03-06,0,2020-05-22,77,0,0
1583,"SAME",2020-03-06,0,2020-05-06,61,0,0
1584,"SAME",2020-03-06,0,2020-05-06,61,0,0
1585,"SANI",2020-03-06,0,2020-05-06,61,0,0
1586,"SANI",2020-03-06,0,2020-05-06,61,0,0
1587,"SANI",2020-03-06,0,2020-05-06,61,0,0
1588,"SAME",2020-03-06,0,2020-05-14,69,0,0
1589,"SANI",2020-03-06,0,2020-05-08,63,0,0
1590,"HEAR",2020-03-09,0,2020-05-15,67,0,0
1591,"HEAR",2020-03-09,0,2020-05-15,67,1,0
1592,"HEAR",2020-03-09,0,2020-05-08,60,0,0
1593,"HEAR",2020-03-09,0,2020-05-15,67,0,0
1594,"SANI",2020-03-09,0,2020-05-07,59,0,0
1595,"SAME",2020-03-09,0,2020-05-07,59,0,0
1596,"SAME",2020-03-09,0,2020-05-08,60,0,0
1597,"SANI",2020-03-09,0,2020-05-08,60,1,0
1598,"SAME",2020-03-09,0,2020-05-08,60,0,0
1599,"SANI",2020-03-06,0,2020-05-07,62,0,0
1600,"SANI",2020-03-06,0,2020-05-06,61,0,0
1601,"SAME",2020-03-09,0,2020-05-22,74,0,0
1602,"SANI",2020-03-09,0,2020-05-15,67,0,0
1603,"SANI",2020-03-09,0,2020-05-08,60,1,0
1604,"SAME",2020-03-09,0,2020-05-06,58,0,0
1605,"HEAR",2020-03-09,0,2020-05-15,67,0,0
1606,"SAME",2020-03-09,0,2020-05-08,60,0,0
1607,"SANI",2020-03-09,0,2020-05-07,59,0,0
1608,"SAME",2020-03-09,0,2020-05-07,59,0,0
1609,"SANI",2020-03-09,0,2020-05-08,60,0,0
1610,"SAME",2020-03-09,0,2020-05-08,60,0,0
1611,"SANI",2020-03-09,0,2020-05-08,60,0,0
1612,"SAME",2020-03-09,0,2020-05-07,59,0,0
1613,"SANI",2020-03-09,0,2020-05-08,60,0,0
1614,"ADFA",2020-03-09,0,2020-05-14,66,0,0
1615,"SAME",2020-03-09,0,2020-05-06,58,0,0
1616,"SANI",2020-03-09,0,2020-05-06,58,1,0
1617,"ADFA",2020-03-09,0,2020-05-14,66,0,0
1618,"HEAR",2020-03-09,0,2020-05-15,67,0,0
1619,"SANI",2020-03-09,0,2020-05-06,58,1,0
1620,"ADFA",2020-03-09,0,2020-05-14,66,0,0
1621,"ADFA",2020-03-09,0,2020-05-13,65,0,0
1622,"ADFA",2020-03-09,0,2020-05-14,66,0,0
1623,"ADFA",2020-03-09,0,2020-05-14,66,0,0
1624,"ADFA",2020-03-09,0,2020-05-13,65,0,0
1625,"ADFA",2020-03-09,0,2020-05-13,65,0,0
1627,"ADFA",2020-03-18,0,2020-05-07,50,0,0
1628,"ADFA",2020-03-18,0,2020-05-06,49,0,0
1629,"HEAR",2020-03-18,0,2020-05-07,50,0,0
1630,"ADFA",2020-03-18,0,2020-05-07,50,0,0
1631,"ADFA",2020-03-18,0,2020-05-07,50,0,0
1632,"ADFA",2020-03-18,0,2020-05-08,51,0,0
1633,"ADFA",2020-03-18,0,2020-05-08,51,0,0
1634,"HEAR",2020-03-18,0,2020-05-06,49,0,0
1635,"ADFA",2020-03-18,0,2020-05-06,49,0,0
1637,"ADFA",2020-03-18,0,2020-05-06,49,1,0
1638,"HEAR",2020-03-19,0,2020-05-15,57,0,0
1639,"ADFA",2020-03-19,0,2020-05-15,57,0,0
1640,"SANI",2020-03-27,0,2020-05-14,48,0,0
1641,"ADFA",2020-03-19,0,2020-05-15,57,0,0
1642,"HEAR",2020-03-19,0,2020-05-22,64,1,0
1643,"HEAR",2020-03-19,0,2020-05-15,57,0,0
1644,"ADFA",2020-03-19,0,2020-05-07,49,0,0
1645,"ADFA",2020-03-19,0,2020-05-07,49,0,0
1646,"ADFA",2020-03-19,0,2020-05-08,50,0,0
1647,"SAME",2020-03-27,0,2020-05-08,42,0,0
1648,"SANI",2020-03-27,0,2020-05-14,48,0,0
1649,"SAME",2020-03-27,0,2020-05-14,48,0,0
1650,"SANI",2020-03-27,0,2020-05-14,48,0,0
1651,"SAME",2020-03-27,0,2020-05-08,42,0,0
1652,"SANI",2020-03-27,0,2020-05-07,41,1,0
1653,"SAME",2020-03-27,0,2020-05-07,41,0,0
1654,"SANI",2020-03-27,0,2020-05-08,42,0,0
1655,"SAME",2020-03-27,0,2020-05-15,49,0,0
1656,"SAME",2020-03-27,0,2020-05-06,40,0,0
1657,"SANI",2020-03-27,0,2020-05-06,40,0,0
1658,"SANI",2020-03-27,0,2020-05-22,56,0,0
1659,"SAME",2020-03-27,0,2020-05-06,40,0,0
1661,"SAME",2020-03-27,0,2020-05-08,42,0,0
1662,"SAME",2020-03-27,0,2020-05-07,41,0,0
1663,"SANI",2020-03-27,0,2020-05-07,41,0,0
1664,"SANI",2020-03-27,0,2020-05-15,49,0,0
1665,"SANI",2020-03-27,0,2020-05-06,40,0,0
1666,"SAME",2020-03-27,0,2020-05-06,40,0,0
1,"ENCA",2020-05-06,110,2020-06-05,140,0,0
2,"CEOL",2020-05-06,110,2020-06-05,140,0,0
3,"ENCA",2020-05-06,110,2020-06-05,140,0,0
4,"ENCA",2020-05-06,110,2020-06-05,140,0,0
5,"CEOL",2020-05-06,40,2020-06-05,70,0,0
6,"HEWH",2020-05-06,110,2020-06-05,140,1,0
7,"SAME",2020-05-06,76,2020-06-05,106,0,0
8,"SANI",2020-05-07,84,2020-06-05,113,1,0
9,"SANI",2020-05-07,84,2020-06-05,113,1,0
10,"RHOV",2020-05-06,110,2020-06-05,140,0,0
11,"SANI",2020-05-06,83,2020-06-05,113,1,0
12,"CEOL",2020-05-06,110,2020-06-05,140,1,0
13,"HEWH",2020-05-06,110,2020-06-05,140,0,0
14,"HEWH",2020-05-06,110,2020-06-05,140,0,0
15,"CEOL",2020-05-06,110,2020-06-05,140,0,0
16,"SANI",2020-05-06,83,2020-06-05,113,1,0
17,"SAAP",2020-05-06,83,2020-06-05,113,0,0
18,"SAME",2020-05-06,76,2020-06-05,106,0,0
19,"ENCA",2020-05-06,110,2020-06-05,140,0,0
20,"MALA",2020-05-06,83,2020-06-05,113,1,0
21,"SAAP",2020-05-06,83,2020-06-05,113,0,0
22,"CEOL",2020-05-06,110,2020-06-05,140,1,0
23,"ENCA",2020-05-06,110,2020-06-05,140,0,0
24,"HEWH",2020-05-06,110,2020-06-05,140,0,0
26,"ENCA",2020-05-06,48,2020-06-05,78,0,0
27,"SAME",2020-05-06,76,2020-06-05,106,0,0
28,"SAME",2020-05-07,77,2020-06-05,106,1,0
29,"SANI",2020-05-07,83,2020-06-05,112,0,0
30,"SAME",2020-05-07,77,2020-06-05,106,1,0
31,"CEOL",2020-05-07,103,2020-06-05,132,0,0
32,"SANI",2020-05-07,84,2020-06-05,113,1,0
34,"ADFA",2020-05-07,107,2020-06-05,136,0,0
35,"ADFA",2020-05-07,107,2020-06-05,136,0,0
37,"MALA",2020-05-07,84,2020-06-05,113,0,0
38,"HEWH",2020-05-07,110,2020-06-05,139,0,0
40,"CEOL",2020-05-07,103,2020-06-05,132,0,0
41,"CEOL",2020-05-07,103,2020-06-05,132,0,0
42,"HEWH",2020-05-07,110,2020-06-05,139,0,0
43,"ENCA",2020-05-07,110,2020-06-05,139,0,0
44,"ENCA",2020-05-07,110,2020-06-05,139,0,0
45,"ENCA",2020-05-07,110,2020-06-05,139,0,0
46,"HEWH",2020-05-07,110,2020-06-05,139,1,0
47,"SAME",2020-05-07,77,2020-06-05,106,1,0
48,"RHOV",2020-05-07,110,2020-06-05,139,0,0
49,"HEWH",2020-05-07,110,2020-06-05,139,0,0
50,"RHOV",2020-05-07,110,2020-06-05,139,1,0
51,"SAAP",2020-05-07,84,2020-06-05,113,0,0
52,"HEWH",2020-05-07,110,2020-06-05,139,0,0
53,"ADFA",2020-05-07,107,2020-06-05,136,0,0
54,"CEOL",2020-05-07,103,2020-06-05,132,0,0
57,"ENCA",2020-05-07,110,2020-06-05,139,0,0
58,"CEOL",2020-05-07,103,2020-06-05,132,0,0
59,"MALA",2020-05-07,84,2020-06-05,113,0,0
61,"ENCA",2020-05-07,110,2020-06-05,139,0,0
62,"HEWH",2020-05-07,110,2020-06-05,139,1,0
64,"SANI",2020-05-07,84,2020-06-05,113,0,0
67,"CEOL",2020-01-25,0,2020-06-05,132,0,0
68,"HEWH",2020-05-07,110,2020-06-05,139,0,0
69,"HEWH",2020-05-07,110,2020-06-05,139,0,0
72,"MALA",2020-05-07,83,2020-06-05,112,0,0
74,"HEWH",2020-05-07,107,2020-06-05,136,1,0
76,"HEWH",2020-05-07,110,2020-06-05,139,0,0
77,"RHOV",2020-05-07,110,2020-06-05,139,0,0
78,"ENCA",2020-05-07,110,2020-06-05,139,0,0
79,"SAAP",2020-05-07,84,2020-06-05,113,0,0
80,"MALA",2020-05-07,84,2020-06-05,113,0,0
81,"SAAP",2020-05-07,84,2020-06-05,113,0,0
82,"CEOL",2020-05-07,77,2020-06-05,106,0,0
83,"SAAP",2020-05-07,84,2020-06-05,113,0,0
84,"RHOV",2020-05-07,107,2020-06-05,136,0,0
85,"CEOL",2020-05-07,103,2020-06-05,132,0,0
86,"CEOL",2020-05-07,77,2020-06-05,106,0,0
87,"ENCA",2020-05-07,107,2020-06-05,136,0,0
88,"SAAP",2020-05-07,83,2020-06-05,112,0,0
90,"ADFA",2020-05-07,107,2020-06-05,136,0,0
91,"RHOV",2020-05-07,107,2020-06-05,136,0,0
92,"ENCA",2020-05-07,110,2020-06-05,139,0,0
93,"HEWH",2020-05-07,110,2020-06-05,139,1,0
94,"SAME",2020-05-07,77,2020-06-05,106,1,0
96,"SANI",2020-05-07,84,2020-06-05,113,1,0
97,"SAAP",2020-05-07,84,2020-06-05,113,0,0
99,"CEOL",2020-05-07,103,2020-06-05,132,0,0
100,"SAAP",2020-05-07,83,2020-06-05,112,0,0
101,"ENCA",2020-05-06,110,2020-06-05,140,1,0
103,"ENCA",2020-05-06,110,2020-06-05,140,0,0
104,"ADFA",2020-05-06,110,2020-06-05,140,0,0
105,"MALA",2020-05-06,83,2020-06-05,113,0,0
106,"RHOV",2020-05-06,110,2020-06-05,140,0,0
107,"MALA",2020-05-06,83,2020-06-05,113,0,0
108,"ENCA",2020-05-06,110,2020-06-05,140,1,0
109,"RHOV",2020-05-06,110,2020-06-05,140,0,0
110,"RHOV",2020-05-06,110,2020-06-05,140,0,0
111,"SAAP",2020-05-06,83,2020-06-05,113,0,0
112,"HEWH",2020-05-06,110,2020-06-05,140,0,0
113,"ADFA",2020-05-06,110,2020-06-05,140,0,0
114,"CEOL",2020-05-06,110,2020-06-05,140,1,0
115,"CEOL",2020-05-06,110,2020-06-05,140,0,0
116,"ENCA",2020-05-06,110,2020-06-05,140,1,0
117,"SAME",2020-05-06,76,2020-06-05,106,0,0
118,"SAAP",2020-05-06,83,2020-06-05,113,0,0
120,"ENCA",2020-05-06,110,2020-06-05,140,1,0
121,"SAME",2020-05-06,76,2020-06-05,106,1,0
122,"CEOL",2020-05-06,83,2020-06-05,113,0,0
124,"RHOV",2020-05-06,110,2020-06-05,140,0,0
125,"CEOL",2020-05-06,110,2020-06-05,140,0,0
127,"CEOL",2020-05-06,110,2020-06-05,140,0,0
129,"ENCA",2020-05-06,110,2020-06-05,140,0,0
130,"RHOV",2020-05-06,109,2020-06-05,139,0,0
131,"MALA",2020-05-06,83,2020-06-05,113,1,0
132,"RHOV",2020-05-06,110,2020-06-05,140,0,0
133,"HEWH",2020-05-06,110,2020-06-05,140,0,0
134,"ENCA",2020-05-06,110,2020-06-05,140,0,0
135,"SAAP",2020-05-06,83,2020-06-05,113,0,0
136,"ENCA",2020-05-06,109,2020-06-05,139,0,0
137,"SAAP",2020-05-06,83,2020-06-05,113,0,0
138,"ADFA",2020-05-06,106,2020-06-05,136,0,0
139,"ADFA",2020-05-06,106,2020-06-05,136,0,0
140,"SANI",2020-05-06,82,2020-06-05,112,0,0
141,"HEWH",2020-05-06,106,2020-06-05,136,0,0
142,"RHOV",2020-05-06,106,2020-06-05,136,0,0
147,"RHOV",2020-05-06,109,2020-06-05,139,0,0
149,"ENCA",2020-05-06,109,2020-06-05,139,1,0
151,"ENCA",2020-05-06,109,2020-06-05,139,0,0
152,"CEOL",2020-05-06,102,2020-06-05,132,0,0
153,"ENCA",2020-05-06,109,2020-06-05,139,1,0
155,"SAAP",2020-05-06,82,2020-06-05,112,0,0
156,"HEAR",2020-05-06,69,2020-06-05,99,0,0
160,"HEWH",2020-05-06,76,2020-06-05,106,0,0
161,"MALA",2020-05-06,83,2020-06-05,113,1,0
162,"HEWH",2020-05-06,109,2020-06-24,158,0,0
163,"ADFA",2020-05-06,106,2020-06-05,136,0,0
164,"HEWH",2020-05-06,109,2020-06-05,139,0,0
165,"SANI",2020-05-06,83,2020-06-05,113,1,0
166,"SAME",2020-05-06,76,2020-06-24,125,0,0
167,"HEWH",2020-05-06,109,2020-06-24,158,0,0
168,"RHOV",2020-05-06,109,2020-06-24,158,0,0
169,"HEWH",2020-05-07,107,2020-06-24,155,0,0
170,"CEOL",2020-05-06,106,2020-06-24,155,0,0
171,"RHOV",2020-05-06,40,2020-06-24,89,0,0
174,"ADFA",2020-05-06,92,2020-06-24,141,0,0
176,"HEWH",2020-05-07,103,2020-06-24,151,0,0
177,"HEWH",2020-05-06,106,2020-06-24,155,0,0
178,"CEOL",2020-05-07,103,2020-06-24,151,0,1
180,"RHOV",2020-05-06,109,2020-06-24,158,0,1
181,"HEWH",2020-05-07,103,2020-06-24,151,0,0
182,"HEWH",2020-05-07,103,2020-06-24,151,0,0
183,"ADFA",2020-05-06,92,2020-06-24,141,1,0
184,"RHOV",2020-05-07,110,2020-06-24,158,0,1
185,"ENCA",2020-05-07,107,2020-06-24,155,0,0
187,"HEWH",2020-05-07,107,2020-06-24,155,0,0
188,"HEWH",2020-05-07,98,2020-06-24,146,0,0
190,"CEOL",2020-05-07,92,2020-06-24,140,0,0
192,"SANI",2020-05-07,84,2020-06-24,132,1,0
194,"SANI",2020-05-07,84,2020-06-24,132,0,0
195,"HEWH",2020-05-07,103,2020-06-24,151,1,0
199,"HEWH",2020-05-07,107,2020-06-24,155,0,0
200,"HEWH",2020-05-07,103,2020-06-24,151,0,0
201,"SAAP",2020-05-07,83,2020-06-24,131,0,1
203,"ADFA",2020-05-08,108,2020-06-24,155,1,0
204,"HEWH",2020-05-07,107,2020-06-24,155,1,0
205,"CEOL",2020-05-07,103,2020-06-24,151,0,0
206,"SAAP",2020-05-07,77,2020-06-24,125,0,0
208,"SAAP",2020-05-07,83,2020-06-24,131,0,1
209,"HEWH",2020-05-08,108,2020-06-24,155,0,0
210,"ADFA",2020-05-07,107,2020-06-24,155,0,0
211,"HEWH",2020-05-08,108,2020-06-24,155,0,0
215,"CEOL",2020-05-08,104,2020-06-24,151,0,0
216,"RHOV",2020-05-08,108,2020-06-24,155,1,0
218,"HEWH",2020-05-07,107,2020-06-24,155,0,0
219,"RHOV",2020-05-07,41,2020-06-24,89,0,0
220,"ENCA",2020-05-07,103,2020-06-24,151,0,0
221,"RHOV",2020-05-08,108,2020-06-24,155,0,1
227,"SAAP",2020-05-07,77,2020-06-24,125,0,1
228,"CEOL",2020-05-07,103,2020-06-24,151,0,0
229,"SAME",2020-05-08,78,2020-06-24,125,0,1
233,"HEAR",2020-05-08,71,2020-06-24,118,0,1
235,"SAME",2020-05-07,77,2020-06-24,125,0,1
236,"HEWH",2020-05-07,107,2020-06-24,155,1,0
237,"CEOL",2020-05-07,103,2020-06-24,151,0,1
240,"ENCA",2020-05-08,108,2020-06-24,155,1,0
241,"RHOV",2020-05-07,107,2020-06-24,155,0,0
242,"RHOV",2020-05-07,103,2020-06-24,151,0,0
243,"RHOV",2020-05-07,103,2020-06-24,151,0,1
244,"RHOV",2020-05-07,103,2020-06-24,151,0,0
245,"CEOL",2020-05-08,84,2020-06-24,131,1,0
246,"HEWH",2020-05-08,108,2020-06-24,155,0,0
249,"MALA",2020-05-07,76,2020-06-24,124,1,0
250,"ENCA",2020-05-07,103,2020-06-24,151,0,0
251,"ENCA",2020-05-07,91,2020-06-24,139,0,0
252,"CEOL",2020-05-07,91,2020-06-24,139,0,0
254,"SAME",2020-05-07,77,2020-06-24,125,1,0
255,"HEWH",2020-05-08,78,2020-06-24,125,0,0
256,"SAME",2020-05-07,77,2020-06-24,125,0,0
257,"ADFA",2020-05-07,94,2020-06-24,142,0,0
258,"ENCA",2020-05-07,91,2020-06-24,139,1,0
259,"HEWH",2020-05-07,77,2020-06-24,125,0,0
260,"ADFA",2020-05-07,94,2020-06-24,142,1,0
261,"CEOL",2020-05-07,91,2020-06-24,139,1,0
262,"HEWH",2020-05-07,77,2020-06-24,125,1,0
263,"SAME",2020-05-07,77,2020-06-24,125,0,0
264,"CEOL",2020-05-07,91,2020-06-24,139,1,0
265,"ENCA",2020-05-07,103,2020-06-24,151,1,0
266,"HEWH",2020-05-08,99,2020-06-24,146,1,0
267,"SAAP",2020-05-07,77,2020-06-24,125,1,0
269,"HEWH",2020-05-07,77,2020-06-24,125,1,0
270,"HEWH",2020-05-07,77,2020-06-24,125,1,0
271,"CEOL",2020-05-07,83,2020-06-24,131,0,0
273,"SAAP",2020-05-07,84,2020-06-24,132,0,0
274,"SAAP",2020-05-07,84,2020-06-24,132,0,0
275,"ENCA",2020-05-07,98,2020-06-24,146,0,1
276,"CEOL",2020-05-07,83,2020-06-24,131,1,0
277,"ENCA",2020-05-07,98,2020-06-24,146,0,0
278,"ENCA",2020-05-07,98,2020-06-24,146,1,0
279,"SANI",2020-05-07,83,2020-06-24,131,0,0
280,"RHOV",2020-05-07,41,2020-06-24,89,0,0
281,"SANI",2020-05-07,83,2020-06-24,131,1,0
282,"HEWH",2020-05-07,98,2020-06-24,146,0,0
283,"SAAP",2020-05-07,84,2020-06-24,132,0,0
284,"SANI",2020-05-07,83,2020-06-24,131,0,0
285,"ENCA",2020-05-07,70,2020-06-24,118,0,0
286,"HEWH",2020-05-07,98,2020-06-24,146,0,0
287,"MALA",2020-05-07,83,2020-06-24,131,0,0
288,"CEOL",2020-05-07,83,2020-06-24,131,0,0
289,"RHOV",2020-05-08,92,2020-06-24,139,1,0
290,"CEOL",2020-05-07,83,2020-06-24,131,0,0
291,"SAME",2020-05-08,71,2020-06-24,118,0,0
292,"RHOV",2020-05-07,70,2020-06-24,118,0,0
293,"SAME",2020-05-07,70,2020-06-24,118,0,0
295,"ENCA",2020-05-07,70,2020-06-24,118,0,0
296,"HEWH",2020-01-30,0,2020-06-24,146,1,0
297,"MALA",2020-05-08,84,2020-06-24,131,0,0
298,"SAME",2020-05-08,71,2020-06-24,118,0,0
299,"RHOV",2020-05-08,84,2020-06-24,131,0,0
300,"SAAP",2020-05-08,84,2020-06-24,131,1,0
301,"HEWH",2020-05-07,98,2020-06-24,146,0,1
303,"ENCA",2020-05-08,99,2020-06-24,146,0,0
307,"ENCA",2020-05-07,49,2020-06-24,97,0,0
309,"CEOL",2020-05-07,92,2020-06-24,140,0,0
310,"CEOL",2020-05-07,83,2020-06-24,131,0,1
313,"CEOL",2020-05-07,92,2020-06-24,140,0,0
314,"SANI",2020-05-07,84,2020-06-24,132,0,0
315,"RHOV",2020-05-07,98,2020-06-24,146,1,0
316,"HEWH",2020-05-07,98,2020-06-24,146,0,0
317,"SANI",2020-05-07,84,2020-06-24,132,0,1
318,"SAME",2020-05-07,77,2020-06-24,125,0,1
319,"ENCA",2020-05-07,103,2020-06-24,151,0,0
320,"ADFA",2020-05-07,93,2020-06-24,141,0,0
321,"HEWH",2020-05-07,98,2020-06-24,146,0,1
323,"HEWH",2020-05-07,98,2020-06-24,146,0,0
326,"ADFA",2020-05-07,77,2020-06-24,125,0,0
327,"ENCA",2020-05-07,98,2020-06-24,146,0,0
328,"RHOV",2020-05-07,41,2020-06-24,89,1,0
330,"ENCA",2020-05-07,98,2020-06-24,146,0,1
332,"RHOV",2020-05-07,98,2020-06-24,146,0,1
333,"CEOL",2020-05-07,84,2020-06-24,132,1,0
334,"CEOL",2020-05-08,84,2020-06-24,131,0,0
336,"ENCA",2020-05-07,70,2020-06-24,118,1,0
337,"ENCA",2020-05-07,70,2020-06-24,118,0,1
338,"CEOL",2020-05-07,84,2020-06-24,132,0,1
339,"ENCA",2020-05-07,96,2020-06-24,144,0,0
341,"SAAP",2020-05-07,84,2020-06-25,133,1,0
342,"ENCA",2020-05-07,98,2020-06-25,147,0,1
343,"SAAP",2020-05-07,84,2020-06-25,133,0,0
344,"CEOL",2020-05-08,85,2020-06-24,132,0,1
345,"ADFA",2020-05-08,97,2020-06-25,145,0,0
347,"SANI",2020-05-07,84,2020-06-24,132,0,1
350,"SAME",2020-05-07,77,2020-06-25,126,0,1
351,"ADFA",2020-05-07,93,2020-06-25,142,0,0
353,"ENCA",2020-05-07,96,2020-06-25,145,0,0
354,"SAME",2020-05-07,77,2020-06-24,125,0,0
355,"RHOV",2020-05-07,98,2020-06-25,147,0,1
356,"CEOL",2020-05-07,83,2020-06-25,132,0,1
357,"SAAP",2020-05-07,84,2020-06-25,133,0,1
358,"HEWH",2020-05-07,98,2020-06-25,147,0,1
359,"HEWH",2020-05-07,98,2020-06-25,147,0,1
360,"RHOV",2020-05-07,98,2020-06-25,147,0,1
361,"CEOL",2020-05-08,84,2020-06-25,132,0,0
362,"MALA",2020-05-07,84,2020-06-24,132,0,0
363,"RHOV",2020-05-07,98,2020-06-25,147,0,0
364,"MALA",2020-05-07,84,2020-06-25,133,0,0
365,"HEWH",2020-05-07,98,2020-06-25,147,0,1
366,"CEOL",2020-05-07,41,2020-06-25,90,0,1
368,"HEWH",2020-05-08,99,2020-06-25,147,0,0
370,"CEOL",2020-05-07,83,2020-06-25,132,1,0
371,"SANI",2020-05-07,83,2020-06-25,132,0,1
373,"HEWH",2020-05-07,98,2020-06-25,147,0,1
374,"HEWH",2020-05-07,98,2020-06-25,147,0,0
375,"RHOV",2020-05-07,91,2020-06-25,140,0,0
376,"HEWH",2020-05-07,98,2020-06-25,147,1,0
377,"HEWH",2020-05-07,98,2020-06-25,147,0,0
378,"CEOL",2020-05-07,83,2020-06-25,132,1,0
379,"HEWH",2020-05-07,70,2020-06-25,119,0,0
381,"SANI",2020-05-08,84,2020-06-25,132,0,0
382,"SAME",2020-05-08,71,2020-06-25,119,1,0
383,"ENCA",2020-05-08,97,2020-06-25,145,0,0
384,"CEOL",2020-05-08,84,2020-06-25,132,0,0
385,"HEWH",2020-05-08,99,2020-06-24,146,0,0
386,"ADFA",2020-05-08,97,2020-06-25,145,0,0
387,"ENCA",2020-05-08,97,2020-06-25,145,0,0
388,"MALA",2020-02-13,0,2020-06-25,133,1,0
389,"SAAP",2020-05-08,84,2020-06-25,132,1,0
390,"ADFA",2020-05-08,71,2020-06-25,119,0,0
392,"CEOL",2020-05-08,84,2020-06-25,132,0,1
393,"ENCA",2020-05-08,71,2020-06-25,119,0,0
394,"HEWH",2020-05-08,99,2020-06-25,147,0,0
395,"ENCA",2020-05-08,50,2020-06-25,98,0,0
396,"SANI",2020-05-08,77,2020-06-25,125,0,1
398,"ENCA",2020-05-08,99,2020-06-25,147,0,0
399,"RHOV",2020-05-08,97,2020-06-25,145,0,1
400,"RHOV",2020-05-08,99,2020-06-25,147,0,0
401,"SANI",2020-05-07,82,2020-06-24,130,0,0
403,"RHOV",2020-05-08,99,2020-06-25,147,1,0
404,"CEOL",2020-05-06,69,2020-06-25,119,1,0
405,"ADFA",2020-02-01,0,2020-06-25,145,1,0
406,"RHOV",2020-05-06,69,2020-06-25,119,0,0
408,"HEWH",2020-05-06,95,2020-06-25,145,0,0
409,"CEOL",2020-05-06,81,2020-06-25,131,0,1
411,"SAME",2020-05-06,69,2020-06-25,119,0,1
412,"RHOV",2020-05-06,97,2020-06-25,147,1,0
414,"HEAR",2020-05-08,71,2020-06-25,119,1,0
415,"ENCA",2020-05-08,71,2020-06-24,118,0,0
416,"MALA",2020-05-06,82,2020-06-25,132,0,0
417,"RHOV",2020-05-06,97,2020-06-25,147,0,0
418,"ADFA",2020-05-08,97,2020-06-25,145,0,0
419,"ENCA",2020-05-06,95,2020-06-25,145,0,0
420,"MALA",2020-05-06,82,2020-06-25,132,0,0
421,"CEOL",2020-05-06,81,2020-06-25,131,0,0
422,"ENCA",2020-05-06,95,2020-06-25,145,1,0
423,"SANI",2020-05-06,82,2020-06-25,132,0,0
424,"CEOL",2020-05-08,83,2020-06-25,131,1,0
425,"HEWH",2020-05-06,95,2020-06-25,145,0,0
426,"HEWH",2020-05-06,95,2020-06-25,145,1,0
427,"CEOL",2020-05-06,81,2020-06-25,131,0,0
428,"ENCA",2020-05-06,95,2020-06-24,144,0,0
429,"RHOV",2020-05-06,97,2020-06-25,147,0,0
430,"ADFA",2020-05-08,71,2020-06-25,119,1,0
431,"CEOL",2020-05-06,81,2020-06-25,131,1,0
432,"HEWH",2020-05-06,95,2020-06-25,145,0,1
435,"HEAR",2020-05-06,68,2020-06-25,118,1,0
436,"MALA",2020-05-22,98,2020-06-25,132,0,0
438,"HEWH",2020-05-07,77,2020-06-24,125,1,0
439,"RHOV",2020-05-06,89,2020-06-24,138,0,0
441,"SAAP",2020-05-07,83,2020-06-25,132,0,0
442,"HEWH",2020-05-06,95,2020-06-25,145,0,0
443,"ENCA",2020-05-07,96,2020-06-25,145,0,0
446,"RHOV",2020-05-22,111,2020-06-25,145,0,0
447,"ADFA",2020-05-06,81,2020-06-25,131,0,0
450,"SAME",2020-05-07,76,2020-06-25,125,0,0
451,"ENCA",2020-05-07,82,2020-06-25,131,0,0
452,"RHOV",2020-05-07,82,2020-06-25,131,0,1
453,"CEOL",2020-05-07,82,2020-06-25,131,1,0
454,"ENCA",2020-05-07,96,2020-06-24,144,1,0
455,"ENCA",2020-05-07,49,2020-06-25,98,1,0
456,"RHOV",2020-05-07,96,2020-06-25,145,1,0
457,"SAAP",2020-05-22,111,2020-06-25,145,0,0
458,"CEOL",2020-05-07,82,2020-06-25,131,0,0
459,"HEWH",2020-05-07,82,2020-06-25,131,0,0
460,"RHOV",2020-05-22,56,2020-06-24,89,0,0
461,"ENCA",2020-05-06,76,2020-06-25,126,0,0
462,"CEOL",2020-05-06,76,2020-06-24,125,1,0
463,"CEOL",2020-05-06,68,2020-06-24,117,1,0
464,"ENCA",2020-05-22,64,2020-06-24,97,0,0
465,"MALA",2020-05-06,81,2020-06-24,130,1,0
466,"SAAP",2020-05-22,92,2020-06-24,125,0,0
467,"RHOV",2020-05-22,105,2020-06-25,139,1,0
468,"CEOL",2020-05-22,97,2020-06-24,130,0,0
469,"ENCA",2020-05-22,105,2020-06-24,138,0,0
470,"ENCA",2020-05-06,89,2020-06-24,138,1,0
471,"RHOV",2020-05-06,89,2020-06-24,138,0,0
472,"ENCA",2020-05-07,49,2020-06-24,97,1,0
473,"RHOV",2020-05-07,90,2020-06-24,138,1,0
475,"HEWH",2020-05-07,82,2020-06-25,131,0,1
476,"ENCA",2020-05-07,82,2020-06-25,131,0,1
480,"RHOV",2020-05-06,76,2020-06-24,125,0,0
481,"SANI",2020-05-06,82,2020-06-24,131,0,0
483,"CEOL",2020-05-06,81,2020-06-24,130,1,0
484,"SAME",2020-05-22,92,2020-06-24,125,1,0
485,"HEWH",2020-05-22,97,2020-06-24,130,1,0
486,"ENCA",2020-05-22,97,2020-06-24,130,0,0
487,"HEWH",2020-05-06,81,2020-06-24,130,0,0
488,"ADFA",2020-05-06,81,2020-06-24,130,1,0
489,"SAAP",2020-05-06,76,2020-06-24,125,0,0
493,"ENCA",2020-05-06,89,2020-06-24,138,0,0
494,"HEWH",2020-05-06,81,2020-06-24,130,0,1
495,"SAAP",2020-05-06,81,2020-06-24,130,1,0
496,"HEWH",2020-05-06,81,2020-06-24,130,1,0
497,"CEOL",2020-05-22,97,2020-06-24,130,1,0
498,"MALA",2020-05-06,81,2020-06-24,130,1,0
499,"SAME",2020-05-06,69,2020-06-24,118,0,1
500,"CEOL",2020-05-07,82,2020-06-24,130,1,0
501,"CEOL",2020-05-08,84,2020-06-25,132,1,0
502,"SANI",2020-05-08,84,2020-06-25,132,0,1
503,"RHOV",2020-05-08,99,2020-06-25,147,0,0
504,"SAME",2020-05-08,78,2020-06-25,126,0,0
505,"SAAP",2020-05-08,83,2020-06-25,131,0,0
506,"CEOL",2020-05-08,84,2020-06-25,132,1,0
507,"RHOV",2020-05-08,99,2020-06-25,147,0,1
508,"CEOL",2020-05-08,84,2020-06-25,132,0,0
509,"HEAR",2020-05-08,71,2020-06-25,119,1,0
510,"ENCA",2020-05-08,97,2020-06-25,145,0,0
511,"HEWH",2020-05-06,97,2020-06-25,147,0,0
514,"SAAP",2020-05-06,81,2020-06-25,131,0,0
515,"HEWH",2020-05-08,97,2020-06-25,145,0,0
516,"SAAP",2020-05-08,71,2020-06-25,119,0,0
517,"RHOV",2020-05-08,77,2020-06-25,125,0,0
518,"HEWH",2020-05-06,95,2020-06-25,145,0,1
519,"CEOL",2020-05-06,91,2020-06-25,141,0,1
520,"SAME",2020-05-22,85,2020-06-25,119,0,0
521,"ENCA",2020-05-06,95,2020-06-25,145,0,0
522,"RHOV",2020-05-06,95,2020-06-25,145,0,0
523,"ENCA",2020-05-06,95,2020-06-25,145,1,0
524,"CEOL",2020-05-06,91,2020-06-25,141,1,0
525,"HEWH",2020-05-06,95,2020-06-25,145,0,1
526,"CEOL",2020-05-06,91,2020-06-25,141,0,1
527,"RHOV",2020-05-06,95,2020-06-25,145,0,0
529,"CEOL",2020-05-06,91,2020-06-25,141,1,0
530,"SANI",2020-05-06,82,2020-06-25,132,1,0
531,"MALA",2020-05-06,82,2020-06-25,132,1,0
532,"CEOL",2020-05-06,91,2020-06-25,141,0,0
533,"RHOV",2020-05-06,97,2020-06-25,147,1,0
534,"RHOV",2020-05-06,97,2020-06-25,147,0,0
535,"SAME",2020-05-06,69,2020-06-25,119,1,0
537,"SAME",2020-05-07,70,2020-06-25,119,1,0
538,"CEOL",2020-05-22,98,2020-06-25,132,0,1
539,"RHOV",2020-05-07,98,2020-06-25,147,1,0
540,"MALA",2020-05-07,83,2020-06-25,132,1,0
544,"HEWH",2020-05-07,98,2020-06-25,147,0,0
545,"SAAP",2020-05-07,70,2020-06-25,119,0,0
546,"RHOV",2020-05-07,98,2020-06-25,147,0,0
547,"ENCA",2020-05-22,85,2020-06-25,119,0,1
548,"ADFA",2020-05-07,93,2020-06-25,142,0,0
549,"CEOL",2020-05-07,83,2020-06-25,132,0,1
550,"ENCA",2020-05-07,96,2020-06-25,145,1,0
551,"SANI",2020-05-06,82,2020-06-25,132,0,0
552,"HEWH",2020-05-06,95,2020-06-25,145,1,0
553,"CEOL",2020-05-06,82,2020-06-25,132,0,0
554,"HEWH",2020-05-06,95,2020-06-25,145,0,0
555,"ENCA",2020-05-06,95,2020-06-25,145,0,0
556,"MALA",2020-05-06,82,2020-06-25,132,0,0
557,"HEWH",2020-05-07,96,2020-06-24,144,0,0
558,"ADFA",2020-05-07,93,2020-06-25,142,0,0
559,"MALA",2020-05-22,98,2020-06-25,132,1,0
560,"CEOL",2020-05-07,70,2020-06-25,119,0,1
561,"CEOL",2020-05-07,70,2020-06-25,119,0,1
563,"HEWH",2020-05-07,92,2020-06-25,141,0,0
565,"HEWH",2020-05-07,92,2020-06-25,141,1,0
566,"CEOL",2020-05-07,70,2020-06-25,119,0,0
567,"ENCA",2020-05-08,71,2020-06-25,119,1,0
568,"ADFA",2020-05-08,71,2020-06-25,119,1,0
569,"HEWH",2020-05-08,71,2020-06-25,119,0,1
572,"HEWH",2020-05-07,96,2020-06-24,144,1,0
573,"ADFA",2020-05-22,105,2020-06-24,138,0,0
574,"SAAP",2020-05-07,82,2020-06-24,130,0,0
575,"HEWH",2020-05-07,82,2020-06-24,130,1,0
576,"SANI",2020-05-08,93,2020-06-24,140,0,0
579,"CEOL",2020-05-07,83,2020-06-24,131,1,0
581,"SANI",2020-05-07,83,2020-06-24,131,1,0
582,"RHOV",2020-05-07,92,2020-06-24,140,1,0
583,"RHOV",2020-05-07,92,2020-06-25,141,0,1
584,"SANI",2020-05-07,83,2020-06-24,131,0,0
585,"RHOV",2020-05-07,92,2020-06-24,140,0,0
586,"HEWH",2020-05-07,91,2020-06-24,139,1,0
587,"CEOL",2020-05-07,76,2020-06-24,124,0,0
588,"SAME",2020-05-07,76,2020-06-24,124,0,1
589,"SAME",2020-05-07,66,2020-06-24,114,1,0
590,"ENCA",2020-05-07,92,2020-06-24,140,0,0
591,"CEOL",2020-05-07,91,2020-06-24,139,0,1
592,"ADFA",2020-05-22,106,2020-06-24,139,0,0
593,"CEOL",2020-05-08,93,2020-06-24,140,0,1
594,"CEOL",2020-05-07,92,2020-06-24,140,1,0
596,"ADFA",2020-05-07,96,2020-06-25,145,1,0
597,"HEWH",2020-05-22,97,2020-06-24,130,0,0
598,"RHOV",2020-05-06,91,2020-06-24,140,0,1
601,"HEWH",2020-05-07,82,2020-06-24,130,0,0
603,"CEOL",2020-05-06,81,2020-06-24,130,1,0
604,"SAME",2020-05-07,77,2020-06-24,125,0,0
606,"SAAP",2020-05-07,83,2020-06-24,131,0,0
607,"RHOV",2020-05-07,82,2020-06-24,130,0,0
608,"ADFA",2020-05-07,82,2020-06-24,130,0,0
611,"CEOL",2020-05-07,82,2020-06-24,130,1,0
612,"RHOV",2020-05-07,96,2020-06-24,144,1,0
614,"CEOL",2020-05-06,81,2020-06-24,130,0,1
615,"HEWH",2020-05-06,81,2020-06-24,130,0,1
617,"SAAP",2020-05-06,81,2020-06-24,130,0,1
618,"RHOV",2020-05-06,81,2020-06-24,130,0,1
619,"ENCA",2020-05-06,89,2020-06-24,138,1,0
620,"HEWH",2020-05-06,81,2020-06-24,130,1,0
621,"ENCA",2020-05-15,77,2020-06-24,117,0,0
622,"SANI",2020-05-15,90,2020-06-24,130,0,0
623,"RHOV",2020-05-08,92,2020-06-24,139,0,0
624,"HEWH",2020-05-08,70,2020-06-24,117,0,0
625,"CEOL",2020-05-08,83,2020-06-24,130,1,0
626,"ADFA",2020-05-08,78,2020-06-24,125,1,0
629,"HEWH",2020-05-08,78,2020-06-24,125,0,0
630,"SAME",2020-05-08,67,2020-06-24,114,1,0
633,"CEOL",2020-05-06,68,2020-06-24,117,0,0
634,"CEOL",2020-05-06,68,2020-06-24,117,0,1
635,"ENCA",2020-05-06,89,2020-06-24,138,1,0
637,"ENCA",2020-05-06,81,2020-06-24,130,1,0
639,"SAAP",2020-05-06,81,2020-06-24,130,1,0
640,"CEOL",2020-05-06,90,2020-06-24,139,1,0
644,"CEOL",2020-05-06,90,2020-06-24,139,0,1
647,"MALA",2020-05-06,68,2020-06-24,117,0,1
648,"RHOV",2020-05-22,111,2020-06-24,144,1,0
649,"CEOL",2020-05-06,68,2020-06-24,117,0,1
650,"RHOV",2020-05-06,95,2020-06-24,144,1,0
651,"HEWH",2020-05-06,91,2020-06-24,140,0,1
652,"HEWH",2020-05-06,91,2020-06-24,140,1,0
654,"SAME",2020-05-06,65,2020-06-24,114,0,1
655,"HEWH",2020-05-06,81,2020-06-24,130,0,0
656,"SANI",2020-05-06,81,2020-06-24,130,0,0
657,"RHOV",2020-05-06,91,2020-06-24,140,1,0
658,"ENCA",2020-05-22,107,2020-06-24,140,1,0
660,"CEOL",2020-05-06,68,2020-06-24,117,1,0
661,"CEOL",2020-05-06,68,2020-06-24,117,0,0
662,"ADFA",2020-05-06,89,2020-06-24,138,0,0
663,"MALA",2020-05-22,97,2020-06-24,130,0,0
664,"ENCA",2020-05-06,91,2020-06-24,140,0,1
665,"ENCA",2020-05-22,107,2020-06-24,140,0,0
666,"SANI",2020-05-08,83,2020-06-24,130,0,0
667,"CEOL",2020-05-08,95,2020-06-24,142,0,0
668,"RHOV",2020-05-08,92,2020-06-24,139,0,0
669,"ADFA",2020-05-15,85,2020-06-24,125,0,0
670,"SAME",2020-05-15,85,2020-06-24,125,0,0
671,"CEOL",2020-05-15,85,2020-06-24,125,1,0
673,"ADFA",2020-05-08,70,2020-06-24,117,0,0
674,"RHOV",2020-05-08,80,2020-06-24,127,0,0
675,"SANI",2020-05-08,83,2020-06-25,131,1,0
676,"RHOV",2020-05-15,99,2020-06-24,139,1,0
677,"SANI",2020-05-08,83,2020-06-24,130,1,0
678,"ADFA",2020-05-08,91,2020-06-24,138,0,0
680,"CEOL",2020-05-08,95,2020-06-24,142,1,0
681,"SANI",2020-05-06,81,2020-06-24,130,0,0
682,"HEWH",2020-05-06,81,2020-06-24,130,0,1
683,"HEWH",2020-05-06,75,2020-06-24,124,0,0
684,"HEWH",2020-05-08,77,2020-06-24,124,1,0
686,"ENCA",2020-05-15,99,2020-06-24,139,0,0
687,"CEOL",2020-05-08,77,2020-06-24,124,1,0
688,"ENCA",2020-05-15,84,2020-06-25,125,0,1
689,"ENCA",2020-05-15,77,2020-06-24,117,0,1
690,"HEWH",2020-05-08,77,2020-06-24,124,0,1
691,"SANI",2020-05-08,77,2020-06-24,124,1,0
693,"RHOV",2020-05-08,97,2020-06-24,144,0,1
702,"SANI",2020-05-07,83,2020-06-24,131,0,0
703,"ENCA",2020-05-07,82,2020-06-24,130,0,1
704,"RHOV",2020-05-06,95,2020-06-24,144,0,1
705,"HEWH",2020-05-06,21,2020-06-24,70,0,1
706,"RHOV",2020-05-07,96,2020-06-24,144,1,0
708,"SAAP",2020-05-06,75,2020-06-24,124,1,0
709,"ENCA",2020-05-06,91,2020-06-24,140,1,0
711,"MALA",2020-05-07,83,2020-06-24,131,1,0
713,"ENCA",2020-05-07,91,2020-06-24,139,0,1
716,"SAME",2020-05-07,66,2020-06-24,114,1,0
717,"CEOL",2020-05-07,76,2020-06-24,124,0,0
718,"SAAP",2020-05-07,76,2020-06-24,124,0,0
719,"RHOV",2020-05-07,91,2020-06-24,139,0,0
720,"CEOL",2020-05-07,76,2020-06-24,124,1,0
721,"RHOV",2020-05-07,76,2020-06-24,124,0,1
724,"ENCA",2020-05-06,91,2020-06-24,140,0,1
726,"CEOL",2020-05-06,90,2020-06-24,139,0,1
727,"RHOV",2020-05-06,95,2020-06-24,144,1,0
728,"CEOL",2020-05-06,90,2020-06-24,139,0,1
729,"HEWH",2020-05-22,107,2020-06-24,140,0,0
730,"ENCA",2020-05-06,91,2020-06-24,140,0,1
731,"HEWH",2020-05-06,91,2020-06-24,140,0,0
732,"CEOL",2020-05-06,90,2020-06-24,139,1,0
733,"RHOV",2020-05-06,91,2020-06-24,140,0,1
734,"RHOV",2020-05-06,91,2020-06-24,140,1,0
736,"ENCA",2020-05-08,92,2020-06-24,139,0,0
738,"CEOL",2020-05-07,76,2020-06-24,124,0,0
739,"RHOV",2020-05-07,76,2020-06-24,124,0,0
740,"RHOV",2020-05-07,91,2020-06-24,139,0,0
742,"HEWH",2020-05-15,84,2020-06-24,124,1,0
743,"RHOV",2020-05-15,99,2020-06-24,139,0,0
744,"CEOL",2020-05-15,84,2020-06-24,124,0,0
745,"CEOL",2020-05-08,77,2020-06-24,124,1,0
749,"RHOV",2020-05-08,77,2020-06-24,124,1,0
750,"SANI",2020-05-08,84,2020-06-24,131,1,0
751,"ENCA",2020-05-08,92,2020-06-24,139,0,1
752,"RHOV",2020-05-08,92,2020-06-24,139,1,0
753,"CEOL",2020-05-06,90,2020-06-24,139,0,0
754,"ENCA",2020-05-06,91,2020-06-24,140,1,0
756,"SAAP",2020-05-06,75,2020-06-24,124,1,0
759,"SAAP",2020-05-06,68,2020-06-24,117,1,0
760,"ENCA",2020-05-06,90,2020-06-24,139,0,0
763,"SANI",2020-05-08,84,2020-06-24,131,0,0
764,"MALA",2020-05-15,85,2020-06-24,125,1,0
765,"ADFA",2020-05-08,94,2020-06-24,141,0,0
768,"ADFA",2020-05-08,70,2020-06-24,117,0,0
770,"CEOL",2020-05-08,70,2020-06-24,117,1,0
771,"RHOV",2020-05-08,92,2020-06-24,139,0,0
772,"SAAP",2020-05-08,77,2020-06-24,124,0,0
773,"RHOV",2020-05-08,92,2020-06-24,139,0,0
774,"CEOL",2020-05-08,77,2020-06-24,124,1,0
779,"ADFA",2020-05-06,89,2020-06-24,138,0,0
780,"ADFA",2020-05-06,89,2020-06-24,138,0,1
781,"HEWH",2020-05-06,76,2020-06-24,125,1,0
782,"CEOL",2020-05-06,90,2020-06-24,139,1,0
784,"ENCA",2020-05-06,90,2020-06-24,139,0,0
786,"ADFA",2020-05-15,101,2020-06-24,141,0,0
787,"RHOV",2020-05-15,99,2020-06-24,139,0,1
788,"HEWH",2020-05-15,77,2020-06-24,117,1,0
789,"CEOL",2020-05-15,99,2020-06-24,139,1,0
791,"CEOL",2020-05-08,77,2020-06-24,124,1,0
793,"HEWH",2020-05-08,70,2020-06-24,117,0,0
794,"ADFA",2020-05-08,94,2020-06-24,141,0,0
795,"ENCA",2020-05-08,77,2020-06-24,124,0,0
796,"ENCA",2020-05-08,77,2020-06-24,124,1,0
797,"CEOL",2020-05-08,70,2020-06-24,117,0,0
798,"SAME",2020-05-08,66,2020-06-24,113,0,0
800,"ENCA",2020-05-08,70,2020-06-24,117,0,0
801,"HEWH",2020-05-08,99,2020-06-25,147,0,0
804,"MALA",2020-02-14,0,2020-06-25,132,0,0
805,"ADFA",2020-05-08,70,2020-06-24,117,0,0
806,"SAAP",2020-05-08,70,2020-06-24,117,1,0
808,"HEWH",2020-05-15,77,2020-06-24,117,1,0
809,"CEOL",2020-05-15,77,2020-06-24,117,1,0
810,"ENCA",2020-05-15,57,2020-06-24,97,0,0
811,"SAME",2020-05-15,73,2020-06-24,113,0,0
812,"HEWH",2020-05-15,77,2020-06-05,98,0,0
813,"SAAP",2020-05-15,77,2020-06-24,117,1,0
814,"ADFA",2020-05-08,94,2020-06-24,141,0,0
816,"CEOL",2020-05-08,78,2020-06-24,125,0,1
817,"HEWH",2020-05-08,78,2020-06-24,125,0,0
819,"ADFA",2020-05-08,80,2020-06-05,108,0,0
820,"SANI",2020-05-15,87,2020-06-05,108,0,0
821,"HEWH",2020-05-15,77,2020-06-05,98,0,0
822,"RHOV",2020-05-15,99,2020-06-05,120,0,0
824,"ENCA",2020-05-15,99,2020-06-05,120,0,0
825,"ENCA",2020-05-15,77,2020-06-24,117,1,0
826,"ADFA",2020-05-15,77,2020-06-24,117,0,0
827,"ENCA",2020-05-15,77,2020-06-24,117,0,0
829,"HEWH",2020-05-08,70,2020-06-24,117,0,0
830,"SAAP",2020-02-28,0,2020-06-24,117,1,0
832,"ENCA",2020-05-15,57,2020-06-05,78,0,0
834,"HEWH",2020-05-15,77,2020-06-05,98,0,0
835,"CEOL",2020-05-15,73,2020-06-05,94,1,0
836,"HEWH",2020-05-15,77,2020-06-05,98,0,0
837,"HEWH",2020-05-15,77,2020-06-05,98,0,0
839,"CEOL",2020-05-15,77,2020-06-05,98,1,0
841,"MALA",2020-05-22,84,2020-06-05,98,1,0
842,"ENCA",2020-05-15,77,2020-06-05,98,0,0
843,"RHOV",2020-05-15,77,2020-06-05,98,0,0
844,"RHOV",2020-05-22,84,2020-06-05,98,0,1
845,"HEWH",2020-05-15,77,2020-06-05,98,1,0
846,"MALA",2020-05-08,77,2020-06-05,105,0,0
848,"CEOL",2020-05-15,77,2020-06-05,98,1,0
849,"HEWH",2020-05-15,77,2020-06-05,98,0,0
850,"SANI",2020-05-15,77,2020-06-05,98,0,0
851,"HEWH",2020-05-15,77,2020-06-05,98,0,0
852,"RHOV",2020-05-15,98,2020-06-05,119,0,0
853,"SAAP",2020-05-15,73,2020-06-05,94,0,0
854,"SAME",2020-05-15,73,2020-06-05,94,1,0
857,"ENCA",2020-05-15,98,2020-06-05,119,0,0
858,"SAME",2020-05-15,73,2020-06-05,94,0,0
860,"ENCA",2020-05-15,77,2020-06-05,98,0,0
861,"RHOV",2020-05-08,92,2020-06-05,120,0,0
862,"SAME",2020-05-22,92,2020-06-05,106,0,0
863,"ENCA",2020-05-15,77,2020-06-05,98,0,0
864,"HEWH",2020-05-15,77,2020-06-05,98,0,0
865,"HEWH",2020-05-15,73,2020-06-05,94,0,0
869,"SAME",2020-05-22,92,2020-06-05,106,0,0
870,"HEWH",2020-05-15,77,2020-06-05,98,0,0
871,"HEWH",2020-05-15,77,2020-06-05,98,0,0
872,"SAAP",2020-05-15,85,2020-06-05,106,0,0
873,"ENCA",2020-05-15,90,2020-06-05,111,0,0
874,"ADFA",2020-05-15,84,2020-06-05,105,0,0
875,"SAME",2020-05-15,85,2020-06-05,106,0,0
876,"SAAP",2020-05-15,73,2020-06-05,94,0,0
878,"CEOL",2020-05-15,85,2020-06-05,106,1,0
879,"HEWH",2020-05-15,85,2020-06-05,106,0,0
881,"HEWH",2020-05-15,90,2020-06-05,111,0,0
882,"ENCA",2020-05-15,90,2020-06-05,111,0,0
883,"SAAP",2020-05-15,90,2020-06-05,111,0,0
884,"CEOL",2020-05-15,99,2020-06-05,120,0,0
885,"MALA",2020-05-15,90,2020-06-05,111,0,0
886,"HEWH",2020-05-22,91,2020-06-05,105,0,0
890,"SANI",2020-05-15,90,2020-06-05,111,0,0
891,"MALA",2020-05-15,90,2020-06-05,111,0,1
892,"HEWH",2020-05-15,85,2020-06-05,106,0,0
895,"ENCA",2020-05-15,85,2020-06-05,106,0,1
896,"SANI",2020-05-15,90,2020-06-05,111,1,0
897,"SANI",2020-05-22,92,2020-06-05,106,0,1
898,"HEWH",2020-05-15,77,2020-06-05,98,0,0
899,"CEOL",2020-05-22,92,2020-06-05,106,0,0
901,"CEOL",2020-05-15,99,2020-06-05,120,1,0
902,"ENCA",2020-05-15,85,2020-06-05,106,1,0
903,"ENCA",2020-02-28,0,2020-06-05,98,1,0
904,"RHOV",2020-02-06,0,2020-06-05,120,1,0
905,"ADFA",2020-05-15,73,2020-06-05,94,1,0
906,"SAME",2020-05-08,71,2020-06-25,119,0,0
907,"SANI",2020-05-08,84,2020-06-25,132,0,0
908,"ENCA",2020-05-08,97,2020-06-25,145,1,0
909,"HEWH",2020-05-15,77,2020-06-05,98,1,0
910,"ENCA",2020-05-15,77,2020-06-05,98,0,0
911,"SANI",2020-05-15,77,2020-06-24,117,0,0
912,"ENCA",2020-05-22,105,2020-06-05,119,0,0
913,"ENCA",2020-05-15,99,2020-06-05,120,1,0
918,"HEWH",2020-05-15,85,2020-06-05,106,1,0
919,"ADFA",2020-05-15,74,2020-06-05,95,1,0
921,"ENCA",2020-05-22,84,2020-06-05,98,0,0
924,"RHOV",2020-05-15,98,2020-06-05,119,0,0
926,"CEOL",2020-05-15,77,2020-06-05,98,1,0
927,"RHOV",2020-05-15,98,2020-06-05,119,0,0
928,"MALA",2020-05-15,73,2020-06-05,94,0,0
931,"HEWH",2020-05-15,73,2020-06-05,94,1,0
933,"CEOL",2020-05-15,73,2020-06-05,94,1,0
935,"RHOV",2020-05-15,99,2020-06-05,120,0,0
936,"ADFA",2020-05-15,84,2020-06-05,105,0,0
938,"ENCA",2020-05-15,77,2020-06-05,98,0,0
939,"CEOL",2020-05-15,77,2020-06-05,98,1,0
940,"SANI",2020-05-15,90,2020-06-05,111,0,0
941,"SAAP",2020-05-15,85,2020-06-05,106,0,0
943,"HEWH",2020-05-15,90,2020-06-05,111,0,0
944,"SANI",2020-05-15,90,2020-06-05,111,0,0
950,"SANI",2020-05-15,85,2020-06-05,106,0,0
951,"SANI",2020-05-15,84,2020-06-05,105,0,0
954,"RHOV",2020-05-15,99,2020-06-05,120,0,0
955,"RHOV",2020-05-15,98,2020-06-05,119,0,0
956,"SAAP",2020-05-15,90,2020-06-05,111,0,0
960,"ENCA",2020-05-15,84,2020-06-05,105,1,0
961,"RHOV",2020-05-15,84,2020-06-05,105,0,0
962,"HEWH",2020-05-15,84,2020-06-05,105,0,0
963,"CEOL",2020-05-15,84,2020-06-05,105,1,0
965,"HEWH",2020-05-15,85,2020-06-05,106,0,0
968,"SAAP",2020-05-15,90,2020-06-05,111,0,0
969,"HEWH",2020-05-15,84,2020-06-05,105,1,0
971,"CEOL",2020-05-15,84,2020-06-05,105,0,0
972,"ADFA",2020-05-15,84,2020-06-05,105,0,0
973,"MALA",2020-05-15,84,2020-06-05,105,0,0
974,"SANI",2020-05-15,85,2020-06-05,106,0,0
975,"CEOL",2020-02-21,0,2020-06-05,105,0,0
977,"SAAP",2020-05-15,85,2020-06-05,106,0,0
978,"RHOV",2020-05-15,99,2020-06-05,120,0,0
979,"ENCA",2020-05-08,50,2020-06-05,78,0,0
980,"ENCA",2020-05-08,50,2020-06-05,78,0,0
981,"HEWH",2020-05-15,84,2020-06-05,105,1,0
984,"HEWH",2020-05-15,85,2020-06-05,106,0,0
985,"MALA",2020-05-08,77,2020-06-05,105,0,0
987,"CEOL",2020-05-15,85,2020-06-05,106,0,0
988,"MALA",2020-05-08,83,2020-06-05,111,0,0
989,"SANI",2020-05-08,83,2020-06-05,111,1,0
990,"CEOL",2020-05-08,78,2020-06-05,106,1,0
992,"CEOL",2020-05-08,78,2020-06-05,106,0,0
993,"ADFA",2020-05-08,77,2020-06-05,105,0,1
994,"ADFA",2020-05-15,84,2020-06-05,105,0,0
997,"ENCA",2020-05-08,78,2020-06-05,106,0,0
998,"ADFA",2020-05-08,77,2020-06-05,105,0,0
1000,"RHOV",2020-05-08,91,2020-06-05,119,0,0
1001,"CEOL",2020-05-07,77,2020-06-24,125,0,0
1002,"SAME",2020-05-14,84,2020-06-25,126,0,0
1003,"MALA",2020-05-14,101,2020-06-25,143,1,0
1004,"HEWH",2020-05-13,98,2020-06-25,141,1,0
1005,"CEOL",2020-05-14,97,2020-06-25,139,1,0
1006,"HEWH",2020-05-14,99,2020-06-25,141,0,0
1007,"ADFA",2020-05-08,95,2020-06-25,143,0,0
1008,"RHOV",2020-05-13,100,2020-06-25,143,1,0
1009,"HEWH",2020-05-13,98,2020-06-25,141,0,0
1011,"RHOV",2020-05-13,99,2020-06-25,142,0,0
1012,"MALA",2020-05-08,95,2020-06-25,143,1,0
1014,"ENCA",2020-05-08,93,2020-06-26,142,0,0
1015,"ENCA",2020-05-13,97,2020-06-26,141,1,0
1017,"HEWH",2020-05-14,84,2020-06-25,126,0,0
1018,"HEWH",2020-05-14,84,2020-06-25,126,1,0
1019,"CEOL",2020-05-13,97,2020-06-25,140,0,0
1020,"SAME",2020-05-13,78,2020-06-25,121,0,0
1021,"RHOV",2020-05-13,100,2020-06-26,144,0,0
1022,"CEOL",2020-05-13,97,2020-06-26,141,0,0
1023,"CEOL",2020-05-13,97,2020-06-26,141,0,0
1024,"CEOL",2020-05-14,98,2020-06-26,141,0,0
1025,"HEWH",2020-05-14,86,2020-06-26,129,0,0
1026,"HEWH",2020-05-13,85,2020-06-26,129,0,0
1027,"CEOL",2020-05-13,97,2020-06-26,141,0,0
1028,"HEWH",2020-05-13,98,2020-06-26,142,0,0
1030,"HEWH",2020-05-13,98,2020-06-26,142,0,0
1031,"RHOV",2020-05-13,100,2020-06-26,144,0,0
1032,"ADFA",2020-05-13,76,2020-06-26,120,0,0
1033,"CEOL",2020-05-13,78,2020-06-25,121,0,0
1034,"ADFA",2020-05-14,101,2020-06-25,143,0,0
1035,"CEOL",2020-05-14,98,2020-06-25,140,1,0
1036,"RHOV",2020-05-13,76,2020-06-25,119,1,0
1037,"HEWH",2020-05-13,83,2020-06-25,126,0,0
1038,"CEOL",2020-05-13,97,2020-06-25,140,1,0
1040,"HEWH",2020-05-13,83,2020-06-25,126,0,0
1041,"HEWH",2020-05-13,85,2020-06-25,128,0,0
1042,"CEOL",2020-05-13,83,2020-06-25,126,1,0
1043,"RHOV",2020-05-13,100,2020-06-25,143,0,0
1044,"MALA",2020-05-13,85,2020-06-25,128,0,0
1045,"ENCA",2020-05-13,97,2020-06-25,140,0,0
1046,"ENCA",2020-05-13,97,2020-06-25,140,0,0
1047,"HEWH",2020-05-13,85,2020-06-25,128,0,0
1049,"CEOL",2020-05-14,97,2020-06-26,140,0,0
1050,"SAAP",2020-05-13,85,2020-06-25,128,0,0
1051,"HEWH",2020-05-14,79,2020-06-26,122,0,0
1052,"RHOV",2020-05-13,99,2020-06-26,143,0,0
1053,"MALA",2020-05-13,85,2020-06-25,128,0,0
1054,"HEWH",2020-05-13,85,2020-06-25,128,0,0
1055,"ENCA",2020-05-13,78,2020-06-25,121,0,0
1056,"HEWH",2020-05-13,78,2020-06-25,121,0,0
1057,"SAME",2020-05-13,78,2020-06-25,121,0,0
1058,"ENCA",2020-05-14,98,2020-06-26,141,0,0
1059,"MALA",2020-05-13,85,2020-06-25,128,0,0
1060,"ADFA",2020-05-13,96,2020-06-25,139,0,0
1061,"CEOL",2020-05-14,79,2020-06-25,121,0,0
1062,"CEOL",2020-05-13,78,2020-06-25,121,0,0
1063,"HEWH",2020-05-13,78,2020-06-25,121,0,0
1064,"ADFA",2020-05-13,96,2020-06-25,139,0,0
1065,"MALA",2020-05-13,82,2020-06-26,126,0,0
1066,"SANI",2020-05-13,85,2020-06-26,129,1,0
1067,"HEWH",2020-05-14,79,2020-06-26,122,0,0
1068,"HEWH",2020-05-14,79,2020-06-26,122,0,0
1069,"ENCA",2020-05-14,98,2020-06-26,141,0,0
1070,"SANI",2020-05-14,86,2020-06-26,129,0,0
1072,"RHOV",2020-05-13,99,2020-06-25,142,1,0
1073,"HEWH",2020-05-13,82,2020-06-25,125,0,0
1074,"ENCA",2020-05-13,78,2020-06-25,121,0,0
1076,"MALA",2020-05-13,82,2020-06-25,125,0,0
1078,"HEWH",2020-05-14,79,2020-06-25,121,1,0
1079,"SAAP",2020-05-13,76,2020-06-25,119,0,0
1080,"ENCA",2020-05-14,79,2020-06-25,121,0,0
1081,"CEOL",2020-05-14,79,2020-06-25,121,0,0
1082,"ENCA",2020-05-14,79,2020-06-26,122,0,0
1083,"HEWH",2020-05-14,79,2020-06-26,122,0,0
1084,"ENCA",2020-05-14,79,2020-06-26,122,0,0
1085,"RHOV",2020-05-14,83,2020-06-26,126,0,0
1086,"RHOV",2020-05-13,82,2020-06-26,126,0,0
1087,"MALA",2020-05-13,82,2020-06-26,126,1,0
1088,"RHOV",2020-05-13,78,2020-06-26,122,1,0
1089,"SANI",2020-05-13,85,2020-06-25,128,0,0
1090,"HEWH",2020-05-13,78,2020-06-25,121,0,0
1091,"HEWH",2020-05-13,78,2020-06-25,121,1,0
1092,"CEOL",2020-05-13,78,2020-06-25,121,1,0
1093,"ENCA",2020-05-13,78,2020-06-25,121,0,0
1094,"CEOL",2020-05-13,78,2020-06-25,121,0,0
1095,"ENCA",2020-05-13,76,2020-06-25,119,0,0
1096,"HEWH",2020-05-13,78,2020-06-25,121,0,0
1097,"CEOL",2020-05-13,78,2020-06-26,122,0,0
1098,"HEWH",2020-05-14,79,2020-06-26,122,0,0
1099,"CEOL",2020-05-13,78,2020-06-26,122,0,0
1100,"SANI",2020-05-13,78,2020-06-26,122,0,0
1101,"RHOV",2020-05-07,94,2020-06-25,143,0,0
1102,"RHOV",2020-05-07,94,2020-06-25,143,0,0
1103,"SAAP",2020-05-07,84,2020-06-25,133,0,0
1104,"RHOV",2020-05-08,95,2020-06-25,143,0,0
1105,"HEWH",2020-05-08,93,2020-06-25,141,0,0
1106,"RHOV",2020-05-08,95,2020-06-25,143,1,0
1107,"SANI",2020-05-08,80,2020-06-25,128,1,0
1108,"ADFA",2020-05-08,95,2020-06-25,143,1,0
1110,"HEWH",2020-05-08,93,2020-06-25,141,1,0
1111,"CEOL",2020-05-08,93,2020-06-25,141,1,0
1112,"CEOL",2020-05-08,93,2020-06-25,141,1,0
1113,"SAME",2020-05-08,71,2020-06-25,119,0,0
1114,"ENCA",2020-05-08,93,2020-06-25,141,0,0
1115,"RHOV",2020-05-08,93,2020-06-25,141,0,0
1116,"HEWH",2020-05-08,71,2020-06-25,119,0,0
1117,"ENCA",2020-05-14,99,2020-06-25,141,1,0
1118,"RHOV",2020-05-08,93,2020-06-25,141,0,0
1119,"CEOL",2020-05-08,93,2020-06-25,141,1,0
1120,"ADFA",2020-05-08,91,2020-06-25,139,0,0
1121,"CEOL",2020-05-08,93,2020-06-25,141,0,0
1122,"ENCA",2020-05-08,93,2020-06-25,141,0,0
1124,"RHOV",2020-05-08,93,2020-06-25,141,0,0
1125,"SAAP",2020-05-08,71,2020-06-25,119,1,0
1126,"CEOL",2020-05-08,93,2020-06-25,141,0,1
1127,"ADFA",2020-05-08,80,2020-06-25,128,0,0
1128,"HEWH",2020-05-08,93,2020-06-25,141,0,0
1129,"ENCA",2020-05-08,93,2020-06-25,141,1,0
1130,"SAME",2020-05-08,71,2020-06-25,119,1,0
1131,"CEOL",2020-05-08,93,2020-06-26,142,1,0
1132,"CEOL",2020-05-08,93,2020-06-26,142,1,0
1133,"ENCA",2020-05-08,93,2020-06-26,142,1,0
1134,"SAME",2020-05-08,71,2020-06-26,120,1,0
1135,"ENCA",2020-05-08,93,2020-06-25,141,0,1
1136,"ENCA",2020-05-08,93,2020-06-25,141,0,0
1139,"SAME",2020-05-13,76,2020-06-26,120,0,0
1140,"SAME",2020-05-13,76,2020-06-26,120,0,0
1141,"HEWH",2020-05-14,77,2020-06-26,120,0,0
1142,"CEOL",2020-05-14,77,2020-06-26,120,0,0
1144,"HEWH",2020-05-14,77,2020-06-26,120,0,0
1145,"SANI",2020-05-14,77,2020-06-26,120,1,0
1147,"HEWH",2020-05-14,77,2020-06-26,120,0,0
1148,"CEOL",2020-05-14,77,2020-06-26,120,1,0
1149,"SANI",2020-05-14,77,2020-06-26,120,0,0
1151,"CEOL",2020-05-14,77,2020-06-26,120,1,0
1152,"HEAR",2020-05-14,77,2020-06-26,120,1,0
1153,"MALA",2020-05-14,77,2020-06-26,120,0,0
1154,"SANI",2020-05-14,77,2020-06-26,120,0,0
1155,"SAAP",2020-05-14,77,2020-06-26,120,0,0
1156,"SAME",2020-05-14,77,2020-06-26,120,0,0
1159,"ADFA",2020-05-14,98,2020-06-26,141,0,0
1160,"HEWH",2020-05-14,77,2020-06-26,120,1,0
1167,"HEWH",2020-05-14,103,2020-06-26,146,0,0
1168,"MALA",2020-05-14,103,2020-06-26,146,1,0
1170,"CEOL",2020-05-14,98,2020-06-26,141,0,0
1171,"SANI",2020-05-14,103,2020-06-26,146,0,0
1172,"CEOL",2020-05-14,103,2020-06-26,146,1,0
1173,"SANI",2020-05-14,86,2020-06-26,129,1,0
1174,"ENCA",2020-05-14,103,2020-06-26,146,0,0
1175,"ADFA",2020-05-14,97,2020-06-26,140,0,0
1176,"ENCA",2020-05-14,86,2020-06-26,129,1,0
1177,"RHOV",2020-05-14,98,2020-06-26,141,0,0
1179,"ENCA",2020-05-14,86,2020-06-26,129,0,0
1180,"MALA",2020-05-14,84,2020-06-26,127,0,0
1181,"CEOL",2020-05-14,103,2020-06-26,146,1,0
1182,"HEWH",2020-05-14,103,2020-06-26,146,0,0
1183,"ADFA",2020-05-14,97,2020-06-26,140,0,0
1184,"CEOL",2020-05-14,98,2020-06-26,141,0,1
1185,"CEOL",2020-05-14,98,2020-06-26,141,0,0
1187,"RHOV",2020-05-14,100,2020-06-26,143,1,0
1188,"CEOL",2020-05-14,103,2020-06-26,146,0,0
1189,"CEOL",2020-05-14,103,2020-06-26,146,1,0
1190,"CEOL",2020-05-14,103,2020-06-26,146,1,0
1191,"ADFA",2020-05-14,97,2020-06-26,140,0,0
1192,"ENCA",2020-05-14,98,2020-06-26,141,0,0
1193,"SAME",2020-05-14,103,2020-06-26,146,1,0
1194,"ADFA",2020-02-07,0,2020-06-26,140,0,0
1195,"MALA",2020-05-14,72,2020-06-26,115,0,0
1196,"MALA",2020-05-14,103,2020-06-26,146,1,0
1198,"RHOV",2020-05-14,98,2020-06-26,141,0,0
1199,"SAME",2020-05-14,103,2020-06-26,146,1,0
1200,"ENCA",2020-05-14,103,2020-06-26,146,0,0
1201,"ADFA",2020-05-14,86,2020-06-25,128,1,0
1203,"HEWH",2020-05-14,101,2020-06-25,143,0,0
1204,"RHOV",2020-05-14,101,2020-06-25,143,0,0
1205,"SANI",2020-05-14,90,2020-06-25,132,0,0
1207,"SANI",2020-05-14,90,2020-06-25,132,1,0
1209,"ADFA",2020-05-22,109,2020-06-25,143,1,0
1211,"SANI",2020-05-07,83,2020-06-25,132,0,0
1212,"CEOL",2020-05-07,83,2020-06-25,132,0,0
1213,"ENCA",2020-05-14,84,2020-06-25,126,0,0
1215,"RHOV",2020-05-13,100,2020-06-25,143,0,0
1218,"MALA",2020-05-13,71,2020-06-25,114,0,0
1219,"CEOL",2020-05-14,90,2020-06-25,132,1,0
1220,"SAAP",2020-05-07,83,2020-06-25,132,1,0
1221,"ENCA",2020-05-14,77,2020-06-25,119,1,0
1222,"ADFA",2020-05-14,83,2020-06-25,125,0,0
1223,"HEWH",2020-05-14,77,2020-06-25,119,0,0
1224,"ADFA",2020-05-22,91,2020-06-25,125,0,0
1225,"MALA",2020-05-14,90,2020-06-25,132,1,0
1226,"ENCA",2020-05-14,103,2020-06-26,146,0,0
1227,"ADFA",2020-05-13,99,2020-06-25,142,0,0
1228,"CEOL",2020-05-13,102,2020-06-26,146,1,0
1231,"HEAR",2020-05-14,103,2020-06-26,146,1,0
1232,"HEWH",2020-05-14,103,2020-06-26,146,0,1
1234,"CEOL",2020-05-13,102,2020-06-26,146,0,0
1235,"MALA",2020-05-22,80,2020-06-26,115,0,0
1236,"RHOV",2020-05-13,102,2020-06-25,145,1,0
1237,"RHOV",2020-05-13,102,2020-06-26,146,1,0
1238,"ADFA",2020-05-14,100,2020-06-26,143,0,0
1239,"ADFA",2020-05-13,82,2020-06-26,126,1,0
1240,"ADFA",2020-05-14,83,2020-06-26,126,1,0
1241,"HEWH",2020-05-14,103,2020-06-26,146,0,0
1242,"SANI",2020-05-14,86,2020-06-26,129,0,0
1244,"RHOV",2020-05-22,108,2020-06-25,142,0,0
1245,"ADFA",2020-05-08,77,2020-06-25,125,0,0
1246,"SANI",2020-05-14,86,2020-06-25,128,0,0
1248,"SANI",2020-05-14,86,2020-06-25,128,0,0
1249,"ADFA",2020-05-22,91,2020-06-25,125,1,0
1250,"RHOV",2020-05-22,108,2020-06-25,142,1,0
1251,"ENCA",2020-05-14,72,2020-06-25,114,0,0
1252,"HEWH",2020-05-14,72,2020-06-25,114,0,0
1253,"RHOV",2020-05-22,108,2020-06-25,142,0,0
1255,"RHOV",2020-05-14,100,2020-06-25,142,0,0
1256,"HEWH",2020-05-14,73,2020-06-25,115,0,0
1257,"RHOV",2020-05-13,83,2020-06-25,126,0,0
1258,"RHOV",2020-05-14,100,2020-06-25,142,0,0
1259,"CEOL",2020-05-14,84,2020-06-25,126,1,0
1260,"RHOV",2020-05-14,100,2020-06-25,142,1,0
1262,"MALA",2020-05-14,83,2020-06-25,125,0,0
1263,"SANI",2020-05-14,86,2020-06-25,128,1,0
1264,"RHOV",2020-05-14,97,2020-06-25,139,0,0
1265,"HEWH",2020-05-07,92,2020-06-25,141,1,0
1266,"RHOV",2020-05-07,94,2020-06-25,143,0,0
1267,"CEOL",2020-05-07,92,2020-06-25,141,1,0
1268,"HEWH",2020-05-08,93,2020-06-25,141,1,0
1271,"SAME",2020-02-03,0,2020-06-25,143,0,1
1272,"ENCA",2020-02-05,0,2020-06-25,141,0,1
1273,"ENCA",2020-02-05,0,2020-06-25,141,0,0
1274,"ADFA",2020-05-14,101,2020-06-25,143,1,0
1275,"ADFA",2020-05-07,93,2020-06-24,141,1,0
1276,"RHOV",2020-05-07,41,2020-06-24,89,1,0
1277,"MALA",2020-05-22,91,2020-06-25,125,0,0
1278,"SANI",2020-05-14,86,2020-06-25,128,0,0
1279,"HEWH",2020-05-14,72,2020-06-25,114,0,0
1280,"SANI",2020-05-14,83,2020-06-25,125,0,0
1281,"CEOL",2020-05-14,73,2020-06-25,115,0,0
1282,"CEOL",2020-03-02,0,2020-06-25,115,1,0
1283,"ENCA",2020-02-21,0,2020-06-25,125,1,0
1284,"HEWH",2020-05-22,80,2020-06-25,114,0,0
1285,"CEOL",2020-05-14,98,2020-06-25,140,0,0
1286,"HEWH",2020-05-08,71,2020-06-25,119,0,0
1287,"HEWH",2020-05-14,77,2020-06-25,119,1,0
1288,"SAAP",2020-05-08,85,2020-06-25,133,1,0
1289,"ADFA",2020-05-08,77,2020-06-25,125,0,0
1291,"SAME",2020-05-14,72,2020-06-25,114,0,0
1292,"ENCA",2020-05-14,72,2020-06-25,114,0,0
1293,"HEWH",2020-05-14,73,2020-06-25,115,0,0
1294,"RHOV",2020-05-14,97,2020-06-25,139,0,0
1296,"MALA",2020-05-14,83,2020-06-25,125,0,0
1297,"HEWH",2020-05-14,72,2020-06-25,114,0,0
1298,"ADFA",2020-05-22,91,2020-06-25,125,0,0
1299,"CEOL",2020-05-22,91,2020-06-25,125,0,0
1301,"ADFA",2020-05-13,100,2020-06-26,144,0,0
1302,"HEWH",2020-05-13,85,2020-06-26,129,0,0
1303,"ENCA",2020-05-13,97,2020-06-26,141,0,0
1304,"ENCA",2020-05-13,97,2020-06-26,141,0,0
1305,"ADFA",2020-05-13,96,2020-06-26,140,0,0
1306,"MALA",2020-05-13,76,2020-06-26,120,0,0
1307,"SAAP",2020-05-22,111,2020-06-26,146,0,0
1308,"ENCA",2020-05-13,76,2020-06-26,120,0,0
1310,"RHOV",2020-05-13,97,2020-06-26,141,0,0
1311,"HEWH",2020-05-13,102,2020-06-26,146,1,0
1312,"RHOV",2020-05-13,97,2020-06-26,141,0,0
1313,"RHOV",2020-05-13,97,2020-06-26,141,0,0
1314,"SAME",2020-05-13,102,2020-06-26,146,1,0
1315,"ENCA",2020-05-13,97,2020-06-26,141,0,0
1316,"SAME",2020-05-08,97,2020-06-26,146,0,0
1317,"HEWH",2020-05-08,97,2020-06-26,146,0,0
1318,"SANI",2020-05-13,102,2020-06-26,146,0,0
1319,"SAAP",2020-05-13,102,2020-06-26,146,1,0
1320,"SAME",2020-05-13,102,2020-06-26,146,0,0
1321,"CEOL",2020-05-13,97,2020-06-26,141,0,0
1322,"RHOV",2020-05-13,97,2020-06-26,141,0,0
1323,"HEWH",2020-05-13,102,2020-06-26,146,0,0
1324,"SAME",2020-05-13,102,2020-06-26,146,0,0
1325,"SAME",2020-05-13,102,2020-06-26,146,0,0
1326,"MALA",2020-05-13,102,2020-06-26,146,0,0
1327,"SANI",2020-05-13,102,2020-06-26,146,1,0
1328,"SAME",2020-05-13,102,2020-06-26,146,0,0
1329,"HEWH",2020-05-13,102,2020-06-26,146,0,0
1330,"ENCA",2020-05-13,97,2020-06-26,141,0,0
1331,"SAME",2020-05-13,102,2020-06-26,146,0,0
1332,"ENCA",2020-05-13,97,2020-06-26,141,0,0
1333,"HEWH",2020-05-13,102,2020-06-26,146,0,0
1334,"HEWH",2020-05-13,102,2020-06-26,146,0,0
1335,"ENCA",2020-05-13,102,2020-06-26,146,1,0
1338,"CEOL",2020-05-13,97,2020-06-26,141,0,0
1339,"HEWH",2020-05-13,85,2020-06-26,129,0,0
1340,"CEOL",2020-05-13,97,2020-06-26,141,1,0
1341,"SANI",2020-05-13,85,2020-06-26,129,1,0
1342,"ENCA",2020-05-13,102,2020-06-26,146,0,0
1343,"SAAP",2020-05-13,85,2020-06-26,129,0,0
1344,"CEOL",2020-05-13,97,2020-06-26,141,1,0
1345,"RHOV",2020-05-13,97,2020-06-26,141,0,0
1346,"HEWH",2020-05-13,102,2020-06-26,146,0,0
1347,"ADFA",2020-05-13,97,2020-06-26,141,0,0
1349,"SAME",2020-05-13,71,2020-06-26,115,0,0
1350,"RHOV",2020-05-13,97,2020-06-26,141,0,0
1351,"ADFA",2020-05-13,97,2020-06-26,141,0,0
1352,"CEOL",2020-05-13,97,2020-06-26,141,1,0
1353,"RHOV",2020-05-13,97,2020-06-26,141,1,0
1354,"HEWH",2020-05-13,85,2020-06-26,129,0,0
1355,"SANI",2020-05-13,85,2020-06-26,129,0,0
1356,"RHOV",2020-05-13,97,2020-06-26,141,0,0
1357,"ENCA",2020-05-13,102,2020-06-26,146,1,0
1358,"CEOL",2020-05-13,97,2020-06-26,141,1,0
1360,"CEOL",2020-05-14,103,2020-06-26,146,1,0
1361,"ENCA",2020-05-14,103,2020-06-26,146,1,0
1362,"ADFA",2020-05-14,103,2020-06-26,146,0,0
1365,"ENCA",2020-05-14,103,2020-06-26,146,1,0
1366,"SAAP",2020-05-14,103,2020-06-26,146,0,0
1367,"RHOV",2020-05-14,98,2020-06-26,141,0,0
1369,"ENCA",2020-05-14,98,2020-06-26,141,0,0
1370,"HEWH",2020-05-14,86,2020-06-26,129,0,1
1371,"CEOL",2020-05-14,98,2020-06-26,141,0,1
1372,"HEWH",2020-05-14,86,2020-06-26,129,0,0
1373,"MALA",2020-05-14,83,2020-06-26,126,0,0
1375,"CEOL",2020-05-14,103,2020-06-26,146,1,0
1376,"HEAR",2020-05-14,103,2020-06-26,146,0,0
1377,"SANI",2020-05-14,86,2020-06-26,129,0,0
1379,"HEWH",2020-05-14,103,2020-06-26,146,0,1
1380,"RHOV",2020-05-14,97,2020-06-26,140,1,0
1381,"CEOL",2020-05-14,103,2020-06-26,146,1,0
1382,"SAME",2020-05-14,103,2020-06-26,146,1,0
1383,"RHOV",2020-05-22,91,2020-06-25,125,0,0
1384,"CEOL",2020-05-22,92,2020-06-25,126,0,0
1387,"CEOL",2020-05-14,72,2020-06-26,115,0,0
1388,"CEOL",2020-05-14,103,2020-06-26,146,1,0
1389,"HEWH",2020-05-14,103,2020-06-26,146,0,1
1390,"RHOV",2020-05-07,41,2020-06-25,90,0,0
1391,"CEOL",2020-05-22,111,2020-06-26,146,1,0
1392,"CEOL",2020-05-22,81,2020-06-26,116,0,0
1393,"SANI",2020-05-13,83,2020-06-25,126,0,0
1394,"ADFA",2020-05-14,83,2020-06-26,126,0,0
1395,"ADFA",2020-05-14,83,2020-06-26,126,0,0
1396,"HEWH",2020-05-14,103,2020-06-26,146,0,1
1398,"HEWH",2020-05-14,103,2020-06-26,146,0,0
1399,"RHOV",2020-05-14,98,2020-06-26,141,0,0
1400,"SAAP",2020-05-14,76,2020-06-26,119,0,0
1401,"CEOL",2020-05-22,92,2020-06-25,126,0,0
1402,"RHOV",2020-05-22,56,2020-06-25,90,0,0
1403,"MALA",2020-05-14,83,2020-06-26,126,0,0
1404,"HEAR",2020-05-06,63,2020-06-05,93,1,0
1405,"RHOV",2020-05-14,98,2020-06-26,141,0,1
1406,"CEOL",2020-05-14,76,2020-06-26,119,0,0
1407,"HEAR",2020-05-06,63,2020-06-05,93,0,0
1409,"HEAR",2020-05-06,63,2020-06-05,93,1,0
1410,"HEAR",2020-05-06,63,2020-06-05,93,0,0
1411,"HEAR",2020-05-06,63,2020-06-05,93,0,0
1412,"RHOV",2020-05-14,98,2020-06-26,141,0,0
1413,"RHOV",2020-05-14,48,2020-06-26,91,0,0
1414,"RHOV",2020-05-14,98,2020-06-26,141,0,0
1417,"HEAR",2020-05-06,63,2020-06-05,93,0,0
1418,"ADFA",2020-05-14,83,2020-06-26,126,0,0
1419,"SAAP",2020-05-14,103,2020-06-26,146,1,0
1421,"HEAR",2020-05-06,63,2020-06-05,93,0,0
1423,"HEAR",2020-05-07,64,2020-06-05,93,0,0
1425,"HEAR",2020-05-06,63,2020-06-05,93,0,0
1428,"HEAR",2020-05-07,64,2020-06-24,112,1,0
1429,"HEAR",2020-05-07,64,2020-06-05,93,1,0
1432,"HEAR",2020-05-08,65,2020-06-24,112,0,0
1435,"HEAR",2020-05-08,65,2020-06-24,112,1,0
1436,"HEAR",2020-03-04,0,2020-06-24,112,0,0
1437,"HEAR",2020-05-07,64,2020-06-24,112,0,0
1440,"HEAR",2020-05-06,62,2020-06-25,112,1,0
1441,"HEAR",2020-03-05,0,2020-06-25,112,0,0
1444,"HEAR",2020-05-08,64,2020-06-25,112,1,0
1446,"HEAR",2020-05-07,63,2020-06-24,111,1,0
1447,"HEAR",2020-05-07,64,2020-06-24,112,1,0
1448,"HEAR",2020-05-07,63,2020-06-24,111,1,0
1450,"HEAR",2020-05-07,64,2020-06-24,112,1,0
1453,"HEAR",2020-05-07,64,2020-06-24,112,0,0
1454,"HEAR",2020-05-06,62,2020-06-25,112,1,0
1455,"HEAR",2020-05-06,63,2020-06-24,112,1,0
1456,"HEAR",2020-05-06,63,2020-06-24,112,0,0
1457,"HEAR",2020-05-07,64,2020-06-24,112,1,0
1458,"HEAR",2020-05-08,64,2020-06-25,112,0,0
1459,"HEAR",2020-05-07,63,2020-06-24,111,0,0
1460,"HEAR",2020-05-07,63,2020-06-24,111,0,0
1461,"HEAR",2020-05-07,63,2020-06-25,112,0,0
1462,"ADFA",2020-05-07,63,2020-06-24,111,1,0
1463,"ADFA",2020-05-07,63,2020-06-24,111,0,0
1464,"ADFA",2020-05-14,70,2020-06-25,112,0,0
1465,"ADFA",2020-05-07,63,2020-06-24,111,0,0
1466,"ADFA",2020-05-07,63,2020-06-24,111,0,1
1467,"ADFA",2020-05-07,63,2020-06-24,111,0,0
1468,"ADFA",2020-05-06,62,2020-06-05,92,0,0
1469,"ADFA",2020-05-07,63,2020-06-24,111,0,0
1470,"ADFA",2020-05-07,63,2020-06-24,111,0,0
1471,"ADFA",2020-05-06,62,2020-06-24,111,0,0
1472,"ADFA",2020-05-06,62,2020-06-05,92,0,0
1473,"ADFA",2020-05-06,62,2020-06-05,92,0,0
1474,"ADFA",2020-05-06,62,2020-06-05,92,0,0
1476,"ADFA",2020-05-06,62,2020-06-05,92,0,0
1477,"ADFA",2020-05-07,63,2020-06-05,92,0,0
1479,"SANI",2020-05-06,61,2020-06-05,91,0,0
1480,"HEAR",2020-05-08,64,2020-06-05,92,0,1
1482,"HEAR",2020-05-15,71,2020-06-05,92,0,0
1483,"HEAR",2020-05-15,71,2020-06-05,92,1,0
1484,"HEAR",2020-05-15,71,2020-06-05,92,1,0
1485,"HEAR",2020-05-08,64,2020-06-24,111,1,0
1486,"HEAR",2020-05-07,63,2020-06-24,111,0,0
1492,"HEAR",2020-05-07,63,2020-06-24,111,1,0
1494,"HEAR",2020-05-06,62,2020-06-24,111,0,1
1495,"HEAR",2020-05-07,63,2020-06-24,111,1,0
1500,"HEAR",2020-05-07,63,2020-06-25,112,1,0
1501,"SAME",2020-03-06,0,2020-06-05,91,0,0
1503,"SAME",2020-05-06,61,2020-06-26,112,0,0
1507,"HEAR",2020-05-06,62,2020-06-25,112,1,0
1508,"HEAR",2020-05-07,63,2020-06-25,112,1,0
1510,"HEAR",2020-05-22,74,2020-06-24,107,0,0
1511,"HEAR",2020-05-07,63,2020-06-24,111,0,0
1513,"HEAR",2020-05-07,63,2020-06-24,111,1,0
1514,"HEAR",2020-05-13,69,2020-06-25,112,1,0
1515,"HEAR",2020-05-07,63,2020-06-25,112,1,0
1517,"SAME",2020-05-13,69,2020-06-25,112,0,0
1518,"HEAR",2020-05-08,64,2020-06-24,111,0,0
1519,"HEAR",2020-05-06,62,2020-06-24,111,1,0
1520,"HEAR",2020-05-06,62,2020-06-25,112,1,0
1521,"HEAR",2020-03-05,0,2020-06-26,113,1,0
1523,"HEAR",2020-05-13,69,2020-06-26,113,0,0
1524,"HEAR",2020-05-13,69,2020-06-26,113,0,0
1525,"HEAR",2020-05-08,64,2020-06-25,112,1,0
1526,"HEAR",2020-03-05,0,2020-06-26,113,0,0
1527,"HEAR",2020-05-08,64,2020-06-25,112,1,0
1528,"HEAR",2020-05-13,69,2020-06-26,113,1,0
1531,"SANI",2020-05-07,62,2020-06-25,111,1,0
1532,"SAME",2020-05-07,62,2020-06-25,111,1,0
1533,"SANI",2020-05-06,61,2020-06-25,111,1,0
1534,"SANI",2020-05-07,62,2020-06-24,110,0,0
1537,"HEAR",2020-05-14,70,2020-06-26,113,1,0
1539,"HEAR",2020-05-14,70,2020-06-26,113,1,0
1540,"SANI",2020-05-07,62,2020-06-25,111,0,0
1541,"SANI",2020-05-08,63,2020-06-24,110,0,1
1542,"SAME",2020-05-07,62,2020-06-24,110,0,0
1543,"SAME",2020-05-06,61,2020-06-24,110,0,0
1544,"SANI",2020-05-07,62,2020-06-24,110,1,0
1545,"SAME",2020-05-06,61,2020-06-24,110,0,0
1546,"SAME",2020-05-06,61,2020-06-25,111,0,0
1547,"SANI",2020-05-07,62,2020-06-24,110,0,1
1548,"SANI",2020-05-06,61,2020-06-25,111,0,1
1549,"SAME",2020-05-06,61,2020-06-25,111,0,0
1550,"SANI",2020-05-22,77,2020-06-24,110,1,0
1551,"SANI",2020-05-06,61,2020-06-24,110,0,0
1552,"SANI",2020-05-08,63,2020-06-25,111,0,0
1553,"SANI",2020-05-08,63,2020-06-25,111,0,1
1554,"SAME",2020-05-08,63,2020-06-25,111,0,1
1555,"SAME",2020-05-08,63,2020-06-26,112,0,0
1557,"SANI",2020-05-13,68,2020-06-26,112,0,0
1558,"SAME",2020-05-13,68,2020-06-26,112,0,0
1559,"SANI",2020-05-13,68,2020-06-26,112,0,0
1560,"SANI",2020-05-13,68,2020-06-26,112,1,0
1561,"SANI",2020-05-13,68,2020-06-26,112,1,0
1562,"SAME",2020-05-13,68,2020-06-26,112,0,0
1567,"SAME",2020-05-14,69,2020-06-26,112,0,1
1568,"SANI",2020-05-14,69,2020-06-26,112,1,0
1569,"SANI",2020-05-14,69,2020-06-26,112,0,0
1570,"SAME",2020-05-07,62,2020-06-26,112,0,1
1571,"SANI",2020-05-14,69,2020-06-26,112,0,0
1574,"SANI",2020-05-06,61,2020-06-25,111,0,0
1575,"SAME",2020-05-07,62,2020-06-05,91,0,0
1576,"SANI",2020-05-22,77,2020-06-25,111,1,0
1577,"SANI",2020-05-07,62,2020-06-25,111,1,0
1579,"SANI",2020-05-07,62,2020-06-24,110,0,0
1580,"SAME",2020-05-07,62,2020-06-24,110,0,0
1581,"SANI",2020-05-07,62,2020-06-25,111,0,1
1582,"SAME",2020-05-22,77,2020-06-25,111,0,0
1583,"SAME",2020-05-06,61,2020-06-24,110,1,0
1584,"SAME",2020-05-06,61,2020-06-24,110,0,1
1585,"SANI",2020-05-06,61,2020-06-24,110,0,0
1587,"SANI",2020-05-06,61,2020-06-24,110,1,0
1588,"SAME",2020-05-14,69,2020-06-24,110,1,0
1589,"SANI",2020-05-08,63,2020-06-25,111,0,0
1590,"HEAR",2020-05-15,67,2020-06-05,88,0,0
1592,"HEAR",2020-05-08,60,2020-06-05,88,1,0
1593,"HEAR",2020-05-15,67,2020-06-24,107,1,0
1594,"SANI",2020-05-07,59,2020-06-24,107,0,0
1595,"SAME",2020-05-07,59,2020-06-24,107,1,0
1596,"SAME",2020-05-08,60,2020-06-24,107,0,0
1598,"SAME",2020-05-08,60,2020-06-24,107,1,0
1599,"SANI",2020-05-07,62,2020-06-05,91,0,0
1600,"SANI",2020-05-06,61,2020-06-24,110,0,0
1601,"SAME",2020-05-22,74,2020-06-05,88,0,0
1602,"SANI",2020-05-15,67,2020-06-05,88,0,1
1604,"SAME",2020-05-06,58,2020-06-24,107,0,0
1605,"HEAR",2020-05-15,67,2020-06-05,88,0,1
1606,"SAME",2020-05-08,60,2020-06-24,107,0,1
1607,"SANI",2020-05-07,59,2020-06-25,108,1,0
1608,"SAME",2020-05-07,59,2020-06-24,107,1,0
1609,"SANI",2020-05-08,60,2020-06-25,108,1,0
1610,"SAME",2020-05-08,60,2020-06-24,107,0,0
1611,"SANI",2020-05-08,60,2020-06-24,107,1,0
1612,"SAME",2020-05-07,59,2020-06-25,108,0,1
1613,"SANI",2020-05-08,60,2020-06-24,107,0,0
1614,"ADFA",2020-05-14,66,2020-06-26,109,1,0
1615,"SAME",2020-05-06,58,2020-06-25,108,1,0
1617,"ADFA",2020-05-14,66,2020-06-26,109,0,0
1618,"HEAR",2020-05-15,67,2020-06-05,88,1,0
1620,"ADFA",2020-05-14,66,2020-06-25,108,0,0
1621,"ADFA",2020-05-13,65,2020-06-26,109,0,0
1622,"ADFA",2020-05-14,66,2020-06-26,109,0,0
1623,"ADFA",2020-05-14,66,2020-06-26,109,0,0
1624,"ADFA",2020-05-13,65,2020-06-25,108,0,0
1625,"ADFA",2020-05-13,65,2020-06-25,108,1,0
1627,"ADFA",2020-05-07,50,2020-06-25,99,0,0
1628,"ADFA",2020-05-06,49,2020-06-24,98,1,0
1629,"HEAR",2020-05-07,50,2020-06-24,98,1,0
1630,"ADFA",2020-05-07,50,2020-06-24,98,0,1
1631,"ADFA",2020-05-07,50,2020-06-25,99,0,0
1632,"ADFA",2020-05-08,51,2020-06-25,99,0,0
1633,"ADFA",2020-05-08,51,2020-06-25,99,0,0
1634,"HEAR",2020-05-06,49,2020-06-25,99,0,0
1635,"ADFA",2020-05-06,49,2020-06-25,99,0,0
1636,"ADFA",2020-03-18,0,2020-06-24,98,0,0
1638,"HEAR",2020-05-15,57,2020-06-24,97,1,0
1639,"ADFA",2020-05-15,57,2020-06-05,78,0,0
1640,"SANI",2020-05-14,48,2020-06-25,90,0,0
1641,"ADFA",2020-05-15,57,2020-06-05,78,0,0
1643,"HEAR",2020-05-15,57,2020-06-05,78,0,0
1644,"ADFA",2020-05-07,49,2020-06-24,97,0,1
1646,"ADFA",2020-05-08,50,2020-06-24,97,0,0
1647,"SAME",2020-05-08,42,2020-06-25,90,0,1
1648,"SANI",2020-05-14,48,2020-06-26,91,1,0
1649,"SAME",2020-05-14,48,2020-06-26,91,0,0
1650,"SANI",2020-05-14,48,2020-06-26,91,0,0
1651,"SAME",2020-05-08,42,2020-06-25,90,0,0
1653,"SAME",2020-05-07,41,2020-06-24,89,0,0
1654,"SANI",2020-05-08,42,2020-06-24,89,0,0
1655,"SAME",2020-05-15,49,2020-06-05,70,1,0
1656,"SAME",2020-05-06,40,2020-06-05,70,0,0
1657,"SANI",2020-05-06,40,2020-06-25,90,0,1
1658,"SANI",2020-05-22,56,2020-06-25,90,0,0
1659,"SAME",2020-05-06,40,2020-06-25,90,0,1
1662,"SAME",2020-05-07,41,2020-06-25,90,0,1
1663,"SANI",2020-05-07,41,2020-06-24,89,0,1
1664,"SANI",2020-05-15,49,2020-06-05,70,0,0
1665,"SANI",2020-05-06,40,2020-06-24,89,1,0
1666,"SAME",2020-05-06,40,2020-06-24,89,1,0
1,"ENCA",2020-06-05,140,2020-10-27,284,0,0
2,"CEOL",2020-06-05,140,2020-10-27,284,0,0
3,"ENCA",2020-06-05,140,2020-10-27,284,0,0
4,"ENCA",2020-06-05,140,2020-10-27,284,0,0
5,"CEOL",2020-06-05,70,2020-10-27,214,0,0
7,"SAME",2020-06-05,106,2020-10-27,250,0,0
10,"RHOV",2020-06-05,140,2020-10-27,284,0,0
13,"HEWH",2020-06-05,140,2020-10-27,284,0,0
14,"HEWH",2020-06-05,140,2020-10-27,284,1,0
15,"CEOL",2020-06-05,140,2020-10-27,284,1,0
17,"SAAP",2020-06-05,113,2020-10-27,257,1,0
18,"SAME",2020-06-05,106,2020-10-27,250,1,0
19,"ENCA",2020-06-05,140,2020-10-27,284,0,0
21,"SAAP",2020-06-05,113,2020-10-27,257,0,0
23,"ENCA",2020-06-05,140,2020-10-27,284,0,0
24,"HEWH",2020-06-05,140,2020-10-27,284,0,0
26,"ENCA",2020-06-05,78,2020-10-27,222,0,0
27,"SAME",2020-06-05,106,2020-10-27,250,0,0
29,"SANI",2020-06-05,112,2020-10-27,256,1,0
31,"CEOL",2020-06-05,132,2020-10-27,276,1,0
34,"ADFA",2020-06-05,136,2020-10-27,280,1,0
35,"ADFA",2020-06-05,136,2020-10-27,280,0,0
37,"MALA",2020-06-05,113,2020-10-27,257,1,0
38,"HEWH",2020-06-05,139,2020-10-27,283,0,0
40,"CEOL",2020-06-05,132,2020-10-27,276,1,0
41,"CEOL",2020-06-05,132,2020-10-27,276,0,0
42,"HEWH",2020-06-05,139,2020-10-27,283,1,0
43,"ENCA",2020-06-05,139,2020-10-27,283,1,0
44,"ENCA",2020-06-05,139,2020-10-27,283,1,0
45,"ENCA",2020-06-05,139,2020-10-27,283,1,0
48,"RHOV",2020-06-05,139,2020-10-27,283,1,0
49,"HEWH",2020-06-05,139,2020-10-27,283,1,0
51,"SAAP",2020-06-05,113,2020-10-27,257,0,0
52,"HEWH",2020-06-05,139,2020-10-27,283,1,0
53,"ADFA",2020-06-05,136,2020-10-27,280,0,0
54,"CEOL",2020-06-05,132,2020-10-27,276,1,0
57,"ENCA",2020-06-05,139,2020-10-27,283,1,0
58,"CEOL",2020-06-05,132,2020-12-03,313,1,0
59,"MALA",2020-06-05,113,2020-10-27,257,1,0
61,"ENCA",2020-06-05,139,2020-10-27,283,1,0
64,"SANI",2020-06-05,113,2020-10-27,257,0,0
67,"CEOL",2020-06-05,132,2020-10-27,276,1,0
68,"HEWH",2020-06-05,139,2020-10-27,283,1,0
69,"HEWH",2020-06-05,139,2020-10-27,283,0,0
72,"MALA",2020-06-05,112,2020-10-27,256,1,0
76,"HEWH",2020-06-05,139,2020-10-27,283,1,0
77,"RHOV",2020-06-05,139,2020-10-27,283,1,0
78,"ENCA",2020-06-05,139,2020-10-27,283,1,0
79,"SAAP",2020-06-05,113,2020-10-27,257,1,0
80,"MALA",2020-06-05,113,2020-10-27,257,1,0
81,"SAAP",2020-06-05,113,2020-10-27,257,1,0
82,"CEOL",2020-06-05,106,2020-10-27,250,1,0
83,"SAAP",2020-06-05,113,2020-10-27,257,1,0
84,"RHOV",2020-06-05,136,2020-10-27,280,1,0
85,"CEOL",2020-06-05,132,2020-10-27,276,1,0
86,"CEOL",2020-06-05,106,2020-10-27,250,1,0
87,"ENCA",2020-06-05,136,2020-10-27,280,1,0
88,"SAAP",2020-06-05,112,2020-10-27,256,1,0
90,"ADFA",2020-06-05,136,2020-10-27,280,1,0
91,"RHOV",2020-06-05,136,2020-10-27,280,0,0
92,"ENCA",2020-06-05,139,2020-10-27,283,1,0
97,"SAAP",2020-06-05,113,2020-10-27,257,1,0
99,"CEOL",2020-06-05,132,2020-10-27,276,1,0
100,"SAAP",2020-06-05,112,2020-10-27,256,1,0
103,"ENCA",2020-06-05,140,2020-10-27,284,0,0
104,"ADFA",2020-06-05,140,2020-10-27,284,0,0
105,"MALA",2020-06-05,113,2020-10-27,257,0,0
106,"RHOV",2020-06-05,140,2020-10-27,284,0,0
107,"MALA",2020-06-05,113,2020-10-27,257,1,0
109,"RHOV",2020-06-05,140,2020-10-27,284,0,0
110,"RHOV",2020-06-05,140,2020-10-27,284,0,0
111,"SAAP",2020-06-05,113,2020-10-27,257,1,0
112,"HEWH",2020-06-05,140,2020-10-27,284,1,0
113,"ADFA",2020-06-05,140,2020-10-27,284,0,0
115,"CEOL",2020-06-05,140,2020-10-27,284,0,0
117,"SAME",2020-06-05,106,2020-10-27,250,0,0
118,"SAAP",2020-06-05,113,2020-10-27,257,1,0
122,"CEOL",2020-06-05,113,2020-10-27,257,1,0
124,"RHOV",2020-06-05,140,2020-10-27,284,1,0
125,"CEOL",2020-06-05,140,2020-10-27,284,1,0
127,"CEOL",2020-06-05,140,2020-10-27,284,0,0
129,"ENCA",2020-06-05,140,2020-10-27,284,0,0
130,"RHOV",2020-06-05,139,2020-10-27,283,0,0
132,"RHOV",2020-06-05,140,2020-10-27,284,1,0
133,"HEWH",2020-06-05,140,2020-10-27,284,0,0
134,"ENCA",2020-06-05,140,2020-10-27,284,0,0
135,"SAAP",2020-06-05,113,2020-10-27,257,0,0
136,"ENCA",2020-06-05,139,2020-10-27,283,1,0
137,"SAAP",2020-06-05,113,2020-10-27,257,1,0
138,"ADFA",2020-06-05,136,2020-10-27,280,0,0
139,"ADFA",2020-06-05,136,2020-10-27,280,0,0
140,"SANI",2020-06-05,112,2020-10-27,256,1,0
141,"HEWH",2020-06-05,136,2020-10-27,280,0,0
142,"RHOV",2020-06-05,136,2020-10-27,280,0,0
147,"RHOV",2020-06-05,139,2020-10-27,283,1,0
151,"ENCA",2020-06-05,139,2020-10-27,283,1,0
152,"CEOL",2020-06-05,132,2020-10-27,276,1,0
155,"SAAP",2020-06-05,112,2020-10-27,256,0,0
156,"HEAR",2020-06-05,99,2020-10-27,243,0,0
160,"HEWH",2020-06-05,106,2020-10-27,250,1,0
162,"HEWH",2020-06-24,158,2020-10-27,283,0,0
163,"ADFA",2020-06-05,136,2020-11-05,289,1,0
164,"HEWH",2020-06-05,139,2020-11-05,292,0,0
166,"SAME",2020-06-24,125,2020-10-27,250,1,0
167,"HEWH",2020-06-24,158,2020-10-27,283,1,0
168,"RHOV",2020-06-24,158,2020-10-27,283,0,0
169,"HEWH",2020-06-24,155,2020-10-27,280,1,0
170,"CEOL",2020-06-24,155,2020-10-27,280,1,0
171,"RHOV",2020-06-24,89,2020-10-27,214,0,0
174,"ADFA",2020-06-24,141,2020-11-05,275,0,0
176,"HEWH",2020-06-24,151,2020-11-05,285,1,0
177,"HEWH",2020-06-24,155,2020-10-27,280,0,0
181,"HEWH",2020-06-24,151,2020-11-05,285,1,0
182,"HEWH",2020-06-24,151,2020-11-05,285,0,0
185,"ENCA",2020-06-24,155,2020-10-27,280,1,0
187,"HEWH",2020-06-24,155,2020-10-27,280,0,0
188,"HEWH",2020-06-24,146,2020-10-27,271,0,0
190,"CEOL",2020-06-24,140,2020-11-05,274,1,0
194,"SANI",2020-06-24,132,2020-11-05,266,1,0
199,"HEWH",2020-06-24,155,2020-10-27,280,1,0
200,"HEWH",2020-06-24,151,2020-10-27,276,0,0
205,"CEOL",2020-06-24,151,2020-10-27,276,1,0
206,"SAAP",2020-06-24,125,2020-11-05,259,0,0
209,"HEWH",2020-06-24,155,2020-11-05,289,1,0
210,"ADFA",2020-06-24,155,2020-10-27,280,1,0
211,"HEWH",2020-06-24,155,2020-11-05,289,1,0
215,"CEOL",2020-06-24,151,2020-10-27,276,0,0
218,"HEWH",2020-06-24,155,2020-10-27,280,0,0
219,"RHOV",2020-06-24,89,2020-10-27,214,1,0
220,"ENCA",2020-06-24,151,2020-11-05,285,1,0
228,"CEOL",2020-06-24,151,2020-11-05,285,1,0
241,"RHOV",2020-06-24,155,2020-11-05,289,1,0
242,"RHOV",2020-06-24,151,2020-11-05,285,0,0
244,"RHOV",2020-06-24,151,2020-11-05,285,0,0
246,"HEWH",2020-06-24,155,2020-11-05,289,0,0
250,"ENCA",2020-06-24,151,2020-11-05,285,1,0
251,"ENCA",2020-06-24,139,2020-11-05,273,0,0
252,"CEOL",2020-06-24,139,2020-11-05,273,0,0
255,"HEWH",2020-06-24,125,2020-11-05,259,1,0
256,"SAME",2020-06-24,125,2020-11-05,259,1,0
257,"ADFA",2020-06-24,142,2020-11-05,276,1,0
259,"HEWH",2020-06-24,125,2020-11-05,259,1,0
263,"SAME",2020-06-24,125,2020-11-05,259,1,0
271,"CEOL",2020-06-24,131,2020-11-05,265,1,0
273,"SAAP",2020-06-24,132,2020-11-05,266,1,0
274,"SAAP",2020-06-24,132,2020-11-05,266,1,0
277,"ENCA",2020-06-24,146,2020-11-05,280,1,0
279,"SANI",2020-06-24,131,2020-11-05,265,1,0
280,"RHOV",2020-06-24,89,2020-11-05,223,1,0
282,"HEWH",2020-06-24,146,2020-11-05,280,0,0
283,"SAAP",2020-06-24,132,2020-11-05,266,1,0
284,"SANI",2020-06-24,131,2020-11-05,265,0,0
285,"ENCA",2020-06-24,118,2020-11-05,252,1,0
286,"HEWH",2020-06-24,146,2020-11-05,280,0,0
287,"MALA",2020-06-24,131,2020-11-05,265,1,0
288,"CEOL",2020-06-24,131,2020-11-05,265,1,0
290,"CEOL",2020-06-24,131,2020-11-05,265,1,0
291,"SAME",2020-06-24,118,2020-11-05,252,1,0
292,"RHOV",2020-06-24,118,2020-11-05,252,1,0
293,"SAME",2020-06-24,118,2020-11-05,252,1,0
295,"ENCA",2020-06-24,118,2020-11-05,252,1,0
297,"MALA",2020-06-24,131,2020-11-05,265,0,0
298,"SAME",2020-06-24,118,2020-11-05,252,0,0
299,"RHOV",2020-06-24,131,2020-11-05,265,0,0
303,"ENCA",2020-06-24,146,2020-10-27,271,1,0
307,"ENCA",2020-06-24,97,2020-10-27,222,1,0
309,"CEOL",2020-06-24,140,2020-10-27,265,1,0
313,"CEOL",2020-06-24,140,2020-10-27,265,1,0
314,"SANI",2020-06-24,132,2020-10-27,257,0,0
316,"HEWH",2020-06-24,146,2020-10-27,271,0,0
319,"ENCA",2020-06-24,151,2020-10-27,276,1,0
320,"ADFA",2020-06-24,141,2020-10-27,266,1,0
323,"HEWH",2020-06-24,146,2020-10-27,271,1,0
326,"ADFA",2020-06-24,125,2020-10-27,250,0,0
327,"ENCA",2020-06-24,146,2020-10-27,271,1,0
334,"CEOL",2020-06-24,131,2020-10-27,256,1,0
339,"ENCA",2020-06-24,144,2020-10-27,269,1,0
343,"SAAP",2020-06-25,133,2020-10-27,257,1,0
345,"ADFA",2020-06-25,145,2020-10-27,269,0,0
351,"ADFA",2020-06-25,142,2020-10-27,266,1,0
353,"ENCA",2020-06-25,145,2020-10-27,269,1,0
354,"SAME",2020-06-24,125,2020-10-27,250,1,0
361,"CEOL",2020-06-25,132,2020-10-27,256,1,0
362,"MALA",2020-06-24,132,2020-10-27,257,1,0
363,"RHOV",2020-06-25,147,2020-10-27,271,1,0
364,"MALA",2020-06-25,133,2020-10-27,257,1,0
368,"HEWH",2020-06-25,147,2020-10-27,271,0,0
374,"HEWH",2020-06-25,147,2020-10-27,271,1,0
375,"RHOV",2020-06-25,140,2020-10-27,264,1,0
377,"HEWH",2020-06-25,147,2020-10-27,271,0,0
379,"HEWH",2020-06-25,119,2020-10-27,243,1,0
381,"SANI",2020-06-25,132,2020-10-27,256,0,0
383,"ENCA",2020-06-25,145,2020-10-27,269,1,0
384,"CEOL",2020-06-25,132,2020-10-27,256,1,0
385,"HEWH",2020-06-24,146,2020-10-27,271,0,0
386,"ADFA",2020-06-25,145,2020-10-27,269,1,0
387,"ENCA",2020-06-25,145,2020-10-27,269,1,0
390,"ADFA",2020-06-25,119,2020-10-27,243,1,0
393,"ENCA",2020-06-25,119,2020-10-27,243,0,0
394,"HEWH",2020-06-25,147,2020-10-27,271,0,0
395,"ENCA",2020-06-25,98,2020-10-27,222,1,0
398,"ENCA",2020-06-25,147,2020-10-27,271,0,0
400,"RHOV",2020-06-25,147,2020-10-27,271,0,0
401,"SANI",2020-06-24,130,2020-10-27,255,0,0
406,"RHOV",2020-06-25,119,2020-11-05,252,1,0
408,"HEWH",2020-06-25,145,2020-11-05,278,0,0
415,"ENCA",2020-06-24,118,2020-11-05,252,1,0
416,"MALA",2020-06-25,132,2020-11-05,265,1,0
417,"RHOV",2020-06-25,147,2020-11-05,280,0,0
418,"ADFA",2020-06-25,145,2020-11-05,278,1,0
419,"ENCA",2020-06-25,145,2020-11-05,278,0,0
420,"MALA",2020-06-25,132,2020-11-05,265,1,0
421,"CEOL",2020-06-25,131,2020-11-05,264,1,0
423,"SANI",2020-06-25,132,2020-11-05,265,0,0
425,"HEWH",2020-06-25,145,2020-11-05,278,0,0
427,"CEOL",2020-06-25,131,2020-11-05,264,1,0
428,"ENCA",2020-06-24,144,2020-11-05,278,1,0
429,"RHOV",2020-06-25,147,2020-11-05,280,1,0
436,"MALA",2020-06-25,132,2020-11-05,265,1,0
439,"RHOV",2020-06-24,138,2020-11-05,272,1,0
441,"SAAP",2020-06-25,132,2020-11-05,265,1,0
442,"HEWH",2020-06-25,145,2020-11-05,278,0,0
443,"ENCA",2020-06-25,145,2020-11-05,278,1,0
446,"RHOV",2020-06-25,145,2020-11-05,278,1,0
447,"ADFA",2020-06-25,131,2020-11-05,264,1,0
450,"SAME",2020-06-25,125,2020-11-05,258,1,0
451,"ENCA",2020-06-25,131,2020-11-05,264,1,0
457,"SAAP",2020-06-25,145,2020-11-05,278,1,0
458,"CEOL",2020-06-25,131,2020-11-05,264,1,0
459,"HEWH",2020-06-25,131,2020-11-05,264,1,0
460,"RHOV",2020-06-24,89,2020-11-05,223,1,0
461,"ENCA",2020-06-25,126,2020-11-05,259,1,0
464,"ENCA",2020-06-24,97,2020-11-05,231,0,0
466,"SAAP",2020-06-24,125,2020-11-05,259,1,0
468,"CEOL",2020-06-24,130,2020-11-05,264,1,0
469,"ENCA",2020-06-24,138,2020-11-05,272,1,0
471,"RHOV",2020-06-24,138,2020-11-05,272,1,0
480,"RHOV",2020-06-24,125,2020-11-05,259,1,0
481,"SANI",2020-06-24,131,2020-11-05,265,0,0
486,"ENCA",2020-06-24,130,2020-11-05,264,1,0
487,"HEWH",2020-06-24,130,2020-11-05,264,1,0
489,"SAAP",2020-06-24,125,2020-11-05,259,1,0
493,"ENCA",2020-06-24,138,2020-11-05,272,1,0
503,"RHOV",2020-06-25,147,2020-11-05,280,1,0
504,"SAME",2020-06-25,126,2020-11-05,259,0,0
505,"SAAP",2020-06-25,131,2020-11-05,264,1,0
508,"CEOL",2020-06-25,132,2020-11-05,265,1,0
510,"ENCA",2020-06-25,145,2020-11-05,278,1,0
511,"HEWH",2020-06-25,147,2020-11-05,280,1,0
514,"SAAP",2020-06-25,131,2020-11-05,264,1,0
515,"HEWH",2020-06-25,145,2020-11-05,278,1,0
516,"SAAP",2020-06-25,119,2020-11-05,252,1,0
517,"RHOV",2020-06-25,125,2020-11-05,258,1,0
520,"SAME",2020-06-25,119,2020-11-05,252,1,0
521,"ENCA",2020-06-25,145,2020-11-05,278,1,0
522,"RHOV",2020-06-25,145,2020-11-05,278,1,0
527,"RHOV",2020-06-25,145,2020-11-05,278,1,0
532,"CEOL",2020-06-25,141,2020-11-05,274,1,0
534,"RHOV",2020-06-25,147,2020-11-05,280,1,0
544,"HEWH",2020-06-25,147,2020-11-05,280,0,0
545,"SAAP",2020-06-25,119,2020-11-05,252,1,0
546,"RHOV",2020-06-25,147,2020-11-05,280,1,0
548,"ADFA",2020-06-25,142,2020-11-05,275,1,0
551,"SANI",2020-06-25,132,2020-11-05,265,1,0
554,"HEWH",2020-06-25,145,2020-11-05,278,0,0
555,"ENCA",2020-06-25,145,2020-11-05,278,0,0
556,"MALA",2020-06-25,132,2020-11-05,265,1,0
558,"ADFA",2020-06-25,142,2020-11-05,275,1,0
563,"HEWH",2020-06-25,141,2020-11-05,274,0,0
566,"CEOL",2020-06-25,119,2020-11-05,252,1,0
573,"ADFA",2020-06-24,138,2020-11-05,272,0,0
574,"SAAP",2020-06-24,130,2020-11-05,264,1,0
576,"SANI",2020-06-24,140,2020-11-05,274,1,0
584,"SANI",2020-06-24,131,2020-11-05,265,0,0
585,"RHOV",2020-06-24,140,2020-11-05,274,1,0
587,"CEOL",2020-06-24,124,2020-11-05,258,0,0
590,"ENCA",2020-06-24,140,2020-11-05,274,1,0
592,"ADFA",2020-06-24,139,2020-11-05,273,1,0
597,"HEWH",2020-06-24,130,2020-11-05,264,1,0
601,"HEWH",2020-06-24,130,2020-11-05,264,1,0
604,"SAME",2020-06-24,125,2020-11-05,259,1,0
606,"SAAP",2020-06-24,131,2020-11-05,265,1,0
607,"RHOV",2020-06-24,130,2020-11-17,276,1,0
608,"ADFA",2020-06-24,130,2020-11-17,276,1,0
621,"ENCA",2020-06-24,117,2020-11-17,263,1,0
622,"SANI",2020-06-24,130,2020-11-17,276,1,0
623,"RHOV",2020-06-24,139,2020-11-17,285,1,0
624,"HEWH",2020-06-24,117,2020-11-17,263,0,0
629,"HEWH",2020-06-24,125,2020-11-17,271,0,0
633,"CEOL",2020-06-24,117,2020-11-17,263,0,1
636,"ENCA",2020-06-24,138,2020-11-17,284,1,0
655,"HEWH",2020-06-24,130,2020-11-17,276,0,1
656,"SANI",2020-06-24,130,2020-11-17,276,1,0
661,"CEOL",2020-06-24,117,2020-11-17,263,1,0
662,"ADFA",2020-06-24,138,2020-11-17,284,1,0
663,"MALA",2020-06-24,130,2020-11-17,276,1,0
665,"ENCA",2020-06-24,140,2020-11-17,286,1,0
667,"CEOL",2020-06-24,142,2020-11-17,288,1,0
668,"RHOV",2020-06-24,139,2020-11-17,285,1,0
669,"ADFA",2020-06-24,125,2020-11-17,271,1,0
670,"SAME",2020-06-24,125,2020-11-17,271,0,0
673,"ADFA",2020-06-24,117,2020-11-17,263,0,0
674,"RHOV",2020-06-24,127,2020-11-17,273,1,0
678,"ADFA",2020-06-24,138,2020-11-17,284,1,0
681,"SANI",2020-06-24,130,2020-11-17,276,0,1
683,"HEWH",2020-06-24,124,2020-11-17,270,1,0
686,"ENCA",2020-06-24,139,2020-11-17,285,1,0
702,"SANI",2020-06-24,131,2020-11-05,265,0,0
717,"CEOL",2020-06-24,124,2020-11-05,258,1,0
718,"SAAP",2020-06-24,124,2020-11-05,258,1,0
719,"RHOV",2020-06-24,139,2020-11-05,273,0,0
729,"HEWH",2020-06-24,140,2020-11-17,286,0,0
731,"HEWH",2020-06-24,140,2020-11-17,286,0,0
736,"ENCA",2020-06-24,139,2020-11-05,273,0,0
738,"CEOL",2020-06-24,124,2020-11-05,258,1,0
739,"RHOV",2020-06-24,124,2020-11-17,270,1,0
740,"RHOV",2020-06-24,139,2020-11-05,273,1,0
743,"RHOV",2020-06-24,139,2020-11-17,285,0,0
744,"CEOL",2020-06-24,124,2020-11-17,270,1,0
753,"CEOL",2020-06-24,139,2020-11-17,285,1,0
760,"ENCA",2020-06-24,139,2020-11-17,285,1,0
763,"SANI",2020-06-24,131,2020-11-17,277,0,0
765,"ADFA",2020-06-24,141,2020-11-17,287,0,0
768,"ADFA",2020-06-24,117,2020-11-17,263,1,0
771,"RHOV",2020-06-24,139,2020-11-17,285,0,0
772,"SAAP",2020-06-24,124,2020-11-17,270,0,0
773,"RHOV",2020-06-24,139,2020-11-17,285,0,0
779,"ADFA",2020-06-24,138,2020-11-17,284,1,0
784,"ENCA",2020-06-24,139,2020-11-17,285,1,0
786,"ADFA",2020-06-24,141,2020-11-17,287,1,0
793,"HEWH",2020-06-24,117,2020-11-17,263,1,0
794,"ADFA",2020-06-24,141,2020-11-17,287,1,0
795,"ENCA",2020-06-24,124,2020-11-17,270,1,0
797,"CEOL",2020-06-24,117,2020-11-17,263,1,0
798,"SAME",2020-06-24,113,2020-11-17,259,0,0
800,"ENCA",2020-06-24,117,2020-11-17,263,1,0
801,"HEWH",2020-06-25,147,2020-12-10,315,1,0
804,"MALA",2020-06-25,132,2020-11-05,265,1,0
805,"ADFA",2020-06-24,117,2020-11-17,263,1,0
810,"ENCA",2020-06-24,97,2020-11-17,243,1,0
811,"SAME",2020-06-24,113,2020-11-17,259,1,0
812,"HEWH",2020-06-05,98,2020-11-17,263,1,0
814,"ADFA",2020-06-24,141,2020-11-17,287,1,0
819,"ADFA",2020-06-05,108,2020-11-17,273,1,0
820,"SANI",2020-06-05,108,2020-11-17,273,1,0
821,"HEWH",2020-06-05,98,2020-11-17,263,0,0
822,"RHOV",2020-06-05,120,2020-11-17,285,1,0
824,"ENCA",2020-06-05,120,2020-11-17,285,1,0
826,"ADFA",2020-06-24,117,2020-11-17,263,1,0
827,"ENCA",2020-06-24,117,2020-11-17,263,1,0
829,"HEWH",2020-06-24,117,2020-11-17,263,1,0
832,"ENCA",2020-06-05,78,2020-11-05,231,1,0
834,"HEWH",2020-06-05,98,2020-11-05,251,1,0
836,"HEWH",2020-06-05,98,2020-11-05,251,1,0
837,"HEWH",2020-06-05,98,2020-11-17,263,1,0
842,"ENCA",2020-06-05,98,2020-11-17,263,1,0
843,"RHOV",2020-06-05,98,2020-11-17,263,1,0
846,"MALA",2020-06-05,105,2020-11-17,270,1,0
849,"HEWH",2020-06-05,98,2020-11-05,251,1,0
850,"SANI",2020-06-05,98,2020-11-05,251,1,0
851,"HEWH",2020-06-05,98,2020-11-05,251,1,0
852,"RHOV",2020-06-05,119,2020-11-17,284,1,0
853,"SAAP",2020-06-05,94,2020-11-17,259,1,0
857,"ENCA",2020-06-05,119,2020-11-17,284,1,0
858,"SAME",2020-06-05,94,2020-11-05,247,1,0
860,"ENCA",2020-06-05,98,2020-11-17,263,0,0
861,"RHOV",2020-06-05,120,2020-11-17,285,1,0
862,"SAME",2020-06-05,106,2020-11-17,271,0,0
863,"ENCA",2020-06-05,98,2020-11-17,263,0,0
864,"HEWH",2020-06-05,98,2020-11-17,263,0,0
865,"HEWH",2020-06-05,94,2020-11-17,259,1,0
869,"SAME",2020-06-05,106,2020-11-17,271,1,0
870,"HEWH",2020-06-05,98,2020-11-17,263,0,0
871,"HEWH",2020-06-05,98,2020-11-17,263,0,0
872,"SAAP",2020-06-05,106,2020-11-17,271,1,0
873,"ENCA",2020-06-05,111,2020-11-17,276,0,0
874,"ADFA",2020-06-05,105,2020-11-17,270,1,0
875,"SAME",2020-06-05,106,2020-11-17,271,0,0
876,"SAAP",2020-06-05,94,2020-11-17,259,1,0
879,"HEWH",2020-06-05,106,2020-11-17,271,1,0
881,"HEWH",2020-06-05,111,2020-11-17,276,0,0
882,"ENCA",2020-06-05,111,2020-11-17,276,1,0
883,"SAAP",2020-06-05,111,2020-11-17,276,0,0
884,"CEOL",2020-06-05,120,2020-11-17,285,1,0
885,"MALA",2020-06-05,111,2020-11-17,276,1,0
886,"HEWH",2020-06-05,105,2020-11-17,270,0,0
890,"SANI",2020-06-05,111,2020-11-17,276,1,0
892,"HEWH",2020-06-05,106,2020-11-17,271,1,0
898,"HEWH",2020-06-05,98,2020-11-17,263,1,0
899,"CEOL",2020-06-05,106,2020-11-17,271,1,0
906,"SAME",2020-06-25,119,2020-11-05,252,0,0
907,"SANI",2020-06-25,132,2020-11-05,265,1,0
910,"ENCA",2020-06-05,98,2020-11-17,263,0,0
911,"SANI",2020-06-24,117,2020-11-17,263,1,0
912,"ENCA",2020-06-05,119,2020-11-17,284,0,0
921,"ENCA",2020-06-05,98,2020-11-17,263,0,0
924,"RHOV",2020-06-05,119,2020-11-17,284,0,0
927,"RHOV",2020-06-05,119,2020-11-17,284,0,0
928,"MALA",2020-06-05,94,2020-11-17,259,0,0
935,"RHOV",2020-06-05,120,2020-11-17,285,0,0
936,"ADFA",2020-06-05,105,2020-11-17,270,1,0
938,"ENCA",2020-06-05,98,2020-11-17,263,1,0
940,"SANI",2020-06-05,111,2020-11-17,276,1,0
941,"SAAP",2020-06-05,106,2020-11-17,271,1,0
943,"HEWH",2020-06-05,111,2020-11-17,276,1,0
944,"SANI",2020-06-05,111,2020-11-17,276,1,0
950,"SANI",2020-06-05,106,2020-11-17,271,1,0
951,"SANI",2020-06-05,105,2020-11-17,270,1,0
954,"RHOV",2020-06-05,120,2020-11-17,285,1,0
955,"RHOV",2020-06-05,119,2020-11-17,284,1,0
956,"SAAP",2020-06-05,111,2020-11-17,276,1,0
961,"RHOV",2020-06-05,105,2020-11-17,270,1,0
962,"HEWH",2020-06-05,105,2020-11-17,270,1,0
965,"HEWH",2020-06-05,106,2020-11-17,271,1,0
968,"SAAP",2020-06-05,111,2020-11-17,276,1,0
971,"CEOL",2020-06-05,105,2020-11-17,270,0,0
972,"ADFA",2020-06-05,105,2020-11-17,270,1,0
973,"MALA",2020-06-05,105,2020-11-17,270,1,0
974,"SANI",2020-06-05,106,2020-11-17,271,1,0
975,"CEOL",2020-06-05,105,2020-11-17,270,1,0
977,"SAAP",2020-06-05,106,2020-11-17,271,1,0
978,"RHOV",2020-06-05,120,2020-11-17,285,1,0
979,"ENCA",2020-06-05,78,2020-11-17,243,1,0
980,"ENCA",2020-06-05,78,2020-11-17,243,1,0
984,"HEWH",2020-06-05,106,2020-11-17,271,0,0
985,"MALA",2020-06-05,105,2020-11-17,270,1,0
987,"CEOL",2020-06-05,106,2020-11-17,271,1,0
988,"MALA",2020-06-05,111,2020-11-17,276,1,0
992,"CEOL",2020-06-05,106,2020-11-17,271,1,0
994,"ADFA",2020-06-05,105,2020-11-17,270,1,0
997,"ENCA",2020-06-05,106,2020-11-17,271,0,0
998,"ADFA",2020-06-05,105,2020-11-17,270,1,0
1000,"RHOV",2020-06-05,119,2020-11-17,284,1,0
1001,"CEOL",2020-06-24,125,2020-10-27,250,0,0
1002,"SAME",2020-06-25,126,2020-11-19,273,1,0
1006,"HEWH",2020-06-25,141,2020-12-03,302,1,0
1007,"ADFA",2020-06-25,143,2020-12-03,304,1,0
1009,"HEWH",2020-06-25,141,2020-11-19,288,0,0
1011,"RHOV",2020-06-25,142,2020-11-19,289,1,0
1014,"ENCA",2020-06-26,142,2020-11-19,288,1,0
1017,"HEWH",2020-06-25,126,2020-11-19,273,1,0
1019,"CEOL",2020-06-25,140,2020-11-19,287,1,0
1020,"SAME",2020-06-25,121,2020-11-19,268,1,0
1021,"RHOV",2020-06-26,144,2020-11-19,290,1,0
1022,"CEOL",2020-06-26,141,2020-11-19,287,1,0
1023,"CEOL",2020-06-26,141,2020-11-19,287,1,0
1024,"CEOL",2020-06-26,141,2020-11-19,287,1,0
1025,"HEWH",2020-06-26,129,2020-11-19,275,0,0
1026,"HEWH",2020-06-26,129,2020-11-19,275,1,0
1027,"CEOL",2020-06-26,141,2020-11-19,287,1,0
1028,"HEWH",2020-06-26,142,2020-11-19,288,1,0
1030,"HEWH",2020-06-26,142,2020-11-19,288,1,0
1031,"RHOV",2020-06-26,144,2020-11-19,290,1,0
1032,"ADFA",2020-06-26,120,2020-11-19,266,1,0
1033,"CEOL",2020-06-25,121,2020-11-19,268,1,0
1034,"ADFA",2020-06-25,143,2020-11-19,290,1,0
1037,"HEWH",2020-06-25,126,2020-11-19,273,1,0
1040,"HEWH",2020-06-25,126,2020-11-19,273,0,0
1041,"HEWH",2020-06-25,128,2020-11-19,275,1,0
1043,"RHOV",2020-06-25,143,2020-11-19,290,1,0
1044,"MALA",2020-06-25,128,2020-11-19,275,1,0
1045,"ENCA",2020-06-25,140,2020-11-19,287,0,0
1046,"ENCA",2020-06-25,140,2020-11-19,287,1,0
1047,"HEWH",2020-06-25,128,2020-11-19,275,1,0
1049,"CEOL",2020-06-26,140,2020-11-19,286,1,0
1050,"SAAP",2020-06-25,128,2020-11-19,275,1,0
1051,"HEWH",2020-06-26,122,2020-11-19,268,1,0
1052,"RHOV",2020-06-26,143,2020-11-19,289,1,0
1053,"MALA",2020-06-25,128,2020-11-19,275,1,0
1054,"HEWH",2020-06-25,128,2020-11-19,275,0,0
1055,"ENCA",2020-06-25,121,2020-11-19,268,1,0
1056,"HEWH",2020-06-25,121,2020-11-19,268,1,0
1057,"SAME",2020-06-25,121,2020-11-19,268,1,0
1058,"ENCA",2020-06-26,141,2020-11-19,287,1,0
1059,"MALA",2020-06-25,128,2020-11-19,275,1,0
1060,"ADFA",2020-06-25,139,2020-11-19,286,1,0
1061,"CEOL",2020-06-25,121,2020-11-19,268,1,0
1062,"CEOL",2020-06-25,121,2020-11-19,268,1,0
1063,"HEWH",2020-06-25,121,2020-11-19,268,1,0
1064,"ADFA",2020-06-25,139,2020-11-19,286,0,0
1065,"MALA",2020-06-26,126,2020-11-19,272,1,0
1067,"HEWH",2020-06-26,122,2020-11-19,268,1,0
1068,"HEWH",2020-06-26,122,2020-11-19,268,0,0
1069,"ENCA",2020-06-26,141,2020-11-19,287,1,0
1070,"SANI",2020-06-26,129,2020-11-19,275,1,0
1073,"HEWH",2020-06-25,125,2020-11-19,272,1,0
1074,"ENCA",2020-06-25,121,2020-11-19,268,1,0
1076,"MALA",2020-06-25,125,2020-11-19,272,1,0
1079,"SAAP",2020-06-25,119,2020-11-19,266,0,0
1080,"ENCA",2020-06-25,121,2020-11-19,268,1,0
1081,"CEOL",2020-06-25,121,2020-11-19,268,1,0
1082,"ENCA",2020-06-26,122,2020-11-19,268,0,0
1083,"HEWH",2020-06-26,122,2020-11-19,268,1,0
1084,"ENCA",2020-06-26,122,2020-11-19,268,0,0
1085,"RHOV",2020-06-26,126,2020-11-19,272,1,0
1086,"RHOV",2020-06-26,126,2020-11-19,272,1,0
1089,"SANI",2020-06-25,128,2020-11-19,275,0,0
1090,"HEWH",2020-06-25,121,2020-11-19,268,1,0
1093,"ENCA",2020-06-25,121,2020-11-19,268,0,0
1094,"CEOL",2020-06-25,121,2020-11-19,268,1,0
1095,"ENCA",2020-06-25,119,2020-11-19,266,1,0
1096,"HEWH",2020-06-25,121,2020-11-19,268,0,0
1097,"CEOL",2020-06-26,122,2020-11-19,268,1,0
1098,"HEWH",2020-06-26,122,2020-11-19,268,1,0
1099,"CEOL",2020-06-26,122,2020-11-19,268,1,0
1100,"SANI",2020-06-26,122,2020-11-19,268,1,0
1101,"RHOV",2020-06-25,143,2020-10-27,267,0,0
1102,"RHOV",2020-06-25,143,2020-11-19,290,1,0
1103,"SAAP",2020-06-25,133,2020-11-19,280,1,0
1104,"RHOV",2020-06-25,143,2020-11-19,290,1,0
1105,"HEWH",2020-06-25,141,2020-11-19,288,1,0
1113,"SAME",2020-06-25,119,2020-11-19,266,1,0
1114,"ENCA",2020-06-25,141,2020-11-19,288,1,0
1115,"RHOV",2020-06-25,141,2020-11-19,288,1,0
1116,"HEWH",2020-06-25,119,2020-11-19,266,0,0
1118,"RHOV",2020-06-25,141,2020-11-19,288,1,0
1120,"ADFA",2020-06-25,139,2020-11-19,286,1,0
1121,"CEOL",2020-06-25,141,2020-11-19,288,1,0
1122,"ENCA",2020-06-25,141,2020-11-19,288,1,0
1123,"HEWH",2020-05-08,93,2020-11-19,288,0,0
1124,"RHOV",2020-06-25,141,2020-11-19,288,1,0
1127,"ADFA",2020-06-25,128,2020-11-19,275,1,0
1128,"HEWH",2020-06-25,141,2020-11-19,288,1,0
1136,"ENCA",2020-06-25,141,2020-11-19,288,1,0
1139,"SAME",2020-06-26,120,2020-11-19,266,0,0
1140,"SAME",2020-06-26,120,2020-11-19,266,0,0
1141,"HEWH",2020-06-26,120,2020-11-19,266,0,0
1142,"CEOL",2020-06-26,120,2020-11-19,266,1,0
1144,"HEWH",2020-06-26,120,2020-11-19,266,0,0
1147,"HEWH",2020-06-26,120,2020-11-19,266,1,0
1149,"SANI",2020-06-26,120,2020-11-19,266,0,0
1153,"MALA",2020-06-26,120,2020-11-19,266,0,0
1154,"SANI",2020-06-26,120,2020-11-19,266,1,0
1155,"SAAP",2020-06-26,120,2020-11-19,266,1,0
1156,"SAME",2020-06-26,120,2020-11-19,266,1,0
1159,"ADFA",2020-06-26,141,2020-11-19,287,1,0
1167,"HEWH",2020-06-26,146,2020-11-19,292,0,0
1170,"CEOL",2020-06-26,141,2020-12-03,301,1,0
1171,"SANI",2020-06-26,146,2020-12-03,306,1,0
1174,"ENCA",2020-06-26,146,2020-11-19,292,1,0
1175,"ADFA",2020-06-26,140,2020-11-19,286,1,0
1177,"RHOV",2020-06-26,141,2020-11-19,287,1,0
1179,"ENCA",2020-06-26,129,2020-11-19,275,1,0
1180,"MALA",2020-06-26,127,2020-11-19,273,0,0
1182,"HEWH",2020-06-26,146,2020-11-19,292,0,0
1183,"ADFA",2020-06-26,140,2020-11-19,286,1,0
1185,"CEOL",2020-06-26,141,2020-11-19,287,1,0
1188,"CEOL",2020-06-26,146,2020-12-03,306,1,0
1191,"ADFA",2020-06-26,140,2020-11-19,286,1,0
1192,"ENCA",2020-06-26,141,2020-11-19,287,0,0
1194,"ADFA",2020-06-26,140,2020-11-19,286,0,0
1195,"MALA",2020-06-26,115,2020-11-19,261,0,0
1198,"RHOV",2020-06-26,141,2020-11-19,287,0,0
1200,"ENCA",2020-06-26,146,2020-11-19,292,0,0
1203,"HEWH",2020-06-25,143,2020-12-03,304,1,0
1204,"RHOV",2020-06-25,143,2020-11-19,290,1,0
1205,"SANI",2020-06-25,132,2020-11-19,279,1,0
1211,"SANI",2020-06-25,132,2020-11-19,279,1,0
1212,"CEOL",2020-06-25,132,2020-12-03,293,1,0
1213,"ENCA",2020-06-25,126,2020-11-19,273,1,0
1215,"RHOV",2020-06-25,143,2020-11-19,290,1,0
1218,"MALA",2020-06-25,114,2020-11-19,261,1,0
1222,"ADFA",2020-06-25,125,2020-11-19,272,1,0
1224,"ADFA",2020-06-25,125,2020-11-19,272,1,0
1226,"ENCA",2020-06-26,146,2020-11-19,292,1,0
1227,"ADFA",2020-06-25,142,2020-11-19,289,1,0
1234,"CEOL",2020-06-26,146,2020-11-19,292,1,0
1235,"MALA",2020-06-26,115,2020-11-19,261,1,0
1238,"ADFA",2020-06-26,143,2020-11-19,289,1,0
1241,"HEWH",2020-06-26,146,2020-11-19,292,0,0
1242,"SANI",2020-06-26,129,2020-11-19,275,0,0
1244,"RHOV",2020-06-25,142,2020-11-17,287,1,0
1246,"SANI",2020-06-25,128,2020-11-17,273,1,0
1247,"ADFA",2020-06-25,125,2020-11-17,270,1,0
1248,"SANI",2020-06-25,128,2020-11-17,273,1,0
1251,"ENCA",2020-06-25,114,2020-11-17,259,1,0
1252,"HEWH",2020-06-25,114,2020-11-17,259,0,0
1253,"RHOV",2020-06-25,142,2020-12-03,303,1,0
1255,"RHOV",2020-06-25,142,2020-11-17,287,1,0
1256,"HEWH",2020-06-25,115,2020-11-17,260,0,0
1257,"RHOV",2020-06-25,126,2020-11-17,271,0,0
1258,"RHOV",2020-06-25,142,2020-11-19,289,1,0
1262,"MALA",2020-06-25,125,2020-11-17,270,1,0
1264,"RHOV",2020-06-25,139,2020-11-17,284,1,0
1266,"RHOV",2020-06-25,143,2020-11-19,290,1,0
1273,"ENCA",2020-06-25,141,2020-11-19,288,1,0
1277,"MALA",2020-06-25,125,2020-11-17,270,1,0
1278,"SANI",2020-06-25,128,2020-11-17,273,1,0
1279,"HEWH",2020-06-25,114,2020-11-17,259,0,0
1280,"SANI",2020-06-25,125,2020-11-17,270,0,0
1281,"CEOL",2020-06-25,115,2020-11-19,262,1,0
1284,"HEWH",2020-06-25,114,2020-11-17,259,0,0
1285,"CEOL",2020-06-25,140,2020-11-05,273,1,0
1286,"HEWH",2020-06-25,119,2020-12-03,280,0,0
1289,"ADFA",2020-06-25,125,2020-12-03,286,1,0
1291,"SAME",2020-06-25,114,2020-11-17,259,0,0
1292,"ENCA",2020-06-25,114,2020-11-17,259,0,0
1293,"HEWH",2020-06-25,115,2020-11-17,260,0,0
1294,"RHOV",2020-06-25,139,2020-12-03,300,1,0
1296,"MALA",2020-06-25,125,2020-11-17,270,1,0
1297,"HEWH",2020-06-25,114,2020-11-17,259,0,0
1298,"ADFA",2020-06-25,125,2020-11-17,270,1,0
1299,"CEOL",2020-06-25,125,2020-11-17,270,1,0
1301,"ADFA",2020-06-26,144,2020-11-19,290,0,0
1302,"HEWH",2020-06-26,129,2020-11-19,275,1,0
1303,"ENCA",2020-06-26,141,2020-11-19,287,1,0
1304,"ENCA",2020-06-26,141,2020-11-19,287,0,0
1305,"ADFA",2020-06-26,140,2020-11-19,286,1,0
1306,"MALA",2020-06-26,120,2020-11-19,266,1,0
1307,"SAAP",2020-06-26,146,2020-11-19,292,0,0
1308,"ENCA",2020-06-26,120,2020-11-19,266,0,0
1310,"RHOV",2020-06-26,141,2020-11-19,287,1,0
1312,"RHOV",2020-06-26,141,2020-11-19,287,1,0
1313,"RHOV",2020-06-26,141,2020-11-19,287,1,0
1315,"ENCA",2020-06-26,141,2020-11-19,287,1,0
1316,"SAME",2020-06-26,146,2020-11-19,292,1,0
1317,"HEWH",2020-06-26,146,2020-11-19,292,0,0
1318,"SANI",2020-06-26,146,2020-11-19,292,1,0
1320,"SAME",2020-06-26,146,2020-11-19,292,1,0
1321,"CEOL",2020-06-26,141,2020-11-19,287,1,0
1322,"RHOV",2020-06-26,141,2020-11-19,287,1,0
1323,"HEWH",2020-06-26,146,2020-11-19,292,1,0
1324,"SAME",2020-06-26,146,2020-11-19,292,0,0
1325,"SAME",2020-06-26,146,2020-11-19,292,1,0
1326,"MALA",2020-06-26,146,2020-11-19,292,1,0
1328,"SAME",2020-06-26,146,2020-11-19,292,1,0
1329,"HEWH",2020-06-26,146,2020-11-19,292,0,0
1330,"ENCA",2020-06-26,141,2020-11-19,287,0,0
1331,"SAME",2020-06-26,146,2020-11-19,292,1,0
1332,"ENCA",2020-06-26,141,2020-11-19,287,0,0
1333,"HEWH",2020-06-26,146,2020-11-19,292,0,0
1334,"HEWH",2020-06-26,146,2020-11-19,292,0,0
1338,"CEOL",2020-06-26,141,2020-11-19,287,1,0
1339,"HEWH",2020-06-26,129,2020-11-19,275,1,0
1342,"ENCA",2020-06-26,146,2020-11-19,292,1,0
1343,"SAAP",2020-06-26,129,2020-11-19,275,1,0
1345,"RHOV",2020-06-26,141,2020-11-19,287,1,0
1346,"HEWH",2020-06-26,146,2020-11-19,292,0,0
1347,"ADFA",2020-06-26,141,2020-11-19,287,0,0
1349,"SAME",2020-06-26,115,2020-11-19,261,1,0
1350,"RHOV",2020-06-26,141,2020-11-19,287,1,0
1351,"ADFA",2020-06-26,141,2020-11-19,287,1,0
1354,"HEWH",2020-06-26,129,2020-11-19,275,0,0
1355,"SANI",2020-06-26,129,2020-11-19,275,1,0
1356,"RHOV",2020-06-26,141,2020-11-19,287,1,0
1362,"ADFA",2020-06-26,146,2020-11-19,292,1,0
1364,"RHOV",2020-06-26,141,2020-11-19,287,1,0
1366,"SAAP",2020-06-26,146,2020-11-19,292,1,0
1367,"RHOV",2020-06-26,141,2020-11-19,287,1,0
1368,"RHOV",2020-06-26,141,2020-11-19,287,1,0
1369,"ENCA",2020-06-26,141,2020-11-19,287,1,0
1372,"HEWH",2020-06-26,129,2020-11-19,275,1,0
1373,"MALA",2020-06-26,126,2020-11-19,272,1,0
1376,"HEAR",2020-06-26,146,2020-12-03,306,1,0
1377,"SANI",2020-06-26,129,2020-11-19,275,0,0
1383,"RHOV",2020-06-25,125,2020-11-17,270,1,0
1384,"CEOL",2020-06-25,126,2020-11-17,271,1,0
1387,"CEOL",2020-06-26,115,2020-12-03,275,1,0
1390,"RHOV",2020-06-25,90,2020-11-19,237,1,0
1392,"CEOL",2020-06-26,116,2020-11-19,262,1,0
1393,"SANI",2020-06-25,126,2020-11-19,273,1,0
1394,"ADFA",2020-06-26,126,2020-11-19,272,0,0
1395,"ADFA",2020-06-26,126,2020-12-03,286,1,0
1398,"HEWH",2020-06-26,146,2020-11-19,292,0,0
1399,"RHOV",2020-06-26,141,2020-11-19,287,1,0
1400,"SAAP",2020-06-26,119,2020-11-19,265,1,0
1401,"CEOL",2020-06-25,126,2020-11-17,271,1,0
1402,"RHOV",2020-06-25,90,2020-11-17,235,1,0
1403,"MALA",2020-06-26,126,2020-11-19,272,1,0
1406,"CEOL",2020-06-26,119,2020-11-19,265,1,0
1407,"HEAR",2020-06-05,93,2020-10-27,237,1,0
1410,"HEAR",2020-06-05,93,2020-10-27,237,1,0
1411,"HEAR",2020-06-05,93,2020-10-27,237,1,0
1412,"RHOV",2020-06-26,141,2020-11-19,287,1,0
1413,"RHOV",2020-06-26,91,2020-11-19,237,1,0
1414,"RHOV",2020-06-26,141,2020-11-19,287,1,0
1417,"HEAR",2020-06-05,93,2020-10-27,237,0,0
1418,"ADFA",2020-06-26,126,2020-11-19,272,1,0
1421,"HEAR",2020-06-05,93,2020-12-03,274,1,0
1423,"HEAR",2020-06-05,93,2020-10-27,237,0,0
1425,"HEAR",2020-06-05,93,2020-10-27,237,1,0
1432,"HEAR",2020-06-24,112,2020-10-27,237,1,0
1436,"HEAR",2020-06-24,112,2020-12-03,274,1,0
1437,"HEAR",2020-06-24,112,2020-12-03,274,1,0
1441,"HEAR",2020-06-25,112,2020-12-03,273,1,0
1453,"HEAR",2020-06-24,112,2020-12-03,274,1,0
1456,"HEAR",2020-06-24,112,2020-12-03,274,1,0
1458,"HEAR",2020-06-25,112,2020-10-27,236,1,0
1459,"HEAR",2020-06-24,111,2020-11-05,245,1,0
1460,"HEAR",2020-06-24,111,2020-12-03,273,1,0
1461,"HEAR",2020-06-25,112,2020-10-27,236,1,0
1463,"ADFA",2020-06-24,111,2020-12-03,273,1,0
1464,"ADFA",2020-06-25,112,2020-11-19,259,1,0
1465,"ADFA",2020-06-24,111,2020-12-03,273,1,0
1467,"ADFA",2020-06-24,111,2020-10-27,236,0,0
1468,"ADFA",2020-06-05,92,2020-12-03,273,1,0
1469,"ADFA",2020-06-24,111,2020-12-03,273,1,0
1470,"ADFA",2020-06-24,111,2020-12-03,273,1,0
1471,"ADFA",2020-06-24,111,2020-12-03,273,1,0
1472,"ADFA",2020-06-05,92,2020-10-27,236,0,0
1473,"ADFA",2020-06-05,92,2020-12-03,273,1,0
1474,"ADFA",2020-06-05,92,2020-12-03,273,1,0
1475,"ADFA",2020-05-06,62,2020-10-27,236,0,0
1476,"ADFA",2020-06-05,92,2020-10-27,236,0,0
1477,"ADFA",2020-06-05,92,2020-10-27,236,0,0
1479,"SANI",2020-06-05,91,2020-10-27,235,1,0
1482,"HEAR",2020-06-05,92,2020-12-03,273,1,0
1486,"HEAR",2020-06-24,111,2020-11-05,245,1,0
1501,"SAME",2020-06-05,91,2020-10-27,235,0,0
1503,"SAME",2020-06-26,112,2020-12-03,272,1,0
1510,"HEAR",2020-06-24,107,2020-11-17,253,1,0
1511,"HEAR",2020-06-24,111,2020-12-03,273,1,0
1517,"SAME",2020-06-25,112,2020-11-19,259,0,0
1518,"HEAR",2020-06-24,111,2020-11-17,257,1,0
1523,"HEAR",2020-06-26,113,2020-12-03,273,1,0
1524,"HEAR",2020-06-26,113,2020-12-03,273,1,0
1526,"HEAR",2020-06-26,113,2020-12-03,273,1,0
1534,"SANI",2020-06-24,110,2020-11-05,244,1,0
1538,"HEAR",2020-06-26,113,2020-12-03,273,1,0
1540,"SANI",2020-06-25,111,2020-11-05,244,1,0
1542,"SAME",2020-06-24,110,2020-11-05,244,0,0
1543,"SAME",2020-06-24,110,2020-11-05,244,1,0
1545,"SAME",2020-06-24,110,2020-11-05,244,0,0
1546,"SAME",2020-06-25,111,2020-12-03,272,1,0
1549,"SAME",2020-06-25,111,2020-12-03,272,1,0
1551,"SANI",2020-06-24,110,2020-12-03,272,1,0
1552,"SANI",2020-06-25,111,2020-12-03,272,1,0
1555,"SAME",2020-06-26,112,2020-12-03,272,1,0
1557,"SANI",2020-06-26,112,2020-11-19,258,0,0
1558,"SAME",2020-06-26,112,2020-12-03,272,1,0
1559,"SANI",2020-06-26,112,2020-12-03,272,1,0
1562,"SAME",2020-06-26,112,2020-12-03,272,1,0
1569,"SANI",2020-06-26,112,2020-11-19,258,1,0
1571,"SANI",2020-06-26,112,2020-11-19,258,0,0
1574,"SANI",2020-06-25,111,2020-10-27,235,1,0
1575,"SAME",2020-06-05,91,2020-10-27,235,0,0
1579,"SANI",2020-06-24,110,2020-10-27,235,1,0
1580,"SAME",2020-06-24,110,2020-10-27,235,1,0
1582,"SAME",2020-06-25,111,2020-11-05,244,1,0
1589,"SANI",2020-06-25,111,2020-12-03,272,1,0
1590,"HEAR",2020-06-05,88,2020-11-17,253,1,0
1594,"SANI",2020-06-24,107,2020-11-17,253,1,0
1596,"SAME",2020-06-24,107,2020-11-17,253,0,0
1599,"SANI",2020-06-05,91,2020-10-27,235,1,0
1600,"SANI",2020-06-24,110,2020-10-27,235,1,0
1601,"SAME",2020-06-05,88,2020-11-05,241,1,0
1604,"SAME",2020-06-24,107,2020-11-05,241,1,0
1610,"SAME",2020-06-24,107,2020-11-17,253,1,0
1613,"SANI",2020-06-24,107,2020-11-17,253,0,0
1617,"ADFA",2020-06-26,109,2020-11-19,255,1,0
1620,"ADFA",2020-06-25,108,2020-12-03,269,1,0
1621,"ADFA",2020-06-26,109,2020-11-19,255,0,0
1622,"ADFA",2020-06-26,109,2020-11-19,255,1,0
1623,"ADFA",2020-06-26,109,2020-11-19,255,1,0
1624,"ADFA",2020-06-25,108,2020-11-19,255,1,0
1627,"ADFA",2020-06-25,99,2020-12-03,260,1,0
1631,"ADFA",2020-06-25,99,2020-11-05,232,1,0
1632,"ADFA",2020-06-25,99,2020-10-27,223,0,0
1633,"ADFA",2020-06-25,99,2020-10-27,223,1,0
1634,"HEAR",2020-06-25,99,2020-11-05,232,1,0
1635,"ADFA",2020-06-25,99,2020-11-05,232,0,0
1636,"ADFA",2020-06-24,98,2020-10-27,223,0,0
1639,"ADFA",2020-06-05,78,2020-11-17,243,1,0
1640,"SANI",2020-06-25,90,2020-11-19,237,0,0
1641,"ADFA",2020-06-05,78,2020-11-17,243,1,0
1643,"HEAR",2020-06-05,78,2020-12-03,259,1,0
1646,"ADFA",2020-06-24,97,2020-12-03,259,1,0
1649,"SAME",2020-06-26,91,2020-11-19,237,0,0
1650,"SANI",2020-06-26,91,2020-11-19,237,1,0
1651,"SAME",2020-06-25,90,2020-11-05,223,1,0
1653,"SAME",2020-06-24,89,2020-11-17,235,0,0
1654,"SANI",2020-06-24,89,2020-12-03,251,1,0
1656,"SAME",2020-06-05,70,2020-10-27,214,0,0
1658,"SANI",2020-06-25,90,2020-11-17,235,0,0
1664,"SANI",2020-06-05,70,2020-11-17,235,1,0
3,"ENCA",2020-10-27,284,2021-11-02,655,0,0
4,"ENCA",2020-10-27,284,2021-11-02,655,0,0
5,"CEOL",2020-10-27,214,2021-11-02,585,0,0
13,"HEWH",2020-10-27,284,2021-11-02,655,0,0
23,"ENCA",2020-10-27,284,2021-11-02,655,0,0
24,"HEWH",2020-10-27,284,2021-11-02,655,0,0
38,"HEWH",2020-10-27,283,2021-11-02,654,0,0
69,"HEWH",2020-10-27,283,2021-11-02,654,0,0
105,"MALA",2020-10-27,257,2021-11-02,628,0,0
129,"ENCA",2020-10-27,284,2021-11-02,655,0,0
133,"HEWH",2020-10-27,284,2021-11-02,655,0,0
142,"RHOV",2020-10-27,280,2021-11-02,651,0,0
162,"HEWH",2020-10-27,283,2021-11-02,654,0,0
164,"HEWH",2020-11-05,292,2021-11-02,654,0,0
168,"RHOV",2020-10-27,283,2021-11-02,654,0,0
177,"HEWH",2020-10-27,280,2021-11-02,651,1,0
182,"HEWH",2020-11-05,285,2021-11-02,647,0,0
187,"HEWH",2020-10-27,280,2021-11-02,651,0,0
200,"HEWH",2020-10-27,276,2021-11-02,647,0,0
206,"SAAP",2020-11-05,259,2021-11-02,621,0,0
227,"SAAP",2020-11-05,259,2021-11-02,621,0,0
244,"RHOV",2020-11-05,285,2021-11-02,647,1,0
252,"CEOL",2020-11-05,273,2021-11-02,635,1,0
282,"HEWH",2020-11-05,280,2021-11-02,642,1,0
284,"SANI",2020-11-05,265,2021-11-02,627,0,0
286,"HEWH",2020-11-05,280,2021-11-02,642,1,0
297,"MALA",2020-11-05,265,2021-11-02,627,1,0
298,"SAME",2020-11-05,252,2021-11-02,614,1,0
299,"RHOV",2020-11-05,265,2021-11-02,627,1,0
314,"SANI",2020-10-27,257,2021-11-02,628,1,0
316,"HEWH",2020-10-27,271,2021-11-02,642,1,0
326,"ADFA",2020-10-27,250,2021-11-02,621,1,0
345,"ADFA",2020-10-27,269,2021-11-02,640,1,0
368,"HEWH",2020-10-27,271,2021-11-02,642,0,0
377,"HEWH",2020-10-27,271,2021-11-02,642,1,0
381,"SANI",2020-10-27,256,2021-11-02,627,0,0
385,"HEWH",2020-10-27,271,2021-11-02,642,1,0
393,"ENCA",2020-10-27,243,2021-11-02,614,1,0
394,"HEWH",2020-10-27,271,2021-11-02,642,1,0
398,"ENCA",2020-10-27,271,2021-11-02,642,0,0
400,"RHOV",2020-10-27,271,2021-11-02,642,1,0
401,"SANI",2020-10-27,255,2021-11-16,640,1,0
408,"HEWH",2020-11-05,278,2021-11-02,640,1,0
417,"RHOV",2020-11-05,280,2021-11-02,642,1,0
419,"ENCA",2020-11-05,278,2021-11-02,640,0,0
423,"SANI",2020-11-05,265,2021-11-02,627,0,0
425,"HEWH",2020-11-05,278,2021-11-02,640,0,0
442,"HEWH",2020-11-05,278,2021-11-02,640,1,0
464,"ENCA",2020-11-05,231,2021-11-02,593,1,0
481,"SANI",2020-11-05,265,2021-11-16,641,1,0
502,"SANI",2020-11-05,265,2021-11-16,641,0,0
504,"SAME",2020-11-05,259,2021-11-16,635,1,0
544,"HEWH",2020-11-05,280,2021-11-16,656,1,0
554,"HEWH",2020-11-05,278,2021-11-16,654,1,0
555,"ENCA",2020-11-05,278,2021-11-16,654,0,0
563,"HEWH",2020-11-05,274,2021-11-16,650,0,0
573,"ADFA",2020-11-05,272,2021-11-16,648,1,0
584,"SANI",2020-11-05,265,2021-11-16,641,0,0
587,"CEOL",2020-11-05,258,2021-11-16,634,1,0
624,"HEWH",2020-11-17,263,2021-11-16,627,0,0
629,"HEWH",2020-11-17,271,2021-11-16,635,0,0
670,"SAME",2020-11-17,271,2021-11-16,635,0,0
673,"ADFA",2020-11-17,263,2021-11-16,627,1,0
702,"SANI",2020-11-05,265,2021-11-16,641,0,0
719,"RHOV",2020-11-05,273,2021-11-16,649,1,0
729,"HEWH",2020-11-17,286,2021-11-16,650,1,0
731,"HEWH",2020-11-17,286,2021-11-16,650,0,0
736,"ENCA",2020-11-05,273,2021-11-16,649,1,0
743,"RHOV",2020-11-17,285,2021-11-16,649,0,0
763,"SANI",2020-11-17,277,2021-11-16,641,0,0
765,"ADFA",2020-11-17,287,2021-11-16,651,1,0
771,"RHOV",2020-11-17,285,2021-11-16,649,0,0
772,"SAAP",2020-11-17,270,2021-11-16,634,0,0
773,"RHOV",2020-11-17,285,2021-11-16,649,1,0
798,"SAME",2020-11-17,259,2021-11-16,623,1,0
817,"HEWH",2020-06-24,125,2021-11-16,635,0,0
821,"HEWH",2020-11-17,263,2021-11-16,627,0,0
860,"ENCA",2020-11-17,263,2021-11-16,627,0,0
862,"SAME",2020-11-17,271,2021-11-16,635,0,0
863,"ENCA",2020-11-17,263,2021-11-16,627,0,0
864,"HEWH",2020-11-17,263,2021-11-16,627,0,0
870,"HEWH",2020-11-17,263,2021-11-16,627,0,0
871,"HEWH",2020-11-17,263,2021-11-16,627,0,0
873,"ENCA",2020-11-17,276,2021-11-16,640,0,0
875,"SAME",2020-11-17,271,2021-11-16,635,0,0
881,"HEWH",2020-11-17,276,2021-11-16,640,0,0
883,"SAAP",2020-11-17,276,2021-11-16,640,0,0
886,"HEWH",2020-11-17,270,2021-11-16,634,0,0
906,"SAME",2020-11-05,252,2021-11-16,628,0,0
910,"ENCA",2020-11-17,263,2021-11-16,627,0,0
912,"ENCA",2020-11-17,284,2021-11-16,648,1,0
921,"ENCA",2020-11-17,263,2021-11-16,627,1,0
924,"RHOV",2020-11-17,284,2021-11-16,648,0,0
927,"RHOV",2020-11-17,284,2021-11-16,648,1,0
928,"MALA",2020-11-17,259,2021-11-16,623,1,0
935,"RHOV",2020-11-17,285,2021-11-16,649,1,0
971,"CEOL",2020-11-17,270,2021-11-16,634,1,0
984,"HEWH",2020-11-17,271,2021-11-16,635,1,0
997,"ENCA",2020-11-17,271,2021-11-16,635,0,0
1001,"CEOL",2020-10-27,250,2021-12-01,650,1,0
1009,"HEWH",2020-11-19,288,2021-12-01,665,0,0
1025,"HEWH",2020-11-19,275,2021-12-01,652,0,0
1040,"HEWH",2020-11-19,273,2021-12-01,650,0,0
1045,"ENCA",2020-11-19,287,2021-12-01,664,0,0
1054,"HEWH",2020-11-19,275,2021-12-01,652,0,0
1064,"ADFA",2020-11-19,286,2021-12-01,663,1,0
1068,"HEWH",2020-11-19,268,2021-12-01,645,0,0
1079,"SAAP",2020-11-19,266,2021-12-01,643,0,0
1082,"ENCA",2020-11-19,268,2021-12-01,645,0,0
1084,"ENCA",2020-11-19,268,2021-12-01,645,0,0
1089,"SANI",2020-11-19,275,2021-12-01,652,0,0
1093,"ENCA",2020-11-19,268,2021-12-01,645,1,0
1096,"HEWH",2020-11-19,268,2021-12-01,645,0,0
1116,"HEWH",2020-11-19,266,2021-12-01,643,0,0
1123,"HEWH",2020-11-19,288,2021-12-01,665,1,0
1139,"SAME",2020-11-19,266,2021-12-01,643,0,0
1140,"SAME",2020-11-19,266,2021-12-01,643,1,0
1141,"HEWH",2020-11-19,266,2021-12-01,643,0,0
1144,"HEWH",2020-11-19,266,2021-12-01,643,1,0
1149,"SANI",2020-11-19,266,2021-12-01,643,1,0
1153,"MALA",2020-11-19,266,2021-12-01,643,1,0
1167,"HEWH",2020-11-19,292,2021-12-01,669,0,0
1180,"MALA",2020-11-19,273,2021-12-01,650,0,0
1182,"HEWH",2020-11-19,292,2021-12-01,669,1,0
1192,"ENCA",2020-11-19,287,2021-12-01,664,1,0
1194,"ADFA",2020-11-19,286,2021-12-01,663,1,0
1195,"MALA",2020-11-19,261,2021-12-01,638,1,0
1198,"RHOV",2020-11-19,287,2021-12-01,664,0,0
1200,"ENCA",2020-11-19,292,2021-12-01,669,1,0
1223,"HEWH",2020-06-25,119,2021-12-01,643,0,0
1232,"HEWH",2020-11-19,292,2021-12-01,669,1,0
1241,"HEWH",2020-11-19,292,2021-12-01,669,0,0
1242,"SANI",2020-11-19,275,2021-12-01,652,0,0
1252,"HEWH",2020-11-17,259,2021-12-01,638,0,0
1256,"HEWH",2020-11-17,260,2021-12-01,639,0,0
1257,"RHOV",2020-11-17,271,2021-12-01,650,0,0
1279,"HEWH",2020-11-17,259,2021-12-01,638,0,0
1280,"SANI",2020-11-17,270,2021-12-01,649,0,0
1284,"HEWH",2020-11-17,259,2021-12-01,638,0,0
1286,"HEWH",2020-12-03,280,2021-12-01,643,0,0
1291,"SAME",2020-11-17,259,2021-12-01,638,0,0
1292,"ENCA",2020-11-17,259,2021-12-01,638,0,0
1293,"HEWH",2020-11-17,260,2021-12-01,639,0,0
1297,"HEWH",2020-11-17,259,2021-12-01,638,1,0
1301,"ADFA",2020-11-19,290,2021-12-01,667,1,0
1304,"ENCA",2020-11-19,287,2021-12-01,664,1,0
1307,"SAAP",2020-11-19,292,2021-12-01,669,0,0
1308,"ENCA",2020-11-19,266,2021-12-01,643,1,0
1317,"HEWH",2020-11-19,292,2021-12-01,669,0,0
1324,"SAME",2020-11-19,292,2021-12-01,669,0,0
1329,"HEWH",2020-11-19,292,2021-12-01,669,0,0
1330,"ENCA",2020-11-19,287,2021-12-01,664,1,0
1332,"ENCA",2020-11-19,287,2021-12-01,664,0,0
1333,"HEWH",2020-11-19,292,2021-12-01,669,0,0
1334,"HEWH",2020-11-19,292,2021-12-01,669,1,0
1346,"HEWH",2020-11-19,292,2021-12-01,669,0,0
1347,"ADFA",2020-11-19,287,2021-12-01,664,0,0
1354,"HEWH",2020-11-19,275,2021-12-01,652,0,0
1377,"SANI",2020-11-19,275,2021-12-01,652,0,0
1394,"ADFA",2020-11-19,272,2021-12-01,649,1,0
1398,"HEWH",2020-11-19,292,2021-12-01,669,0,0
1467,"ADFA",2020-10-27,236,2021-11-02,607,0,0
1475,"ADFA",2020-10-27,236,2021-11-02,607,0,0
1517,"SAME",2020-11-19,259,2021-12-01,636,1,0
1542,"SAME",2020-11-05,244,2021-11-16,620,0,0
1545,"SAME",2020-11-05,244,2021-11-02,606,0,0
1557,"SANI",2020-11-19,258,2021-12-01,635,0,0
1571,"SANI",2020-11-19,258,2021-12-01,635,0,0
1585,"SANI",2020-06-24,110,2021-11-16,620,0,0
1632,"ADFA",2020-10-27,223,2021-11-02,594,0,0
1635,"ADFA",2020-11-05,232,2021-11-02,594,0,0
1636,"ADFA",2020-10-27,223,2021-11-02,594,0,0
1649,"SAME",2020-11-19,237,2021-12-01,614,1,0
1653,"SAME",2020-11-17,235,2021-11-16,599,0,0
1658,"SANI",2020-11-17,235,2021-12-01,614,0,0
